-- MySQL dump 10.13  Distrib 8.0.45, for Linux (x86_64)
--
-- Host: localhost    Database: warehouse
-- ------------------------------------------------------
-- Server version	8.0.45-0ubuntu0.24.04.1

/*!40101 SET @OLD_CHARACTER_SET_CLIENT=@@CHARACTER_SET_CLIENT */;
/*!40101 SET @OLD_CHARACTER_SET_RESULTS=@@CHARACTER_SET_RESULTS */;
/*!40101 SET @OLD_COLLATION_CONNECTION=@@COLLATION_CONNECTION */;
/*!50503 SET NAMES utf8mb4 */;
/*!40103 SET @OLD_TIME_ZONE=@@TIME_ZONE */;
/*!40103 SET TIME_ZONE='+00:00' */;
/*!40014 SET @OLD_UNIQUE_CHECKS=@@UNIQUE_CHECKS, UNIQUE_CHECKS=0 */;
/*!40014 SET @OLD_FOREIGN_KEY_CHECKS=@@FOREIGN_KEY_CHECKS, FOREIGN_KEY_CHECKS=0 */;
/*!40101 SET @OLD_SQL_MODE=@@SQL_MODE, SQL_MODE='NO_AUTO_VALUE_ON_ZERO' */;
/*!40111 SET @OLD_SQL_NOTES=@@SQL_NOTES, SQL_NOTES=0 */;

--
-- Table structure for table `wh_account`
--

DROP TABLE IF EXISTS `wh_account`;
/*!40101 SET @saved_cs_client     = @@character_set_client */;
/*!50503 SET character_set_client = utf8mb4 */;
CREATE TABLE `wh_account` (
  `id` varchar(32) NOT NULL COMMENT '主键ID',
  `username` varchar(50) NOT NULL COMMENT '用户名',
  `display_name` varchar(255) NOT NULL COMMENT '显示名称',
  `role` varchar(20) NOT NULL DEFAULT 'salesperson' COMMENT '角色: admin/salesperson',
  `password_hash` varchar(64) NOT NULL COMMENT '密码hash',
  `gesture_hash` varchar(64) DEFAULT NULL COMMENT '手势密码hash',
  `status` varchar(10) NOT NULL DEFAULT 'active' COMMENT '状态: active/inactive',
  `created_at` datetime NOT NULL DEFAULT CURRENT_TIMESTAMP COMMENT '创建时间',
  `updated_at` datetime NOT NULL DEFAULT CURRENT_TIMESTAMP ON UPDATE CURRENT_TIMESTAMP COMMENT '更新时间',
  PRIMARY KEY (`id`),
  UNIQUE KEY `uk_username` (`username`),
  KEY `idx_status` (`status`)
) ENGINE=InnoDB DEFAULT CHARSET=utf8mb4 COLLATE=utf8mb4_0900_ai_ci COMMENT='账户表';
/*!40101 SET character_set_client = @saved_cs_client */;

--
-- Dumping data for table `wh_account`
--

LOCK TABLES `wh_account` WRITE;
/*!40000 ALTER TABLE `wh_account` DISABLE KEYS */;
INSERT INTO `wh_account` VALUES ('admin_root','admin','管理员','admin','7045830c','43be43aa','active','2026-04-03 19:17:34','2026-04-03 19:17:34'),('sp_big','bigcar','大车','salesperson','9995b6aa','b0fab432','active','2026-04-03 19:17:34','2026-04-03 19:17:34'),('sp_small','smallcar','小车','salesperson','9995b6aa','b0fab432','active','2026-04-03 19:17:34','2026-04-03 19:17:34'),('sp_third','thirdcar','三车','salesperson','9995b6aa','b0fab432','active','2026-04-03 19:17:34','2026-04-03 19:17:34');
/*!40000 ALTER TABLE `wh_account` ENABLE KEYS */;
UNLOCK TABLES;

--
-- Table structure for table `wh_commission_ledger`
--

DROP TABLE IF EXISTS `wh_commission_ledger`;
/*!40101 SET @saved_cs_client     = @@character_set_client */;
/*!50503 SET character_set_client = utf8mb4 */;
CREATE TABLE `wh_commission_ledger` (
  `id` varchar(32) NOT NULL COMMENT '主键ID',
  `biz_type` varchar(20) NOT NULL COMMENT '业务类型: sale/return/void_sale/void_return',
  `doc_id` varchar(32) NOT NULL COMMENT '单据ID',
  `salesperson_id` varchar(32) NOT NULL COMMENT '业务员账户ID',
  `store_id` varchar(32) DEFAULT NULL COMMENT '门店ID',
  `product_id` varchar(32) NOT NULL COMMENT '商品ID',
  `qty` int NOT NULL DEFAULT '0' COMMENT '袋数',
  `price` decimal(10,2) NOT NULL DEFAULT '0.00' COMMENT '单价',
  `amount` decimal(12,2) NOT NULL DEFAULT '0.00' COMMENT '金额',
  `commission_rate` decimal(6,4) NOT NULL DEFAULT '0.0600' COMMENT '提成比例',
  `commission_amount` decimal(12,2) NOT NULL DEFAULT '0.00' COMMENT '提成金额(可正可负)',
  `settlement_id` varchar(32) DEFAULT NULL COMMENT '结清批次ID',
  `settled_at` datetime DEFAULT NULL COMMENT '结清时间',
  `created_at` datetime NOT NULL DEFAULT CURRENT_TIMESTAMP COMMENT '创建时间',
  PRIMARY KEY (`id`),
  KEY `idx_doc_id` (`doc_id`),
  KEY `idx_salesperson_id` (`salesperson_id`),
  KEY `idx_store_id` (`store_id`),
  KEY `idx_product_id` (`product_id`),
  KEY `idx_settlement_id` (`settlement_id`),
  KEY `idx_created_at` (`created_at`)
) ENGINE=InnoDB DEFAULT CHARSET=utf8mb4 COLLATE=utf8mb4_0900_ai_ci COMMENT='提成流水表';
/*!40101 SET character_set_client = @saved_cs_client */;

--
-- Dumping data for table `wh_commission_ledger`
--

LOCK TABLES `wh_commission_ledger` WRITE;
/*!40000 ALTER TABLE `wh_commission_ledger` DISABLE KEYS */;
INSERT INTO `wh_commission_ledger` VALUES ('0021e47035444d938ffad9ba695d4bc7','sale','a1bb654dfbde4a8d8d693211b70d0ae4','sp_small','64f303a298fb41e58b6b875aeebf693b','900e1480a9c4482b830eed25bdd37a91',24,8.00,192.00,0.0600,11.52,NULL,NULL,'2026-04-13 14:15:13'),('0074efae6e194c13bae9dd314ac94b07','sale','71313dea9ea846f2adf3e82555e97667','sp_small','5a3767c69c1d4b1ebd0f0c06df6cb23b','53da4c7539644b60970085acba6781a5',6,7.50,45.00,0.0600,2.70,NULL,NULL,'2026-04-13 13:03:27'),('014a471d0d6e4efc92e61383351dbf77','sale','a1bb654dfbde4a8d8d693211b70d0ae4','sp_small','64f303a298fb41e58b6b875aeebf693b','132662dfb6f749089ab2be0d75a0e106',12,8.00,96.00,0.0600,5.76,NULL,NULL,'2026-04-13 14:15:13'),('0182ec4a090a4118a55b66efe8993285','return','01cd2e01a758489ea0ce0a896ac88870','sp_small','4ba2876d636c45fc9a3c5d47dd176e91','3030165e94604fd48375b5402474e9b3',3,4.00,12.00,0.0600,-0.72,NULL,NULL,'2026-04-16 16:18:40'),('01c3cfe3712f4f86ae4d888c0362390c','sale','373d726fa09a45b6b393a9caefb072cd','sp_small','bb385a5ac4e245799d15ded1cc2548f9','cd2dea827fcf4895a774acd8eac4d671',8,8.00,64.00,0.0600,3.84,NULL,NULL,'2026-04-16 10:49:12'),('031e27c6770b4393b7f3a4e6feb5ffc9','sale','97202826452a4bb5a086ccab7263cfb7','sp_small','bf5b4776550749d3a14aaf7e5f72cf63','93962c4a47664039919691eb044c3f2c',12,7.50,90.00,0.0600,5.40,NULL,NULL,'2026-04-16 17:36:09'),('036aa26502ec445c9a917e3f949e0cf8','sale','39474098ba0e46ac867c9fa3c3327a18','sp_small','d82fe95243104849baecea0700907a0e','57e9c215273641e3a67f2151c07ab337',1,4.50,4.50,0.0600,0.27,NULL,NULL,'2026-04-12 13:54:02'),('0432e74ed3cb4b3da7277ae6a59bce02','sale','fb876bb5291e41a09632bfb069dcfffd','sp_small','7f673c69c99b4637b139e7a0df5f42ef','b676da29b65e4f7d944794f731af9d18',1,8.00,8.00,0.0600,0.48,NULL,NULL,'2026-04-15 22:39:13'),('04ab17a0043f416c8a50e061d256c7ee','void_sale','ea200b85af514ecab2fb6f024c956084','sp_small','d463b4b16e644cb4a72e4fa84f624a90','871ef55e9c0a4d678b4da46520d9892a',12,4.00,48.00,0.0600,-2.88,NULL,NULL,'2026-04-13 15:52:20'),('04e74b880f9347428187d20a12743bae','sale','5172cc64a9244d86986ec686fcbc96bc','sp_small','bf601b29031e4096bc49d7c0ab37860b','b05cf5529def48719b9cfe7a57bb5b80',6,8.00,48.00,0.0600,2.88,NULL,NULL,'2026-04-14 17:18:56'),('057f5619b01a4f3e83991e11f63308d1','void_sale','38916faf2e4a4b60842ac53920e1bc92','sp_small','64f303a298fb41e58b6b875aeebf693b','705cd0f20402438588cc6469a8f0cc94',10,8.00,80.00,0.0600,-4.80,NULL,NULL,'2026-04-13 15:51:39'),('05b54339bfb843878aa566a4d8039b2c','sale','680efd3dd02a48759ea3d9d6bcd1e9d7','sp_small','bf601b29031e4096bc49d7c0ab37860b','575f9a3958f84526a45a94f154f672ed',15,7.50,112.50,0.0600,6.75,NULL,NULL,'2026-04-14 17:36:52'),('05e4497193f340e79b5240b25654b946','sale','f45ba8ab0a084027b633cffa873df09d','sp_small','7f673c69c99b4637b139e7a0df5f42ef','132662dfb6f749089ab2be0d75a0e106',2,8.00,16.00,0.0600,0.96,NULL,NULL,'2026-04-15 22:35:16'),('0666b2d7f1ee4dca80fdd565ea09e2ce','sale','3c0bc3cd0f64469a9195ca62d8890aea','sp_small','5451607fb03c437a826f26e9e0d6539a','900e1480a9c4482b830eed25bdd37a91',8,8.00,64.00,0.0600,3.84,NULL,NULL,'2026-04-16 15:17:39'),('068e031a5462460cbadbbd588748c126','void_sale','c91bd1dde02e49499357dfa7dd18c32e','sp_small','bb385a5ac4e245799d15ded1cc2548f9','e317a13efa21456db1113bb2aeb8e5f9',12,8.00,96.00,0.0600,-5.76,NULL,NULL,'2026-04-16 16:16:11'),('06be0d5247ab41af8e9740185926a937','sale','c91bd1dde02e49499357dfa7dd18c32e','sp_small','bb385a5ac4e245799d15ded1cc2548f9','aece7f5d92174de0b758d459810ffcb1',6,8.00,48.00,0.0600,2.88,NULL,NULL,'2026-04-16 16:15:46'),('06cce5bb88194c7e87bfa6a265044e91','void_sale','b9d0e6ba215e49c0abc0a387e3589156','sp_small','bf601b29031e4096bc49d7c0ab37860b','b05cf5529def48719b9cfe7a57bb5b80',6,8.00,48.00,0.0600,-2.88,NULL,NULL,'2026-04-14 17:36:06'),('06eeb6a484d14bb8b547c560ed4e6aa6','sale','5172cc64a9244d86986ec686fcbc96bc','sp_small','bf601b29031e4096bc49d7c0ab37860b','132662dfb6f749089ab2be0d75a0e106',12,8.00,96.00,0.0600,5.76,NULL,NULL,'2026-04-14 17:18:56'),('07033dcea7cd46ed8941aeed5fd4525b','void_sale','ff157037b4c44ca9abf4874d56eb4cbb','sp_small','bb385a5ac4e245799d15ded1cc2548f9','900e1480a9c4482b830eed25bdd37a91',8,8.00,64.00,0.0600,-3.84,NULL,NULL,'2026-04-16 16:15:25'),('070b1eef21c5410eb3339f39d6d89527','sale','d359462cb2774282b59ca17a559cdd69','sp_small','bf601b29031e4096bc49d7c0ab37860b','57e9c215273641e3a67f2151c07ab337',20,4.50,90.00,0.0600,5.40,NULL,NULL,'2026-04-14 21:33:16'),('0817837acbbe4d61b58e391c55be5f35','sale','f197fbf39c2c47288fcf8d1df2a02375','sp_small','5451607fb03c437a826f26e9e0d6539a','fe184c1459aa4f85b98e62d42b58f6bd',10,3.50,35.00,0.0600,2.10,NULL,NULL,'2026-04-16 15:06:25'),('0837acb2c797463bb982e85d1aa31e18','sale','5172cc64a9244d86986ec686fcbc96bc','sp_small','bf601b29031e4096bc49d7c0ab37860b','458bfa78512043db9bbe57871878e7fe',12,4.00,48.00,0.0600,2.88,NULL,NULL,'2026-04-14 17:18:56'),('08492140e44f4c97b8e027812bb2d7f9','sale','66fe82bc170b4a4184a4918787f749a4','sp_small','7f673c69c99b4637b139e7a0df5f42ef','900e1480a9c4482b830eed25bdd37a91',3,8.00,24.00,0.0600,1.44,NULL,NULL,'2026-04-15 22:35:26'),('0887bf8850a84a71a33ae64dad5f1b4f','void_sale','a4d46d70cb2042cfb0b566fb27f8710a','sp_small','5a3767c69c1d4b1ebd0f0c06df6cb23b','b676da29b65e4f7d944794f731af9d18',5,8.00,40.00,0.0600,-2.40,NULL,NULL,'2026-04-13 15:51:33'),('08fad10592024e66b7f8541aede88b00','void_sale','f5dcf172601e49b29e5c0dd4b49d98e9','sp_small','4294acdb95fa48338410aa7380a81d36','dedb3818f0204a198eea338c1a74b48c',10,0.00,0.00,0.0600,0.00,NULL,NULL,'2026-04-13 12:01:35'),('09aa6a8082e444bf87bcd08292432aeb','void_sale','b9d0e6ba215e49c0abc0a387e3589156','sp_small','bf601b29031e4096bc49d7c0ab37860b','b676da29b65e4f7d944794f731af9d18',10,8.00,80.00,0.0600,-4.80,NULL,NULL,'2026-04-14 17:36:06'),('09b1cf275e644c1199b0212d8cbe4dee','sale','a96c3603a42b44d2ab02b2fc88d95c50','sp_small','4ba2876d636c45fc9a3c5d47dd176e91','0752ebd7a81b40d883f1a82e531a5606',7,4.00,28.00,0.0600,1.68,NULL,NULL,'2026-04-16 16:18:23'),('09e8657697994f58888ae858ee075e01','void_sale','ff157037b4c44ca9abf4874d56eb4cbb','sp_small','bb385a5ac4e245799d15ded1cc2548f9','8c49f08a935a4e7d801f7baf224adfcb',12,8.00,96.00,0.0600,-5.76,NULL,NULL,'2026-04-16 16:15:25'),('0a73987b39fc49bc93d8022e0d55dc1c','void_sale','b9d0e6ba215e49c0abc0a387e3589156','sp_small','bf601b29031e4096bc49d7c0ab37860b','132662dfb6f749089ab2be0d75a0e106',12,8.00,96.00,0.0600,-5.76,NULL,NULL,'2026-04-14 17:36:06'),('0ab09d30e93d49cfb507259f10df7b1c','void_sale','ff157037b4c44ca9abf4874d56eb4cbb','sp_small','bb385a5ac4e245799d15ded1cc2548f9','aece7f5d92174de0b758d459810ffcb1',6,8.00,48.00,0.0600,-2.88,NULL,NULL,'2026-04-16 16:15:25'),('0b1a872e21fc419db287a80a2502690e','sale','1887cef0fbc74740bce136619ce3ea44','sp_small','ed5fc24832904fda8cdc5fda5c7d7536','78e9127977ce41bca94809e78f373a89',12,7.50,90.00,0.0600,5.40,NULL,NULL,'2026-04-13 10:31:09'),('0bb8715ec7ee46c88ab7d269c7477e81','void_sale','ac16bbd5552246399e2e494b7e051bb2','sp_small','bb385a5ac4e245799d15ded1cc2548f9','8c49f08a935a4e7d801f7baf224adfcb',12,8.00,96.00,0.0600,-5.76,NULL,NULL,'2026-04-16 11:13:42'),('0c7b9298b2d44cc8aaa0a8ed66f84074','sale','bfe67fe996914ee88d3ce9bd2db5474d','sp_small','d82fe95243104849baecea0700907a0e','8e3a6f2f07dd421bad58749618c41409',1,8.00,8.00,0.0600,0.48,NULL,NULL,'2026-04-12 13:54:01'),('0d08e4c429534879953d58bd1316192b','void_sale','ac16bbd5552246399e2e494b7e051bb2','sp_small','bb385a5ac4e245799d15ded1cc2548f9','705cd0f20402438588cc6469a8f0cc94',5,8.00,40.00,0.0600,-2.40,NULL,NULL,'2026-04-16 11:13:42'),('0d37ea4332234bcdbcd3fca30fd18c1b','sale','f1e44f88444c4410aa63275cbc35ea8e','sp_small','ed5fc24832904fda8cdc5fda5c7d7536','b676da29b65e4f7d944794f731af9d18',10,8.00,80.00,0.0600,4.80,NULL,NULL,'2026-04-13 10:29:51'),('0d6ed38ee1c94bc9a37bf0ed18df61cb','void_sale','a96c3603a42b44d2ab02b2fc88d95c50','sp_small','4ba2876d636c45fc9a3c5d47dd176e91','78e9127977ce41bca94809e78f373a89',6,7.50,45.00,0.0600,-2.70,NULL,NULL,'2026-04-16 16:23:03'),('0e2ee7b60f9c488aabff5cf71ba7495f','void_sale','af2d729b07c347fea0c23f2ff17a719e','sp_small','bb385a5ac4e245799d15ded1cc2548f9','78e9127977ce41bca94809e78f373a89',12,7.50,90.00,0.0600,-5.40,NULL,NULL,'2026-04-16 16:13:44'),('0ebf6751b298431580cba59c5bec6d80','void_sale','f5dcf172601e49b29e5c0dd4b49d98e9','sp_small','4294acdb95fa48338410aa7380a81d36','58edc8d15e5f4810a414c0941222b78a',8,7.50,60.00,0.0600,-3.60,NULL,NULL,'2026-04-13 12:01:35'),('0f3d2a7c7a5046d98591407cb8dac152','sale','5172cc64a9244d86986ec686fcbc96bc','sp_small','bf601b29031e4096bc49d7c0ab37860b','0f9dd6bec55447c7b9f393af59c3c286',10,8.00,80.00,0.0600,4.80,NULL,NULL,'2026-04-14 17:18:56'),('0f4f86e1b1504faab3b540805bbc9a8a','return','9870464e7e814dcf8f505e2492cb7343','sp_small','4ba2876d636c45fc9a3c5d47dd176e91','99e3f41e2a784934ad25a3c65a8c0f44',3,4.00,12.00,0.0600,-0.72,NULL,NULL,'2026-04-16 16:18:23'),('0f639051d82c47649567616a812b76d5','sale','5172cc64a9244d86986ec686fcbc96bc','sp_small','bf601b29031e4096bc49d7c0ab37860b','1ffb3e0518814cbb97388d8674aae90a',12,8.00,96.00,0.0600,5.76,NULL,NULL,'2026-04-14 17:18:56'),('0f71204b2d6d49c4bb32528a09920d3d','sale','bfe67fe996914ee88d3ce9bd2db5474d','sp_small','d82fe95243104849baecea0700907a0e','53da4c7539644b60970085acba6781a5',1,7.50,7.50,0.0600,0.45,NULL,NULL,'2026-04-12 13:54:01'),('1051e89a826f4e2a82703322e315c7de','sale','bfe67fe996914ee88d3ce9bd2db5474d','sp_small','d82fe95243104849baecea0700907a0e','1ffb3e0518814cbb97388d8674aae90a',1,8.00,8.00,0.0600,0.48,NULL,NULL,'2026-04-12 13:54:01'),('109b5e13b67d44b9ac38df907e13892e','void_sale','1887cef0fbc74740bce136619ce3ea44','sp_small','ed5fc24832904fda8cdc5fda5c7d7536','b05cf5529def48719b9cfe7a57bb5b80',6,8.00,48.00,0.0600,-2.88,NULL,NULL,'2026-04-13 12:01:47'),('10d6906c71e44a5dab6d999014f5f134','sale','c91bd1dde02e49499357dfa7dd18c32e','sp_small','bb385a5ac4e245799d15ded1cc2548f9','705cd0f20402438588cc6469a8f0cc94',5,8.00,40.00,0.0600,2.40,NULL,NULL,'2026-04-16 16:15:46'),('116c33f33c6443499e951cd880a87379','sale','f6a3ad80d5394950b65662b345da4d84','sp_small','4ba2876d636c45fc9a3c5d47dd176e91','b05cf5529def48719b9cfe7a57bb5b80',4,8.00,32.00,0.0600,1.92,NULL,NULL,'2026-04-16 16:18:40'),('1182591e0dd044c89c5e81812d1ce67c','return','fc2166f036614b13848bb3de0e99c79b','sp_big','st1','p1',1,45.00,45.00,0.0600,-2.70,NULL,NULL,'2026-04-06 12:53:28'),('11b53d28b53244fd83410910bb2719a1','void_sale','373d726fa09a45b6b393a9caefb072cd','sp_small','bb385a5ac4e245799d15ded1cc2548f9','900e1480a9c4482b830eed25bdd37a91',8,8.00,64.00,0.0600,-3.84,NULL,NULL,'2026-04-16 11:10:09'),('121d32c3edb44860adb2a41ab01d3277','sale','7211a360fc844bee8aecf97c4828655f','sp_small','7f673c69c99b4637b139e7a0df5f42ef','0752ebd7a81b40d883f1a82e531a5606',40,4.00,160.00,0.0600,9.60,NULL,NULL,'2026-04-15 21:25:14'),('12f0fcca9fbf4539bd390e428f1c121b','sale','71313dea9ea846f2adf3e82555e97667','sp_small','5a3767c69c1d4b1ebd0f0c06df6cb23b','78e9127977ce41bca94809e78f373a89',6,7.50,45.00,0.0600,2.70,NULL,NULL,'2026-04-13 13:03:27'),('13377140597c4dac991a7bfa8873f525','sale','ff157037b4c44ca9abf4874d56eb4cbb','sp_small','bb385a5ac4e245799d15ded1cc2548f9','8c49f08a935a4e7d801f7baf224adfcb',12,8.00,96.00,0.0600,5.76,NULL,NULL,'2026-04-16 16:14:27'),('135ebe60ac0d4c649b66e0ed6e50a396','sale','38916faf2e4a4b60842ac53920e1bc92','sp_small','64f303a298fb41e58b6b875aeebf693b','cfdf35790cbf4ce5babfc77dfad113c8',12,7.50,90.00,0.0600,5.40,NULL,NULL,'2026-04-13 14:13:28'),('1369327bc4534e02a6ef9510ef12402f','void_sale','a96c3603a42b44d2ab02b2fc88d95c50','sp_small','4ba2876d636c45fc9a3c5d47dd176e91','1ffb3e0518814cbb97388d8674aae90a',6,8.00,48.00,0.0600,-2.88,NULL,NULL,'2026-04-16 16:23:03'),('13c9c30991ed4f3eb36445994304b0da','void_sale','38916faf2e4a4b60842ac53920e1bc92','sp_small','64f303a298fb41e58b6b875aeebf693b','b676da29b65e4f7d944794f731af9d18',10,8.00,80.00,0.0600,-4.80,NULL,NULL,'2026-04-13 15:51:39'),('13e7b3bf64ac447f8dffab0396290869','sale','af8438cc60d748578510f82cc3f1788c','sp_small','bf601b29031e4096bc49d7c0ab37860b','b05cf5529def48719b9cfe7a57bb5b80',6,8.00,48.00,0.0600,2.88,NULL,NULL,'2026-04-14 23:20:40'),('147f7660983e485686ba1ba3059dd988','sale','af8438cc60d748578510f82cc3f1788c','sp_small','bf601b29031e4096bc49d7c0ab37860b','458bfa78512043db9bbe57871878e7fe',12,4.00,48.00,0.0600,2.88,NULL,NULL,'2026-04-14 23:20:40'),('14923853c83c4046a2199828e67ddf34','return','bd9cd092b0954ea9ac1b824429df7706','sp_small','7f673c69c99b4637b139e7a0df5f42ef','1bbd4938f0414180b6b53bea106a3ca0',2,7.50,15.00,0.0600,-0.90,NULL,NULL,'2026-04-15 22:35:16'),('14d6ed6ba2d241569bda3053a8ed5f0e','sale','f5dcf172601e49b29e5c0dd4b49d98e9','sp_small','4294acdb95fa48338410aa7380a81d36','900e1480a9c4482b830eed25bdd37a91',8,8.00,64.00,0.0600,3.84,NULL,NULL,'2026-04-13 11:37:58'),('1533ad13a31f4543b7f043ce1d07b1a3','return','5a41b9a552e64382a5006f06731282d4','sp_small','bb385a5ac4e245799d15ded1cc2548f9','d83e34b786f04a3cbe7917fb4bf0ff15',3,7.50,22.50,0.0600,-1.35,NULL,NULL,'2026-04-16 16:14:27'),('157002e4a49949d0894c0e74b852b1e5','sale','18ec64d3edef4219aabb0f5b4a987949','sp_big','st18','p1',12,45.00,540.00,0.0600,32.40,'15d1e91694224f0a853023dde1ce3c57','2026-04-03 11:45:51','2026-04-03 19:45:27'),('15f4c6167fce470197a71877544dda71','sale','bb3306d40d824ba5afb98a5ee54b77f3','sp_small','d82fe95243104849baecea0700907a0e','458bfa78512043db9bbe57871878e7fe',1,4.00,4.00,0.0600,0.24,NULL,NULL,'2026-04-12 13:54:01'),('162be520edd84b12869173946b59c35a','sale','38916faf2e4a4b60842ac53920e1bc92','sp_small','64f303a298fb41e58b6b875aeebf693b','0752ebd7a81b40d883f1a82e531a5606',20,4.00,80.00,0.0600,4.80,NULL,NULL,'2026-04-13 14:13:28'),('16745046b79e4b978b9c052dfcb012c0','void_sale','822ffd09bde64e73b7860e6733b8319b','sp_small','bb385a5ac4e245799d15ded1cc2548f9','58edc8d15e5f4810a414c0941222b78a',8,7.50,60.00,0.0600,-3.60,NULL,NULL,'2026-04-16 11:12:25'),('167b82cfedb642f09d21fb93e44ea00b','sale','bb3306d40d824ba5afb98a5ee54b77f3','sp_small','d82fe95243104849baecea0700907a0e','53da4c7539644b60970085acba6781a5',1,7.50,7.50,0.0600,0.45,NULL,NULL,'2026-04-12 13:54:01'),('16d1c4dcf862499d9cb2c3c5cefc138f','sale','b9d0e6ba215e49c0abc0a387e3589156','sp_small','bf601b29031e4096bc49d7c0ab37860b','575f9a3958f84526a45a94f154f672ed',15,7.50,112.50,0.0600,6.75,NULL,NULL,'2026-04-14 17:21:44'),('16f7decac1d54e4982668626dcbb38cf','void_sale','b9d0e6ba215e49c0abc0a387e3589156','sp_small','bf601b29031e4096bc49d7c0ab37860b','243e994795ca489cb8aec60cf2bc1d97',10,8.00,80.00,0.0600,-4.80,NULL,NULL,'2026-04-14 17:36:06'),('170c3f8486db4cbf8d51182972c6e500','sale','39474098ba0e46ac867c9fa3c3327a18','sp_small','d82fe95243104849baecea0700907a0e','988f4f00e2384732845f18f22615b743',1,7.50,7.50,0.0600,0.45,NULL,NULL,'2026-04-12 13:54:02'),('174f88d00ff34106a6589b4b4b72a4e1','sale','97202826452a4bb5a086ccab7263cfb7','sp_small','bf5b4776550749d3a14aaf7e5f72cf63','cd2dea827fcf4895a774acd8eac4d671',8,8.00,64.00,0.0600,3.84,NULL,NULL,'2026-04-16 17:36:09'),('17e0e90bca3d46788b70f85c4ad34027','sale','43a07209cb784de6b361005bad69857f','sp_small','513af953bccb4540bdc3f7e7d9ea7aba','78e9127977ce41bca94809e78f373a89',12,7.50,90.00,0.0600,5.40,NULL,NULL,'2026-04-13 16:26:49'),('17e790dda3f343c28886a5b6c31f0a8f','sale','f197fbf39c2c47288fcf8d1df2a02375','sp_small','5451607fb03c437a826f26e9e0d6539a','cd2dea827fcf4895a774acd8eac4d671',8,8.00,64.00,0.0600,3.84,NULL,NULL,'2026-04-16 15:06:25'),('17efe49b3f624fc193aa68d8757f2d9c','sale','b9d0e6ba215e49c0abc0a387e3589156','sp_small','bf601b29031e4096bc49d7c0ab37860b','243e994795ca489cb8aec60cf2bc1d97',10,8.00,80.00,0.0600,4.80,NULL,NULL,'2026-04-14 17:21:44'),('182738ea0de14112b7dc365736a9c34d','void_sale','38916faf2e4a4b60842ac53920e1bc92','sp_small','64f303a298fb41e58b6b875aeebf693b','cd2dea827fcf4895a774acd8eac4d671',8,8.00,64.00,0.0600,-3.84,NULL,NULL,'2026-04-13 15:51:39'),('18ce479f69824f578547bca62bc6bb43','void_sale','ac16bbd5552246399e2e494b7e051bb2','sp_small','bb385a5ac4e245799d15ded1cc2548f9','78e9127977ce41bca94809e78f373a89',12,7.50,90.00,0.0600,-5.40,NULL,NULL,'2026-04-16 11:13:42'),('18f1a1e2167b41e29185868947943f6e','sale','bfe67fe996914ee88d3ce9bd2db5474d','sp_small','d82fe95243104849baecea0700907a0e','1bbd4938f0414180b6b53bea106a3ca0',1,7.50,7.50,0.0600,0.45,NULL,NULL,'2026-04-12 13:54:01'),('190ba06b863c43589f2f6431a90a293f','sale','bb3306d40d824ba5afb98a5ee54b77f3','sp_small','d82fe95243104849baecea0700907a0e','575f9a3958f84526a45a94f154f672ed',1,7.50,7.50,0.0600,0.45,NULL,NULL,'2026-04-12 13:54:01'),('194af9e963d642c09a3f842edd97bc46','sale','6de5a32e52804025af12273b719000ff','sp_small','b4650eed52c340cab737c545f06185f0','8c49f08a935a4e7d801f7baf224adfcb',12,8.00,96.00,0.0600,5.76,NULL,NULL,'2026-04-16 13:41:08'),('1a4e942bb6a84cc3be63b86530a207af','sale','f197fbf39c2c47288fcf8d1df2a02375','sp_small','5451607fb03c437a826f26e9e0d6539a','b676da29b65e4f7d944794f731af9d18',20,8.00,160.00,0.0600,9.60,NULL,NULL,'2026-04-16 15:06:25'),('1aaf37a403e04f2e941e7c90a7f7a5d9','sale','680efd3dd02a48759ea3d9d6bcd1e9d7','sp_small','bf601b29031e4096bc49d7c0ab37860b','cd2dea827fcf4895a774acd8eac4d671',8,8.00,64.00,0.0600,3.84,NULL,NULL,'2026-04-14 17:36:52'),('1ac618021c8a481a8a8087f77404aa41','sale','b9d0e6ba215e49c0abc0a387e3589156','sp_small','bf601b29031e4096bc49d7c0ab37860b','132662dfb6f749089ab2be0d75a0e106',12,8.00,96.00,0.0600,5.76,NULL,NULL,'2026-04-14 17:21:44'),('1af03fbb4ee24141a0367c3bb665918f','sale','f1e44f88444c4410aa63275cbc35ea8e','sp_small','ed5fc24832904fda8cdc5fda5c7d7536','132662dfb6f749089ab2be0d75a0e106',6,8.00,48.00,0.0600,2.88,NULL,NULL,'2026-04-13 10:29:51'),('1b0e62bdce2846b5ae1f3a036fefd528','sale','7899271f4c5f4ecd87341809c7c27887','sp_small','d82fe95243104849baecea0700907a0e','8ae1231378cc4717987a6bb6b20dd383',30,3.50,105.00,0.0600,6.30,NULL,NULL,'2026-04-12 11:38:14'),('1b6ea78d4b0e4a088fccc4a8c4b273bd','void_sale','a4d46d70cb2042cfb0b566fb27f8710a','sp_small','5a3767c69c1d4b1ebd0f0c06df6cb23b','cfdf35790cbf4ce5babfc77dfad113c8',6,7.50,45.00,0.0600,-2.70,NULL,NULL,'2026-04-13 15:51:33'),('1b86d1889be34080897935996001bf05','sale','bfe67fe996914ee88d3ce9bd2db5474d','sp_small','d82fe95243104849baecea0700907a0e','c4876524e53f4418be0837a94642d81f',1,7.50,7.50,0.0600,0.45,NULL,NULL,'2026-04-12 13:54:01'),('1c496f2676214519ba072ff62d177d73','sale','af2d729b07c347fea0c23f2ff17a719e','sp_small','bb385a5ac4e245799d15ded1cc2548f9','78e9127977ce41bca94809e78f373a89',12,7.50,90.00,0.0600,5.40,NULL,NULL,'2026-04-16 11:14:35'),('1cdcbb0307cc41a0a1f1182bb8ea17fd','sale','680efd3dd02a48759ea3d9d6bcd1e9d7','sp_small','bf601b29031e4096bc49d7c0ab37860b','58edc8d15e5f4810a414c0941222b78a',8,7.50,60.00,0.0600,3.60,NULL,NULL,'2026-04-14 17:36:52'),('1d06494377ed4c29a6dc09cde8855123','void_sale','b9d0e6ba215e49c0abc0a387e3589156','sp_small','bf601b29031e4096bc49d7c0ab37860b','4b677dc8979a425293b41c77bbe14fa8',12,8.00,96.00,0.0600,-5.76,NULL,NULL,'2026-04-14 17:36:06'),('1d2099978ec044b9860700f5cf4a379f','sale','2b4f22f65a3d4cc791a4a3e4a70f3f55','sp_big','st10','p10',1,37.00,37.00,0.0600,2.22,NULL,NULL,'2026-04-09 17:54:36'),('1db5d4863a8e447a940df44d577d59cc','sale','1360b23186044a7cb28fd9bf67831e28','sp_big','st1','p10',1,37.00,37.00,0.0600,2.22,NULL,NULL,'2026-04-06 12:26:33'),('1e391643fbfb4446955d2ed5dea932c6','return','fd1cdc5a41614e8aa6a398ed281d765d','sp_small','7f673c69c99b4637b139e7a0df5f42ef','575f9a3958f84526a45a94f154f672ed',8,7.50,60.00,0.0600,-3.60,NULL,NULL,'2026-04-15 21:25:14'),('1ee71b29a96c47ca8f6734aa1d0e2912','void_sale','ac16bbd5552246399e2e494b7e051bb2','sp_small','bb385a5ac4e245799d15ded1cc2548f9','aece7f5d92174de0b758d459810ffcb1',6,8.00,48.00,0.0600,-2.88,NULL,NULL,'2026-04-16 11:13:42'),('1f45403b43734aef90cb18c656e751a2','void_sale','a96c3603a42b44d2ab02b2fc88d95c50','sp_small','4ba2876d636c45fc9a3c5d47dd176e91','dedb3818f0204a198eea338c1a74b48c',4,8.00,32.00,0.0600,-1.92,NULL,NULL,'2026-04-16 16:23:03'),('203cab1104c54dc2bf0acca138cfd73d','sale','0ce6f29b4ea147f1a7bcf0cc79314c45','sp_small','7f673c69c99b4637b139e7a0df5f42ef','900e1480a9c4482b830eed25bdd37a91',2,8.00,16.00,0.0600,0.96,NULL,NULL,'2026-04-15 22:40:38'),('20509faa784543fab4cd1a2d321ee818','sale','c91bd1dde02e49499357dfa7dd18c32e','sp_small','bb385a5ac4e245799d15ded1cc2548f9','78e9127977ce41bca94809e78f373a89',12,7.50,90.00,0.0600,5.40,NULL,NULL,'2026-04-16 16:15:46'),('20f384f2a7a5452fa1be2f126027665e','sale','8750d5bbb4e34be4bd997566dfc732ca','sp_small','6b4ca0a14bcc4aaaa4c312efa752e095','b676da29b65e4f7d944794f731af9d18',6,8.00,48.00,0.0600,2.88,NULL,NULL,'2026-04-16 08:52:10'),('20fdf515c786444ba8d673f44215c764','return','fd1cdc5a41614e8aa6a398ed281d765d','sp_small','7f673c69c99b4637b139e7a0df5f42ef','58edc8d15e5f4810a414c0941222b78a',3,7.50,22.50,0.0600,-1.35,NULL,NULL,'2026-04-15 21:25:14'),('212db002c02942a1b27ad3232d30f14a','sale','ff157037b4c44ca9abf4874d56eb4cbb','sp_small','bb385a5ac4e245799d15ded1cc2548f9','e317a13efa21456db1113bb2aeb8e5f9',12,8.00,96.00,0.0600,5.76,NULL,NULL,'2026-04-16 16:14:27'),('215867a4a3c54996a2f56393b910d98e','sale','b9d0e6ba215e49c0abc0a387e3589156','sp_small','bf601b29031e4096bc49d7c0ab37860b','cd2dea827fcf4895a774acd8eac4d671',8,8.00,64.00,0.0600,3.84,NULL,NULL,'2026-04-14 17:21:44'),('218cb33f31cb492485f897286a29c0d3','void_sale','a4d46d70cb2042cfb0b566fb27f8710a','sp_small','5a3767c69c1d4b1ebd0f0c06df6cb23b','871ef55e9c0a4d678b4da46520d9892a',12,4.00,48.00,0.0600,-2.88,NULL,NULL,'2026-04-13 15:51:33'),('2236d4ed92894d19bdf12e8d5c8e6355','return','fca7660042ad45e5923db4f66d888817','sp_small','b4650eed52c340cab737c545f06185f0','575f9a3958f84526a45a94f154f672ed',4,7.50,30.00,0.0600,-1.80,NULL,NULL,'2026-04-16 13:41:08'),('223939b674cc4548942cb6894ca4ac52','sale','a96c3603a42b44d2ab02b2fc88d95c50','sp_small','4ba2876d636c45fc9a3c5d47dd176e91','b05cf5529def48719b9cfe7a57bb5b80',4,8.00,32.00,0.0600,1.92,NULL,NULL,'2026-04-16 16:18:23'),('22499053af5d4af3a9332a85c2725128','void_sale','b9d0e6ba215e49c0abc0a387e3589156','sp_small','bf601b29031e4096bc49d7c0ab37860b','0752ebd7a81b40d883f1a82e531a5606',20,4.00,80.00,0.0600,-4.80,NULL,NULL,'2026-04-14 17:36:06'),('225abbfb07054912b363b58c79886f49','void_sale','373d726fa09a45b6b393a9caefb072cd','sp_small','bb385a5ac4e245799d15ded1cc2548f9','78e9127977ce41bca94809e78f373a89',12,7.50,90.00,0.0600,-5.40,NULL,NULL,'2026-04-16 11:10:09'),('22b703a0eae448d59ce38e57bab3a451','void_sale','af2d729b07c347fea0c23f2ff17a719e','sp_small','bb385a5ac4e245799d15ded1cc2548f9','8c49f08a935a4e7d801f7baf224adfcb',12,8.00,96.00,0.0600,-5.76,NULL,NULL,'2026-04-16 16:13:44'),('232b418ea4fe416088f9f87014a489d4','sale','94872b34ba1549819cdec945396ce5f2','sp_small','bf601b29031e4096bc49d7c0ab37860b','3030165e94604fd48375b5402474e9b3',10,4.00,40.00,0.0600,2.40,NULL,NULL,'2026-04-13 18:03:38'),('233f48107f0445babf41718221c40ad5','void_sale','c91bd1dde02e49499357dfa7dd18c32e','sp_small','bb385a5ac4e245799d15ded1cc2548f9','78e9127977ce41bca94809e78f373a89',12,7.50,90.00,0.0600,-5.40,NULL,NULL,'2026-04-16 16:16:11'),('24470cf64cad4728b0313aabda50378b','sale','680efd3dd02a48759ea3d9d6bcd1e9d7','sp_small','bf601b29031e4096bc49d7c0ab37860b','458bfa78512043db9bbe57871878e7fe',12,4.00,48.00,0.0600,2.88,NULL,NULL,'2026-04-14 17:36:52'),('24b33d67c04a42168ad10279de64b0f7','sale','f5dcf172601e49b29e5c0dd4b49d98e9','sp_small','4294acdb95fa48338410aa7380a81d36','58edc8d15e5f4810a414c0941222b78a',8,7.50,60.00,0.0600,3.60,NULL,NULL,'2026-04-13 11:37:58'),('24b7ca1a7db44907b9b5cfec4bd97bc5','sale','37bab6191ae9406786003d457e5a334b','sp_small','7c0d695b47ba4e1c9ed42bdd6317ebfa','243e994795ca489cb8aec60cf2bc1d97',10,8.00,80.00,0.0600,4.80,NULL,NULL,'2026-04-13 15:15:08'),('2505d57d9d9a4226a916063026501128','void_sale','a96c3603a42b44d2ab02b2fc88d95c50','sp_small','4ba2876d636c45fc9a3c5d47dd176e91','0752ebd7a81b40d883f1a82e531a5606',7,4.00,28.00,0.0600,-1.68,NULL,NULL,'2026-04-16 16:23:03'),('256a2c5dc288425cac19a4e015c889bf','sale','3c0bc3cd0f64469a9195ca62d8890aea','sp_small','5451607fb03c437a826f26e9e0d6539a','cfdf35790cbf4ce5babfc77dfad113c8',12,7.50,90.00,0.0600,5.40,NULL,NULL,'2026-04-16 15:17:39'),('264e893dfe374809bb8b4a793bb943ad','sale','97202826452a4bb5a086ccab7263cfb7','sp_small','bf5b4776550749d3a14aaf7e5f72cf63','b676da29b65e4f7d944794f731af9d18',10,8.00,80.00,0.0600,4.80,NULL,NULL,'2026-04-16 17:36:09'),('267e23a009c04332ae0c0e60b3f08414','sale','373d726fa09a45b6b393a9caefb072cd','sp_small','bb385a5ac4e245799d15ded1cc2548f9','aece7f5d92174de0b758d459810ffcb1',6,8.00,48.00,0.0600,2.88,NULL,NULL,'2026-04-16 10:49:12'),('26ebfd702b7648609260851e5d29e2c8','return','71f9dabf0e0e4aeeb9cf980722e5d4a7','sp_small','bf601b29031e4096bc49d7c0ab37860b','991d1b867e3d4c92b5723a55cb902475',10,3.50,35.00,0.0600,-2.10,NULL,NULL,'2026-04-14 17:18:56'),('270eb07e402f42e4bfae3939ce2d412f','sale','97202826452a4bb5a086ccab7263cfb7','sp_small','bf5b4776550749d3a14aaf7e5f72cf63','cfdf35790cbf4ce5babfc77dfad113c8',12,7.50,90.00,0.0600,5.40,NULL,NULL,'2026-04-16 17:36:09'),('2730056f0d3e4dc89d4a7cf589c87ffd','sale','e6a70c723c994638b4278fe2ca7a739d','sp_small','5a3767c69c1d4b1ebd0f0c06df6cb23b','705cd0f20402438588cc6469a8f0cc94',2,8.00,16.00,0.0600,0.96,NULL,NULL,'2026-04-14 14:06:23'),('2738a62dee224da6a83dbae21fe5c08f','sale','f5dcf172601e49b29e5c0dd4b49d98e9','sp_small','4294acdb95fa48338410aa7380a81d36','bdd99bce7785474a9e6b56ffc6a5903e',6,7.50,45.00,0.0600,2.70,NULL,NULL,'2026-04-13 11:37:58'),('2774548a390b46bd8906dbf893b588ae','sale','af2d729b07c347fea0c23f2ff17a719e','sp_small','bb385a5ac4e245799d15ded1cc2548f9','84f5a14353be44aab5d762bd086a9a2b',12,8.00,96.00,0.0600,5.76,NULL,NULL,'2026-04-16 11:14:35'),('27bc795c8273415ea6370d0377a39c72','sale','39474098ba0e46ac867c9fa3c3327a18','sp_small','d82fe95243104849baecea0700907a0e','458bfa78512043db9bbe57871878e7fe',1,4.00,4.00,0.0600,0.24,NULL,NULL,'2026-04-12 13:54:02'),('27cb4c4d93604cc895c631fbc02e6505','sale','acaa301833424d0f8b32c7595dd20b06','sp_small','7671e0aa0e5c4cacb7b08cdf10654353','84f5a14353be44aab5d762bd086a9a2b',6,8.00,48.00,0.0600,2.88,NULL,NULL,'2026-04-13 17:04:31'),('28c6b531fa70497aa455ff68a20db6fe','sale','3c0bc3cd0f64469a9195ca62d8890aea','sp_small','5451607fb03c437a826f26e9e0d6539a','991d1b867e3d4c92b5723a55cb902475',10,3.50,35.00,0.0600,2.10,NULL,NULL,'2026-04-16 15:17:39'),('28ce001fc8fc4e6ca6dbb265b7dfbb9a','sale','e9fad5b69e824f8a95901acb52549530','sp_small','bb385a5ac4e245799d15ded1cc2548f9','58edc8d15e5f4810a414c0941222b78a',8,7.50,60.00,0.0600,3.60,NULL,NULL,'2026-04-16 16:16:27'),('28d0ea2f30d44de2b1adf1da069ab2f2','void_sale','af2d729b07c347fea0c23f2ff17a719e','sp_small','bb385a5ac4e245799d15ded1cc2548f9','58edc8d15e5f4810a414c0941222b78a',8,7.50,60.00,0.0600,-3.60,NULL,NULL,'2026-04-16 16:13:44'),('2902836ebd8d47f8a8905d6397379c76','sale','38916faf2e4a4b60842ac53920e1bc92','sp_small','64f303a298fb41e58b6b875aeebf693b','900e1480a9c4482b830eed25bdd37a91',24,8.00,192.00,0.0600,11.52,NULL,NULL,'2026-04-13 14:13:28'),('29ab0cdecd8747e1aa1d66936115adea','sale','71313dea9ea846f2adf3e82555e97667','sp_small','5a3767c69c1d4b1ebd0f0c06df6cb23b','0f9dd6bec55447c7b9f393af59c3c286',5,8.00,40.00,0.0600,2.40,NULL,NULL,'2026-04-13 13:03:27'),('2a232d3e74604859b161820760fae8a5','sale','373d726fa09a45b6b393a9caefb072cd','sp_small','bb385a5ac4e245799d15ded1cc2548f9','84f5a14353be44aab5d762bd086a9a2b',12,8.00,96.00,0.0600,5.76,NULL,NULL,'2026-04-16 10:49:12'),('2a2d3e48472e418f8012f6e55cd6f6c9','sale','680efd3dd02a48759ea3d9d6bcd1e9d7','sp_small','bf601b29031e4096bc49d7c0ab37860b','705cd0f20402438588cc6469a8f0cc94',10,8.00,80.00,0.0600,4.80,NULL,NULL,'2026-04-14 17:36:52'),('2ac048816e684cae999bd4dc3b712000','void_sale','b9d0e6ba215e49c0abc0a387e3589156','sp_small','bf601b29031e4096bc49d7c0ab37860b','0f9dd6bec55447c7b9f393af59c3c286',10,8.00,80.00,0.0600,-4.80,NULL,NULL,'2026-04-14 17:36:06'),('2acfa917e7934f83beb8409f428836f0','sale','a1bb654dfbde4a8d8d693211b70d0ae4','sp_small','64f303a298fb41e58b6b875aeebf693b','243e994795ca489cb8aec60cf2bc1d97',10,8.00,80.00,0.0600,4.80,NULL,NULL,'2026-04-13 14:15:13'),('2ae144e7c9f943ef9861c1edd0201051','void_sale','1887cef0fbc74740bce136619ce3ea44','sp_small','ed5fc24832904fda8cdc5fda5c7d7536','78e9127977ce41bca94809e78f373a89',12,7.50,90.00,0.0600,-5.40,NULL,NULL,'2026-04-13 12:01:47'),('2afe816273584c67ae69b46d9dc92b5b','sale','e9fad5b69e824f8a95901acb52549530','sp_small','bb385a5ac4e245799d15ded1cc2548f9','bdd99bce7785474a9e6b56ffc6a5903e',12,7.50,90.00,0.0600,5.40,NULL,NULL,'2026-04-16 16:16:27'),('2b1188c585f44e028a23a864b6c55097','sale','a1bb654dfbde4a8d8d693211b70d0ae4','sp_small','64f303a298fb41e58b6b875aeebf693b','78e9127977ce41bca94809e78f373a89',12,7.50,90.00,0.0600,5.40,NULL,NULL,'2026-04-13 14:15:14'),('2c00f3727c1547fbbbb35ad804cc3566','return','13257ffc439a406bb8c658847d9d3fd4','sp_small','bb385a5ac4e245799d15ded1cc2548f9','d83e34b786f04a3cbe7917fb4bf0ff15',3,7.50,22.50,0.0600,-1.35,NULL,NULL,'2026-04-16 16:16:27'),('2c18779d81b64e1faffb0b812cee277a','void_sale','f5dcf172601e49b29e5c0dd4b49d98e9','sp_small','4294acdb95fa48338410aa7380a81d36','0f9dd6bec55447c7b9f393af59c3c286',10,8.00,80.00,0.0600,-4.80,NULL,NULL,'2026-04-13 12:01:35'),('2c6a5bcf3fe54eab80d644025177400c','void_sale','a4d46d70cb2042cfb0b566fb27f8710a','sp_small','5a3767c69c1d4b1ebd0f0c06df6cb23b','b05cf5529def48719b9cfe7a57bb5b80',4,8.00,32.00,0.0600,-1.92,NULL,NULL,'2026-04-13 15:51:33'),('2cc226eecb6640d191a06699e0bc195e','sale','680efd3dd02a48759ea3d9d6bcd1e9d7','sp_small','bf601b29031e4096bc49d7c0ab37860b','1ffb3e0518814cbb97388d8674aae90a',12,8.00,96.00,0.0600,5.76,NULL,NULL,'2026-04-14 17:36:52'),('2cd4f0cc5e304ece8faf4a8a68895a77','sale','b9d0e6ba215e49c0abc0a387e3589156','sp_small','bf601b29031e4096bc49d7c0ab37860b','b05cf5529def48719b9cfe7a57bb5b80',6,8.00,48.00,0.0600,2.88,NULL,NULL,'2026-04-14 17:21:44'),('2d64de4c41ae44e3b4c1f70bb1cba66b','sale','d53080e2d1844ca9a9940dd21148c5ea','sp_small','7f673c69c99b4637b139e7a0df5f42ef','900e1480a9c4482b830eed25bdd37a91',1,8.00,8.00,0.0600,0.48,NULL,NULL,'2026-04-15 21:26:28'),('2d871a7dae784d16a40a286ace87eb77','void_sale','f5dcf172601e49b29e5c0dd4b49d98e9','sp_small','4294acdb95fa48338410aa7380a81d36','cfdf35790cbf4ce5babfc77dfad113c8',12,7.50,90.00,0.0600,-5.40,NULL,NULL,'2026-04-13 12:01:35'),('2de8553c005344ad8af6156058bef84b','sale','8750d5bbb4e34be4bd997566dfc732ca','sp_small','6b4ca0a14bcc4aaaa4c312efa752e095','8c49f08a935a4e7d801f7baf224adfcb',6,8.00,48.00,0.0600,2.88,NULL,NULL,'2026-04-16 08:52:10'),('2e2139c56dda4db28e761781e070b328','sale','b9d0e6ba215e49c0abc0a387e3589156','sp_small','bf601b29031e4096bc49d7c0ab37860b','458bfa78512043db9bbe57871878e7fe',12,4.00,48.00,0.0600,2.88,NULL,NULL,'2026-04-14 17:21:44'),('2e7257dfcb8640958837cd48cd55b9a0','sale','a4d46d70cb2042cfb0b566fb27f8710a','sp_small','5a3767c69c1d4b1ebd0f0c06df6cb23b','0f9dd6bec55447c7b9f393af59c3c286',5,8.00,40.00,0.0600,2.40,NULL,NULL,'2026-04-13 13:02:42'),('2fa670677ec044f88b8aa04c9de1f0de','void_sale','f197fbf39c2c47288fcf8d1df2a02375','sp_small','5451607fb03c437a826f26e9e0d6539a','cfdf35790cbf4ce5babfc77dfad113c8',12,7.50,90.00,0.0600,-5.40,NULL,NULL,'2026-04-16 15:09:59'),('3098cdf8061b447db3ead4d330c5f16c','sale','0070a39826b749b5a29a5197b53041eb','sp_small','4294acdb95fa48338410aa7380a81d36','78e9127977ce41bca94809e78f373a89',12,7.50,90.00,0.0600,5.40,NULL,NULL,'2026-04-13 11:43:39'),('30bc339ea51c473aba056a0aba27639c','void_sale','c91bd1dde02e49499357dfa7dd18c32e','sp_small','bb385a5ac4e245799d15ded1cc2548f9','cd2dea827fcf4895a774acd8eac4d671',8,8.00,64.00,0.0600,-3.84,NULL,NULL,'2026-04-16 16:16:11'),('31135f4003a74acf9af006a6c85096c6','void_sale','ff157037b4c44ca9abf4874d56eb4cbb','sp_small','bb385a5ac4e245799d15ded1cc2548f9','cfdf35790cbf4ce5babfc77dfad113c8',12,7.50,90.00,0.0600,-5.40,NULL,NULL,'2026-04-16 16:15:25'),('314b0586cf304015aaa258b95cba629e','void_sale','af2d729b07c347fea0c23f2ff17a719e','sp_small','bb385a5ac4e245799d15ded1cc2548f9','aece7f5d92174de0b758d459810ffcb1',6,8.00,48.00,0.0600,-2.88,NULL,NULL,'2026-04-16 16:13:44'),('31622799f0f94968af19458b7c058b85','sale','1887cef0fbc74740bce136619ce3ea44','sp_small','ed5fc24832904fda8cdc5fda5c7d7536','b05cf5529def48719b9cfe7a57bb5b80',6,8.00,48.00,0.0600,2.88,NULL,NULL,'2026-04-13 10:31:09'),('32ddd67e87de4685ab78e4c7c87b3b25','sale','0070a39826b749b5a29a5197b53041eb','sp_small','4294acdb95fa48338410aa7380a81d36','58edc8d15e5f4810a414c0941222b78a',8,7.50,60.00,0.0600,3.60,NULL,NULL,'2026-04-13 11:43:39'),('3317691a41864ab783c7fc527cebb40c','sale','af2d729b07c347fea0c23f2ff17a719e','sp_small','bb385a5ac4e245799d15ded1cc2548f9','705cd0f20402438588cc6469a8f0cc94',5,8.00,40.00,0.0600,2.40,NULL,NULL,'2026-04-16 11:14:35'),('333a6c6a99494d80bb0d7a16de2dddc4','return','c4e8c752b3a84365a7483c5034466da2','sp_big','94837a015ca248a7933cfdb10a77c940','3030165e94604fd48375b5402474e9b3',1,4.00,4.00,0.0600,-0.24,NULL,NULL,'2026-04-16 21:54:38'),('33555afe51e348a9afcfa93f7fffa235','sale','7f2dc8006efe4f03b9410b0c6c7b02a4','sp_small','4ba2876d636c45fc9a3c5d47dd176e91','1ffb3e0518814cbb97388d8674aae90a',6,8.00,48.00,0.0600,2.88,NULL,NULL,'2026-04-16 13:53:49'),('343e47e4e9014c96b2cca9d8950c4a43','sale','5172cc64a9244d86986ec686fcbc96bc','sp_small','bf601b29031e4096bc49d7c0ab37860b','cd2dea827fcf4895a774acd8eac4d671',8,8.00,64.00,0.0600,3.84,NULL,NULL,'2026-04-14 17:18:56'),('34de71afc6f34c38b44479b9a07b727f','sale','8750d5bbb4e34be4bd997566dfc732ca','sp_small','6b4ca0a14bcc4aaaa4c312efa752e095','78e9127977ce41bca94809e78f373a89',6,7.50,45.00,0.0600,2.70,NULL,NULL,'2026-04-16 08:52:10'),('351da34147674362b3c313c62a82012c','void_sale','5ec9cb6b4fee46f5b729217d93076cd4','sp_small','4294acdb95fa48338410aa7380a81d36','705cd0f20402438588cc6469a8f0cc94',10,8.00,80.00,0.0600,-4.80,NULL,NULL,'2026-04-14 14:11:10'),('35b4221d261945b3be52bbe370a1ef4d','sale','a7a2f5e222174f86857ed0317e820cdb','sp_big','st1','p10',1,37.00,37.00,0.0600,2.22,NULL,NULL,'2026-04-09 16:49:55'),('364674b38b9346c9ac16674bfe22a22d','sale','b9c81b6b5c1d4859aaa7d879875e0ffa','sp_small','bf601b29031e4096bc49d7c0ab37860b','53da4c7539644b60970085acba6781a5',6,7.50,45.00,0.0600,2.70,NULL,NULL,'2026-04-13 18:04:36'),('36938f298866452c853f7d66063b9a9e','return','5444c07df7b249888f65e18764c545e3','sp_small','7f673c69c99b4637b139e7a0df5f42ef','1bbd4938f0414180b6b53bea106a3ca0',2,7.50,15.00,0.0600,-0.90,NULL,NULL,'2026-04-15 22:35:26'),('378d21f99d6e4d018e90445ce580a6fe','sale','a4d46d70cb2042cfb0b566fb27f8710a','sp_small','5a3767c69c1d4b1ebd0f0c06df6cb23b','b05cf5529def48719b9cfe7a57bb5b80',4,8.00,32.00,0.0600,1.92,NULL,NULL,'2026-04-13 13:02:42'),('37b2c953639445fc8ac5d5143b25555b','sale','af2d729b07c347fea0c23f2ff17a719e','sp_small','bb385a5ac4e245799d15ded1cc2548f9','cd2dea827fcf4895a774acd8eac4d671',8,8.00,64.00,0.0600,3.84,NULL,NULL,'2026-04-16 11:14:35'),('3825bcd6acb44cd48fa26a77121d9088','void_sale','38916faf2e4a4b60842ac53920e1bc92','sp_small','64f303a298fb41e58b6b875aeebf693b','1ffb3e0518814cbb97388d8674aae90a',12,8.00,96.00,0.0600,-5.76,NULL,NULL,'2026-04-13 15:51:39'),('389de6bd622441fcabb868b6f906100e','void_sale','03a1f1c4212a49889cef24bd230c2110','sp_big','94837a015ca248a7933cfdb10a77c940','132662dfb6f749089ab2be0d75a0e106',1,8.00,8.00,0.0600,-0.48,NULL,NULL,'2026-04-16 21:54:16'),('38a388d132bb4e7e8f212491e52719c3','sale','aba3a0a62deb42689c5a4fc38163e8b3','sp_small','bf601b29031e4096bc49d7c0ab37860b','0752ebd7a81b40d883f1a82e531a5606',20,4.00,80.00,0.0600,4.80,NULL,NULL,'2026-04-15 14:06:04'),('3908e4940b62424cbed408f1820c76b5','void_sale','ac16bbd5552246399e2e494b7e051bb2','sp_small','bb385a5ac4e245799d15ded1cc2548f9','e317a13efa21456db1113bb2aeb8e5f9',12,8.00,96.00,0.0600,-5.76,NULL,NULL,'2026-04-16 11:13:42'),('394dcebca5fd43188e8b9df341c0c8eb','sale','38916faf2e4a4b60842ac53920e1bc92','sp_small','64f303a298fb41e58b6b875aeebf693b','e691aa957798446eb7746f5a958833b7',12,7.50,90.00,0.0600,5.40,NULL,NULL,'2026-04-13 14:13:28'),('39d586dbedfb4b0db8d5f7c73adfcedd','sale','bfe67fe996914ee88d3ce9bd2db5474d','sp_small','d82fe95243104849baecea0700907a0e','988f4f00e2384732845f18f22615b743',1,7.50,7.50,0.0600,0.45,NULL,NULL,'2026-04-12 13:54:01'),('3a34e3feb08c4657b212ae5f1b091baa','sale','b9d0e6ba215e49c0abc0a387e3589156','sp_small','bf601b29031e4096bc49d7c0ab37860b','3030165e94604fd48375b5402474e9b3',10,4.00,40.00,0.0600,2.40,NULL,NULL,'2026-04-14 17:21:44'),('3a85e1ed346c4851b3930e686e98b60e','sale','c91bd1dde02e49499357dfa7dd18c32e','sp_small','bb385a5ac4e245799d15ded1cc2548f9','bdd99bce7785474a9e6b56ffc6a5903e',12,7.50,90.00,0.0600,5.40,NULL,NULL,'2026-04-16 16:15:46'),('3a87381128ef46f7a226aa8d47abf26b','sale','39474098ba0e46ac867c9fa3c3327a18','sp_small','d82fe95243104849baecea0700907a0e','0752ebd7a81b40d883f1a82e531a5606',1,4.00,4.00,0.0600,0.24,NULL,NULL,'2026-04-12 13:54:02'),('3af9e9066e8d44f0850cf5dcfb0e6f9f','void_sale','c7d227f20ad143fca1840e24af7695f8','sp_small','4ba2876d636c45fc9a3c5d47dd176e91','78e9127977ce41bca94809e78f373a89',6,7.50,45.00,0.0600,-2.70,NULL,NULL,'2026-04-16 16:17:45'),('3b22cfc6d30b43efa8d339228ac6ecdf','sale','bb3306d40d824ba5afb98a5ee54b77f3','sp_small','d82fe95243104849baecea0700907a0e','243e994795ca489cb8aec60cf2bc1d97',1,8.00,8.00,0.0600,0.48,NULL,NULL,'2026-04-12 13:54:01'),('3b661b86c04a4b8f8d3e762e43c23ba9','sale','ff157037b4c44ca9abf4874d56eb4cbb','sp_small','bb385a5ac4e245799d15ded1cc2548f9','bdd99bce7785474a9e6b56ffc6a5903e',12,7.50,90.00,0.0600,5.40,NULL,NULL,'2026-04-16 16:14:27'),('3c05e7aff1594517819a2233aedb7d55','sale','97202826452a4bb5a086ccab7263cfb7','sp_small','bf5b4776550749d3a14aaf7e5f72cf63','b05cf5529def48719b9cfe7a57bb5b80',12,8.00,96.00,0.0600,5.76,NULL,NULL,'2026-04-16 17:36:09'),('3c1e7964a3ba442aa3ddc1614054afd4','sale','97202826452a4bb5a086ccab7263cfb7','sp_small','bf5b4776550749d3a14aaf7e5f72cf63','0f9dd6bec55447c7b9f393af59c3c286',10,8.00,80.00,0.0600,4.80,NULL,NULL,'2026-04-16 17:36:09'),('3c54491f6ccd45e2bf1246f062a96a03','sale','e9fad5b69e824f8a95901acb52549530','sp_small','bb385a5ac4e245799d15ded1cc2548f9','78e9127977ce41bca94809e78f373a89',12,7.50,90.00,0.0600,5.40,NULL,NULL,'2026-04-16 16:16:27'),('3cd3176d399a4e9aaabd9d9f8a9d049d','sale','8750d5bbb4e34be4bd997566dfc732ca','sp_small','6b4ca0a14bcc4aaaa4c312efa752e095','aece7f5d92174de0b758d459810ffcb1',6,8.00,48.00,0.0600,2.88,NULL,NULL,'2026-04-16 08:52:10'),('3d1b7a28c0c442e99c227c0f4a1666e8','void_sale','ff157037b4c44ca9abf4874d56eb4cbb','sp_small','bb385a5ac4e245799d15ded1cc2548f9','cd2dea827fcf4895a774acd8eac4d671',8,8.00,64.00,0.0600,-3.84,NULL,NULL,'2026-04-16 16:15:25'),('3d6f742815a34ef9bc548ca78ef26e36','void_sale','a4d46d70cb2042cfb0b566fb27f8710a','sp_small','5a3767c69c1d4b1ebd0f0c06df6cb23b','cd2dea827fcf4895a774acd8eac4d671',4,8.00,32.00,0.0600,-1.92,NULL,NULL,'2026-04-13 15:51:33'),('3d707fa6e63a4e8cb26151ae6e536235','sale','b9d0e6ba215e49c0abc0a387e3589156','sp_small','bf601b29031e4096bc49d7c0ab37860b','0752ebd7a81b40d883f1a82e531a5606',20,4.00,80.00,0.0600,4.80,NULL,NULL,'2026-04-14 17:21:44'),('3db946acc35f4036b1bb0fec64aa6dce','void_sale','94872b34ba1549819cdec945396ce5f2','sp_small','bf601b29031e4096bc49d7c0ab37860b','53da4c7539644b60970085acba6781a5',6,7.50,45.00,0.0600,-2.70,NULL,NULL,'2026-04-13 18:14:26'),('3e35ea60b67840a8ac9db7fe5ccd29f0','void_sale','af2d729b07c347fea0c23f2ff17a719e','sp_small','bb385a5ac4e245799d15ded1cc2548f9','900e1480a9c4482b830eed25bdd37a91',8,8.00,64.00,0.0600,-3.84,NULL,NULL,'2026-04-16 16:13:44'),('3e60133da21542ffbcfc601d1dc26728','sale','5ec9cb6b4fee46f5b729217d93076cd4','sp_small','4294acdb95fa48338410aa7380a81d36','705cd0f20402438588cc6469a8f0cc94',10,8.00,80.00,0.0600,4.80,NULL,NULL,'2026-04-14 14:11:02'),('3e6693262f5c43aa9d6527a3e7961bfe','sale','39474098ba0e46ac867c9fa3c3327a18','sp_small','d82fe95243104849baecea0700907a0e','53da4c7539644b60970085acba6781a5',1,7.50,7.50,0.0600,0.45,NULL,NULL,'2026-04-12 13:54:02'),('3f34612b2b014c2fb14ca16b48b67f66','void_sale','af2d729b07c347fea0c23f2ff17a719e','sp_small','bb385a5ac4e245799d15ded1cc2548f9','e317a13efa21456db1113bb2aeb8e5f9',12,8.00,96.00,0.0600,-5.76,NULL,NULL,'2026-04-16 16:13:44'),('3f62684abe834514ab268bd2eef4b7b6','sale','6de5a32e52804025af12273b719000ff','sp_small','b4650eed52c340cab737c545f06185f0','b676da29b65e4f7d944794f731af9d18',10,8.00,80.00,0.0600,4.80,NULL,NULL,'2026-04-16 13:41:08'),('3f8ab92b872d4521a699dda532d63d6c','sale','8750d5bbb4e34be4bd997566dfc732ca','sp_small','6b4ca0a14bcc4aaaa4c312efa752e095','cfdf35790cbf4ce5babfc77dfad113c8',6,7.50,45.00,0.0600,2.70,NULL,NULL,'2026-04-16 08:52:10'),('401cea07ddb941dda6bf65ea2e4aaae2','sale','af8438cc60d748578510f82cc3f1788c','sp_small','bf601b29031e4096bc49d7c0ab37860b','575f9a3958f84526a45a94f154f672ed',15,7.50,112.50,0.0600,6.75,NULL,NULL,'2026-04-14 23:20:40'),('4022c2b50a604cbf8f619744e4ec1b00','void_sale','373d726fa09a45b6b393a9caefb072cd','sp_small','bb385a5ac4e245799d15ded1cc2548f9','705cd0f20402438588cc6469a8f0cc94',6,8.00,48.00,0.0600,-2.88,NULL,NULL,'2026-04-16 11:10:09'),('405e16b6e56b46858dfaac97812ba8ca','sale','373d726fa09a45b6b393a9caefb072cd','sp_small','bb385a5ac4e245799d15ded1cc2548f9','bdd99bce7785474a9e6b56ffc6a5903e',12,7.50,90.00,0.0600,5.40,NULL,NULL,'2026-04-16 10:49:12'),('40b022da3da2453daaa28da4069a2ec4','sale','7211a360fc844bee8aecf97c4828655f','sp_small','7f673c69c99b4637b139e7a0df5f42ef','900e1480a9c4482b830eed25bdd37a91',16,8.00,128.00,0.0600,7.68,NULL,NULL,'2026-04-15 21:25:14'),('40c51315a3b545778310f82008ce4037','sale','71313dea9ea846f2adf3e82555e97667','sp_small','5a3767c69c1d4b1ebd0f0c06df6cb23b','b676da29b65e4f7d944794f731af9d18',5,8.00,40.00,0.0600,2.40,NULL,NULL,'2026-04-13 13:03:27'),('415b54a5298647ab9f46cee6fd03de9d','sale','39474098ba0e46ac867c9fa3c3327a18','sp_small','d82fe95243104849baecea0700907a0e','c4876524e53f4418be0837a94642d81f',1,7.50,7.50,0.0600,0.45,NULL,NULL,'2026-04-12 13:54:02'),('417ecce212cf43b38523b94249865bd5','sale','3c0bc3cd0f64469a9195ca62d8890aea','sp_small','5451607fb03c437a826f26e9e0d6539a','b676da29b65e4f7d944794f731af9d18',20,8.00,160.00,0.0600,9.60,NULL,NULL,'2026-04-16 15:17:39'),('418690ce2ec748178ce22740c69d2987','sale','6de5a32e52804025af12273b719000ff','sp_small','b4650eed52c340cab737c545f06185f0','78e9127977ce41bca94809e78f373a89',12,7.50,90.00,0.0600,5.40,NULL,NULL,'2026-04-16 13:41:08'),('43a6cdb208a4444aa4e55bb50efa5cf9','sale','6de5a32e52804025af12273b719000ff','sp_small','b4650eed52c340cab737c545f06185f0','132662dfb6f749089ab2be0d75a0e106',12,8.00,96.00,0.0600,5.76,NULL,NULL,'2026-04-16 13:41:08'),('43f4a817da664a90b2ef09fc6e4bc20b','sale','66fe82bc170b4a4184a4918787f749a4','sp_small','7f673c69c99b4637b139e7a0df5f42ef','132662dfb6f749089ab2be0d75a0e106',2,8.00,16.00,0.0600,0.96,NULL,NULL,'2026-04-15 22:35:26'),('44a8b8be5ff2477c8e5d55aae81cfe3e','void_sale','03a1f1c4212a49889cef24bd230c2110','sp_big','94837a015ca248a7933cfdb10a77c940','053878a2ede34e459ddca41c38ac658d',1,7.50,7.50,0.0600,-0.45,NULL,NULL,'2026-04-16 21:54:16'),('44cd9a9afd874d1ea23390c6376c7e9c','return','23f9be348af74cd1adaad47e9b0dd56f','sp_small','7f673c69c99b4637b139e7a0df5f42ef','57e9c215273641e3a67f2151c07ab337',2,4.50,9.00,0.0600,-0.54,NULL,NULL,'2026-04-15 22:39:13'),('44e3f71b916246e38b775a3451a5f24e','sale','af8438cc60d748578510f82cc3f1788c','sp_small','bf601b29031e4096bc49d7c0ab37860b','1ffb3e0518814cbb97388d8674aae90a',12,8.00,96.00,0.0600,5.76,NULL,NULL,'2026-04-14 23:20:40'),('460e3c8dcbd24f2eb032d425b83ac10f','sale','ac16bbd5552246399e2e494b7e051bb2','sp_small','bb385a5ac4e245799d15ded1cc2548f9','cd2dea827fcf4895a774acd8eac4d671',8,8.00,64.00,0.0600,3.84,NULL,NULL,'2026-04-16 11:12:55'),('463475d2b05648f291cdd0e14acb45f3','void_sale','38916faf2e4a4b60842ac53920e1bc92','sp_small','64f303a298fb41e58b6b875aeebf693b','900e1480a9c4482b830eed25bdd37a91',24,8.00,192.00,0.0600,-11.52,NULL,NULL,'2026-04-13 15:51:39'),('46aa87f622c442228ec6c2cdd2536f48','return','e11a64f36e0647eda2d25a29c8d09493','sp_small','bb385a5ac4e245799d15ded1cc2548f9','d83e34b786f04a3cbe7917fb4bf0ff15',3,7.50,22.50,0.0600,-1.35,NULL,NULL,'2026-04-16 10:49:13'),('46b8fe4f415a437a9fc137abf1d6c546','void_sale','373d726fa09a45b6b393a9caefb072cd','sp_small','bb385a5ac4e245799d15ded1cc2548f9','84f5a14353be44aab5d762bd086a9a2b',12,8.00,96.00,0.0600,-5.76,NULL,NULL,'2026-04-16 11:10:09'),('46bd39a7984f495a8f2fd1cbbceb330f','sale','eb28e78953df4cab828c6e8bb4ca6cf0','sp_small','bf601b29031e4096bc49d7c0ab37860b','900e1480a9c4482b830eed25bdd37a91',222,8.00,1776.00,0.0600,106.56,NULL,NULL,'2026-04-14 22:50:13'),('46e458014d3f44a6a3e1fad2a95d6baf','return','1e3dcf82d85d4348a47029ad4bd17a84','sp_small','4ba2876d636c45fc9a3c5d47dd176e91','99e3f41e2a784934ad25a3c65a8c0f44',3,4.00,12.00,0.0600,-0.72,NULL,NULL,'2026-04-16 13:56:25'),('46f777fe5b9a4459b5ab9b864aaaca42','sale','bb3306d40d824ba5afb98a5ee54b77f3','sp_small','d82fe95243104849baecea0700907a0e','8ae1231378cc4717987a6bb6b20dd383',1,3.50,3.50,0.0600,0.21,NULL,NULL,'2026-04-12 13:54:01'),('470fe04803f14d9b979969a31b88a637','sale','a4d46d70cb2042cfb0b566fb27f8710a','sp_small','5a3767c69c1d4b1ebd0f0c06df6cb23b','dedb3818f0204a198eea338c1a74b48c',6,8.00,48.00,0.0600,2.88,NULL,NULL,'2026-04-13 13:02:42'),('473e48c07fe345b4b86b2c60c33828ed','void_sale','acaa301833424d0f8b32c7595dd20b06','sp_small','7671e0aa0e5c4cacb7b08cdf10654353','cd2dea827fcf4895a774acd8eac4d671',8,8.00,64.00,0.0600,-3.84,NULL,NULL,'2026-04-13 18:14:33'),('479bb11474dc47f39216fa1431dd205f','void_sale','ac16bbd5552246399e2e494b7e051bb2','sp_small','bb385a5ac4e245799d15ded1cc2548f9','900e1480a9c4482b830eed25bdd37a91',8,8.00,64.00,0.0600,-3.84,NULL,NULL,'2026-04-16 11:13:42'),('47e98ad2971543fba5a5bd691e3715af','sale','3c0bc3cd0f64469a9195ca62d8890aea','sp_small','5451607fb03c437a826f26e9e0d6539a','bdd99bce7785474a9e6b56ffc6a5903e',6,7.50,45.00,0.0600,2.70,NULL,NULL,'2026-04-16 15:17:39'),('4844a1f17a1e4158b1156b3d79990bb5','sale','af2d729b07c347fea0c23f2ff17a719e','sp_small','bb385a5ac4e245799d15ded1cc2548f9','58edc8d15e5f4810a414c0941222b78a',8,7.50,60.00,0.0600,3.60,NULL,NULL,'2026-04-16 11:14:35'),('491cbdf1a10d47768c20fcb7b865b83a','sale','f5dcf172601e49b29e5c0dd4b49d98e9','sp_small','4294acdb95fa48338410aa7380a81d36','0f9dd6bec55447c7b9f393af59c3c286',10,8.00,80.00,0.0600,4.80,NULL,NULL,'2026-04-13 11:37:58'),('49692cc5b7a04e3babd119509835541e','sale','f197fbf39c2c47288fcf8d1df2a02375','sp_small','5451607fb03c437a826f26e9e0d6539a','84f5a14353be44aab5d762bd086a9a2b',18,8.00,144.00,0.0600,8.64,NULL,NULL,'2026-04-16 15:06:25'),('49e37d2274594052be00719a51ba1820','sale','680efd3dd02a48759ea3d9d6bcd1e9d7','sp_small','bf601b29031e4096bc49d7c0ab37860b','900e1480a9c4482b830eed25bdd37a91',8,8.00,64.00,0.0600,3.84,NULL,NULL,'2026-04-14 17:36:52'),('4a45b25fadf84358a2a2d8157d6769bf','sale','a4d46d70cb2042cfb0b566fb27f8710a','sp_small','5a3767c69c1d4b1ebd0f0c06df6cb23b','53da4c7539644b60970085acba6781a5',6,7.50,45.00,0.0600,2.70,NULL,NULL,'2026-04-13 13:02:42'),('4b2cbb71e18943519e118c388bc7a6a4','sale','bfe67fe996914ee88d3ce9bd2db5474d','sp_small','d82fe95243104849baecea0700907a0e','053878a2ede34e459ddca41c38ac658d',1,7.50,7.50,0.0600,0.45,NULL,NULL,'2026-04-12 13:54:01'),('4c16ccee6ddf4bb498c8bdf0554764f5','sale','acaa301833424d0f8b32c7595dd20b06','sp_small','7671e0aa0e5c4cacb7b08cdf10654353','0f9dd6bec55447c7b9f393af59c3c286',10,8.00,80.00,0.0600,4.80,NULL,NULL,'2026-04-13 17:04:31'),('4cb5c3bcae36471797fbd7575f08306c','sale','f197fbf39c2c47288fcf8d1df2a02375','sp_small','5451607fb03c437a826f26e9e0d6539a','1ffb3e0518814cbb97388d8674aae90a',12,8.00,96.00,0.0600,5.76,NULL,NULL,'2026-04-16 15:06:25'),('4d23102a1dd64bd289ee56a964f552cc','sale','af2d729b07c347fea0c23f2ff17a719e','sp_small','bb385a5ac4e245799d15ded1cc2548f9','8c49f08a935a4e7d801f7baf224adfcb',12,8.00,96.00,0.0600,5.76,NULL,NULL,'2026-04-16 11:14:35'),('4d4a8e9396604d828303fdff8cfe3343','sale','af8438cc60d748578510f82cc3f1788c','sp_small','bf601b29031e4096bc49d7c0ab37860b','243e994795ca489cb8aec60cf2bc1d97',10,8.00,80.00,0.0600,4.80,NULL,NULL,'2026-04-14 23:20:40'),('4d7531a51f034f389c8c9c399262ab2c','sale','acaa301833424d0f8b32c7595dd20b06','sp_small','7671e0aa0e5c4cacb7b08cdf10654353','cd2dea827fcf4895a774acd8eac4d671',8,8.00,64.00,0.0600,3.84,NULL,NULL,'2026-04-13 17:04:31'),('4df896e1146440919455a9027407d70b','sale','acaa301833424d0f8b32c7595dd20b06','sp_small','7671e0aa0e5c4cacb7b08cdf10654353','705cd0f20402438588cc6469a8f0cc94',10,8.00,80.00,0.0600,4.80,NULL,NULL,'2026-04-13 17:04:31'),('4e2b7af25e7045dab583c578495f759e','sale','bb3306d40d824ba5afb98a5ee54b77f3','sp_small','d82fe95243104849baecea0700907a0e','988f4f00e2384732845f18f22615b743',1,7.50,7.50,0.0600,0.45,NULL,NULL,'2026-04-12 13:54:01'),('4e427185226f4a3e92afbc4f10970679','sale','5172cc64a9244d86986ec686fcbc96bc','sp_small','bf601b29031e4096bc49d7c0ab37860b','900e1480a9c4482b830eed25bdd37a91',8,8.00,64.00,0.0600,3.84,NULL,NULL,'2026-04-14 17:18:56'),('4e68d47f0d0b4b98a327f8ac24ad51c0','sale','43a07209cb784de6b361005bad69857f','sp_small','513af953bccb4540bdc3f7e7d9ea7aba','b05cf5529def48719b9cfe7a57bb5b80',12,8.00,96.00,0.0600,5.76,NULL,NULL,'2026-04-13 16:26:49'),('4eae489c11a64cdf82111dc45de1d8b9','sale','e24b3b57c08149518e4b8617e2023f11','sp_big','st1','p10',1,37.00,37.00,0.0600,2.22,NULL,NULL,'2026-04-06 11:55:32'),('4ec3785feb144958a2f3e05fb4824154','sale','43a07209cb784de6b361005bad69857f','sp_small','513af953bccb4540bdc3f7e7d9ea7aba','1ffb3e0518814cbb97388d8674aae90a',12,8.00,96.00,0.0600,5.76,NULL,NULL,'2026-04-13 16:26:49'),('4f091750037a445c9cad765e77c691ed','void_sale','ac16bbd5552246399e2e494b7e051bb2','sp_small','bb385a5ac4e245799d15ded1cc2548f9','cd2dea827fcf4895a774acd8eac4d671',8,8.00,64.00,0.0600,-3.84,NULL,NULL,'2026-04-16 11:13:42'),('4f32a72d501546949322b3cfd9fb270b','sale','b9d0e6ba215e49c0abc0a387e3589156','sp_small','bf601b29031e4096bc49d7c0ab37860b','58edc8d15e5f4810a414c0941222b78a',8,7.50,60.00,0.0600,3.60,NULL,NULL,'2026-04-14 17:21:44'),('4f45f012ea164d6791d47fcd8760dbd5','sale','bfe67fe996914ee88d3ce9bd2db5474d','sp_small','d82fe95243104849baecea0700907a0e','575f9a3958f84526a45a94f154f672ed',1,7.50,7.50,0.0600,0.45,NULL,NULL,'2026-04-12 13:54:01'),('4f61ee69395f465b90df609af9c361d8','sale','3f0d33cf35a34167a6243a0b2cffa582','sp_small','d2600ba548fc4e5c893ba1e286a5a2af','900e1480a9c4482b830eed25bdd37a91',8,8.00,64.00,0.0600,3.84,NULL,NULL,'2026-04-16 16:06:46'),('4fa420e18aa4421d800af4be48775ac3','void_sale','822ffd09bde64e73b7860e6733b8319b','sp_small','bb385a5ac4e245799d15ded1cc2548f9','8c49f08a935a4e7d801f7baf224adfcb',12,8.00,96.00,0.0600,-5.76,NULL,NULL,'2026-04-16 11:12:25'),('4ff6818c133945ef9f6a58039cf01150','sale','5172cc64a9244d86986ec686fcbc96bc','sp_small','bf601b29031e4096bc49d7c0ab37860b','4b677dc8979a425293b41c77bbe14fa8',12,8.00,96.00,0.0600,5.76,NULL,NULL,'2026-04-14 17:18:56'),('50764857fd3546eea831503be05d8c33','sale','f6a3ad80d5394950b65662b345da4d84','sp_small','4ba2876d636c45fc9a3c5d47dd176e91','1ffb3e0518814cbb97388d8674aae90a',6,8.00,48.00,0.0600,2.88,NULL,NULL,'2026-04-16 16:18:40'),('5167a835de854dc1a09ede9adb227751','void_sale','a4d46d70cb2042cfb0b566fb27f8710a','sp_small','5a3767c69c1d4b1ebd0f0c06df6cb23b','53da4c7539644b60970085acba6781a5',6,7.50,45.00,0.0600,-2.70,NULL,NULL,'2026-04-13 15:51:33'),('51deb892b7cc4bbd905512d8514b48c6','void_sale','a4d46d70cb2042cfb0b566fb27f8710a','sp_small','5a3767c69c1d4b1ebd0f0c06df6cb23b','dedb3818f0204a198eea338c1a74b48c',6,8.00,48.00,0.0600,-2.88,NULL,NULL,'2026-04-13 15:51:33'),('51e49f373a3f4adb9792219c92aea533','sale','e9fad5b69e824f8a95901acb52549530','sp_small','bb385a5ac4e245799d15ded1cc2548f9','900e1480a9c4482b830eed25bdd37a91',8,8.00,64.00,0.0600,3.84,NULL,NULL,'2026-04-16 16:16:27'),('51f2f196e3d24fb899ea938097fac42f','sale','0070a39826b749b5a29a5197b53041eb','sp_small','4294acdb95fa48338410aa7380a81d36','900e1480a9c4482b830eed25bdd37a91',8,8.00,64.00,0.0600,3.84,NULL,NULL,'2026-04-13 11:43:39'),('52415ade10b04138bfb6ad49baba5498','sale','3c0bc3cd0f64469a9195ca62d8890aea','sp_small','5451607fb03c437a826f26e9e0d6539a','cd2dea827fcf4895a774acd8eac4d671',8,8.00,64.00,0.0600,3.84,NULL,NULL,'2026-04-16 15:17:39'),('52a5b6cba551441aa811ac2967495aa2','sale','b31c1fdfd66549db9aab490267087882','sp_small','1f290d389faf44b5a135cf3f7bdee09b','900e1480a9c4482b830eed25bdd37a91',7,8.00,56.00,0.0600,3.36,NULL,NULL,'2026-04-15 14:09:40'),('52becdd774a34dd2a75e1ced15b4ddab','sale','680efd3dd02a48759ea3d9d6bcd1e9d7','sp_small','bf601b29031e4096bc49d7c0ab37860b','2ee4a2a6df9d4caa8ce6b5e0c8a2d56d',15,7.50,112.50,0.0600,6.75,NULL,NULL,'2026-04-14 17:36:52'),('53573aedf3a7400187a9c77f24098707','void_sale','38916faf2e4a4b60842ac53920e1bc92','sp_small','64f303a298fb41e58b6b875aeebf693b','78e9127977ce41bca94809e78f373a89',12,7.50,90.00,0.0600,-5.40,NULL,NULL,'2026-04-13 15:51:39'),('53c87bf8707b4aac86fe9c7066b0ae55','sale','bfe67fe996914ee88d3ce9bd2db5474d','sp_small','d82fe95243104849baecea0700907a0e','17b677c9d851427bb9ee33040e0ee92b',1,7.50,7.50,0.0600,0.45,NULL,NULL,'2026-04-12 13:54:01'),('53d38e5aa61d4d6bb23dac9cd1f3e903','sale','f977027a616545e6a8edededd8cd8bd5','sp_small','1f290d389faf44b5a135cf3f7bdee09b','b05cf5529def48719b9cfe7a57bb5b80',2,8.00,16.00,0.0600,0.96,NULL,NULL,'2026-04-16 07:07:14'),('53fd1b950d9741c5aee9ed7507ec8c21','sale','f6a3ad80d5394950b65662b345da4d84','sp_small','4ba2876d636c45fc9a3c5d47dd176e91','78e9127977ce41bca94809e78f373a89',6,7.50,45.00,0.0600,2.70,NULL,NULL,'2026-04-16 16:18:40'),('5406613545904818942084735ee6a447','sale','bb3306d40d824ba5afb98a5ee54b77f3','sp_small','d82fe95243104849baecea0700907a0e','57e9c215273641e3a67f2151c07ab337',1,4.50,4.50,0.0600,0.27,NULL,NULL,'2026-04-12 13:54:01'),('540cebaac7ee41a6af820d02851da9d4','sale','ac16bbd5552246399e2e494b7e051bb2','sp_small','bb385a5ac4e245799d15ded1cc2548f9','78e9127977ce41bca94809e78f373a89',12,7.50,90.00,0.0600,5.40,NULL,NULL,'2026-04-16 11:12:55'),('5437fbe5727c4a10b31a11537641f428','sale','71313dea9ea846f2adf3e82555e97667','sp_small','5a3767c69c1d4b1ebd0f0c06df6cb23b','cd2dea827fcf4895a774acd8eac4d671',4,8.00,32.00,0.0600,1.92,NULL,NULL,'2026-04-13 13:03:27'),('5453a1cada234b4ba774e0b4bbde02e3','sale','f256c516329447cdb0b8c5011ab96c31','sp_small','1f290d389faf44b5a135cf3f7bdee09b','900e1480a9c4482b830eed25bdd37a91',8,8.00,64.00,0.0600,3.84,NULL,NULL,'2026-04-15 14:09:14'),('54c205aebb42434ca0a38fe5c8e6c3d0','sale','fb876bb5291e41a09632bfb069dcfffd','sp_small','7f673c69c99b4637b139e7a0df5f42ef','900e1480a9c4482b830eed25bdd37a91',1,8.00,8.00,0.0600,0.48,NULL,NULL,'2026-04-15 22:39:13'),('54ca238debc64094be73ac69b2c74404','sale','ac16bbd5552246399e2e494b7e051bb2','sp_small','bb385a5ac4e245799d15ded1cc2548f9','900e1480a9c4482b830eed25bdd37a91',8,8.00,64.00,0.0600,3.84,NULL,NULL,'2026-04-16 11:12:55'),('550e47b7168140c79ac6ac3a8760d9e6','void_sale','822ffd09bde64e73b7860e6733b8319b','sp_small','bb385a5ac4e245799d15ded1cc2548f9','705cd0f20402438588cc6469a8f0cc94',5,8.00,40.00,0.0600,-2.40,NULL,NULL,'2026-04-16 11:12:25'),('552877b7414b4f03b74932241deb1876','sale','822ffd09bde64e73b7860e6733b8319b','sp_small','bb385a5ac4e245799d15ded1cc2548f9','bdd99bce7785474a9e6b56ffc6a5903e',12,7.50,90.00,0.0600,5.40,NULL,NULL,'2026-04-16 11:11:29'),('5533b52528ad4599aa7218d5e53b212a','sale','ffaf10c2f6b740bf8881b38ec70ee920','sp_big','st100','p11',1,69.00,69.00,0.0600,4.14,NULL,NULL,'2026-04-09 19:28:15'),('555b0ab4ef134c9287109a350bad0dc4','sale','8750d5bbb4e34be4bd997566dfc732ca','sp_small','6b4ca0a14bcc4aaaa4c312efa752e095','b05cf5529def48719b9cfe7a57bb5b80',6,8.00,48.00,0.0600,2.88,NULL,NULL,'2026-04-16 08:52:10'),('557cf31db46745d78136214de255d507','sale','acaa301833424d0f8b32c7595dd20b06','sp_small','7671e0aa0e5c4cacb7b08cdf10654353','8c49f08a935a4e7d801f7baf224adfcb',12,8.00,96.00,0.0600,5.76,NULL,NULL,'2026-04-13 17:04:31'),('55a543924241425393f2a0b1199fa61c','void_sale','822ffd09bde64e73b7860e6733b8319b','sp_small','bb385a5ac4e245799d15ded1cc2548f9','aece7f5d92174de0b758d459810ffcb1',6,8.00,48.00,0.0600,-2.88,NULL,NULL,'2026-04-16 11:12:25'),('567627df2bb24c998cbace454728711b','void_sale','c91bd1dde02e49499357dfa7dd18c32e','sp_small','bb385a5ac4e245799d15ded1cc2548f9','705cd0f20402438588cc6469a8f0cc94',5,8.00,40.00,0.0600,-2.40,NULL,NULL,'2026-04-16 16:16:11'),('56952e3797a043578c7e4d5c52cd8a5f','void_sale','5ca0249cd17d4947b5c08dda151597b8','sp_small','5a3767c69c1d4b1ebd0f0c06df6cb23b','0f9dd6bec55447c7b9f393af59c3c286',5,8.00,40.00,0.0600,-2.40,NULL,NULL,'2026-04-13 15:51:30'),('56afde677bfd42fbb86abe7c446a3ea5','sale','14a58c05e91f4d6a9e641689bb3e60e1','sp_big','94837a015ca248a7933cfdb10a77c940','132662dfb6f749089ab2be0d75a0e106',1,8.00,8.00,0.0600,0.48,NULL,NULL,'2026-04-16 21:54:38'),('56eb8988d6484408ac5720016ce26d56','void_sale','acaa301833424d0f8b32c7595dd20b06','sp_small','7671e0aa0e5c4cacb7b08cdf10654353','705cd0f20402438588cc6469a8f0cc94',10,8.00,80.00,0.0600,-4.80,NULL,NULL,'2026-04-13 18:14:33'),('56f86a77a6ce402dbb981e928434ee07','void_sale','373d726fa09a45b6b393a9caefb072cd','sp_small','bb385a5ac4e245799d15ded1cc2548f9','cfdf35790cbf4ce5babfc77dfad113c8',12,7.50,90.00,0.0600,-5.40,NULL,NULL,'2026-04-16 11:10:09'),('57d1546e6c734e36ae34ed9fdc9b0f85','sale','37bab6191ae9406786003d457e5a334b','sp_small','7c0d695b47ba4e1c9ed42bdd6317ebfa','cfdf35790cbf4ce5babfc77dfad113c8',6,7.50,45.00,0.0600,2.70,NULL,NULL,'2026-04-13 15:15:08'),('57d31805fd80474f92e77044207a161a','sale','0070a39826b749b5a29a5197b53041eb','sp_small','4294acdb95fa48338410aa7380a81d36','84f5a14353be44aab5d762bd086a9a2b',12,8.00,96.00,0.0600,5.76,NULL,NULL,'2026-04-13 11:43:39'),('57e18c7b63fc48f3814254f9c498fa36','sale','acaa301833424d0f8b32c7595dd20b06','sp_small','7671e0aa0e5c4cacb7b08cdf10654353','b05cf5529def48719b9cfe7a57bb5b80',6,8.00,48.00,0.0600,2.88,NULL,NULL,'2026-04-13 17:04:31'),('57e24a74505f4a62a50416821a0a5da8','sale','b9d0e6ba215e49c0abc0a387e3589156','sp_small','bf601b29031e4096bc49d7c0ab37860b','e317a13efa21456db1113bb2aeb8e5f9',12,8.00,96.00,0.0600,5.76,NULL,NULL,'2026-04-14 17:21:44'),('5899cf6c3b1a496bb159ab5f45aaf49f','void_sale','a4d46d70cb2042cfb0b566fb27f8710a','sp_small','5a3767c69c1d4b1ebd0f0c06df6cb23b','78e9127977ce41bca94809e78f373a89',6,7.50,45.00,0.0600,-2.70,NULL,NULL,'2026-04-13 15:51:33'),('592ba379c88948fbb907ea1756977594','sale','5b5da23289e7471e824b2e123a73b4d0','sp_small','1f290d389faf44b5a135cf3f7bdee09b','900e1480a9c4482b830eed25bdd37a91',2,8.00,16.00,0.0600,0.96,NULL,NULL,'2026-04-16 07:05:55'),('599f1e1bb7324ad89b0ac8c198f2df4b','sale','c91bd1dde02e49499357dfa7dd18c32e','sp_small','bb385a5ac4e245799d15ded1cc2548f9','84f5a14353be44aab5d762bd086a9a2b',12,8.00,96.00,0.0600,5.76,NULL,NULL,'2026-04-16 16:15:46'),('59bfebc0b790459c92c0e94ddba66ece','sale','d359462cb2774282b59ca17a559cdd69','sp_small','bf601b29031e4096bc49d7c0ab37860b','900e1480a9c4482b830eed25bdd37a91',8,8.00,64.00,0.0600,3.84,NULL,NULL,'2026-04-14 21:33:16'),('5a09f8eb6069415991a2da5ffcd2ac45','sale','f1e44f88444c4410aa63275cbc35ea8e','sp_small','ed5fc24832904fda8cdc5fda5c7d7536','1ffb3e0518814cbb97388d8674aae90a',12,8.00,96.00,0.0600,5.76,NULL,NULL,'2026-04-13 10:29:51'),('5a39a3dc40db40c492295c8fbffda0b6','sale','d359462cb2774282b59ca17a559cdd69','sp_small','bf601b29031e4096bc49d7c0ab37860b','575f9a3958f84526a45a94f154f672ed',15,7.50,112.50,0.0600,6.75,NULL,NULL,'2026-04-14 21:33:16'),('5a88acc1bfa64d46bff903ee9ffe75bc','sale','bfe67fe996914ee88d3ce9bd2db5474d','sp_small','d82fe95243104849baecea0700907a0e','2ee4a2a6df9d4caa8ce6b5e0c8a2d56d',1,7.50,7.50,0.0600,0.45,NULL,NULL,'2026-04-12 13:54:01'),('5a91ae0e4c694ce182c500102c5c5f3b','sale','bb3306d40d824ba5afb98a5ee54b77f3','sp_small','d82fe95243104849baecea0700907a0e','4b677dc8979a425293b41c77bbe14fa8',1,8.00,8.00,0.0600,0.48,NULL,NULL,'2026-04-12 13:54:01'),('5aa60f17575245769a2b03b841cc7c42','sale','a1bb654dfbde4a8d8d693211b70d0ae4','sp_small','64f303a298fb41e58b6b875aeebf693b','cfdf35790cbf4ce5babfc77dfad113c8',12,7.50,90.00,0.0600,5.40,NULL,NULL,'2026-04-13 14:15:13'),('5b097b5578b34f9eaacb1cf93962d4d2','sale','8750d5bbb4e34be4bd997566dfc732ca','sp_small','6b4ca0a14bcc4aaaa4c312efa752e095','132662dfb6f749089ab2be0d75a0e106',6,8.00,48.00,0.0600,2.88,NULL,NULL,'2026-04-16 08:52:10'),('5b66e0bb46df40668404269b7640ea84','sale','c94cab9255c14dd9bc9a40ac8b30dc2e','sp_big','eddf8cfb94a4450db82650c21b1405c6','243e994795ca489cb8aec60cf2bc1d97',20,8.00,160.00,0.0600,9.60,NULL,NULL,'2026-04-10 18:09:05'),('5b6d7a75889f4dad9d84b1e94269689e','sale','a1bb654dfbde4a8d8d693211b70d0ae4','sp_small','64f303a298fb41e58b6b875aeebf693b','58edc8d15e5f4810a414c0941222b78a',8,7.50,60.00,0.0600,3.60,NULL,NULL,'2026-04-13 14:15:13'),('5b70efd636a94be59e1ded2dde6b7145','sale','c91bd1dde02e49499357dfa7dd18c32e','sp_small','bb385a5ac4e245799d15ded1cc2548f9','cd2dea827fcf4895a774acd8eac4d671',8,8.00,64.00,0.0600,3.84,NULL,NULL,'2026-04-16 16:15:46'),('5bbeb74384a140889de606a374ccfc0f','sale','680efd3dd02a48759ea3d9d6bcd1e9d7','sp_small','bf601b29031e4096bc49d7c0ab37860b','f116ee56a4804fe2bbfc8db4d3325cc0',8,7.50,60.00,0.0600,3.60,NULL,NULL,'2026-04-14 17:36:52'),('5d205c291d2f4f7888410bdd03c77298','sale','e9fad5b69e824f8a95901acb52549530','sp_small','bb385a5ac4e245799d15ded1cc2548f9','cd2dea827fcf4895a774acd8eac4d671',8,8.00,64.00,0.0600,3.84,NULL,NULL,'2026-04-16 16:16:27'),('5d77e2eb49284bff893a6fa3e2fdd64a','void_sale','373d726fa09a45b6b393a9caefb072cd','sp_small','bb385a5ac4e245799d15ded1cc2548f9','aece7f5d92174de0b758d459810ffcb1',6,8.00,48.00,0.0600,-2.88,NULL,NULL,'2026-04-16 11:10:09'),('5da9034b6c1d4550a305a85b3bce5a6b','sale','1887cef0fbc74740bce136619ce3ea44','sp_small','ed5fc24832904fda8cdc5fda5c7d7536','b676da29b65e4f7d944794f731af9d18',10,8.00,80.00,0.0600,4.80,NULL,NULL,'2026-04-13 10:31:09'),('5de827a5a7bc4836b67cbdba16c766ff','sale','23fd5656238d48d59e7dfbcdfae86959','sp_small','d3827b459fdf4a478bf804dbbf6a8ca7','8ae1231378cc4717987a6bb6b20dd383',50,3.50,175.00,0.0600,10.50,NULL,NULL,'2026-04-12 12:18:11'),('5e7d1d6e002c4f7ba64c5aee7b75a057','sale','a96c3603a42b44d2ab02b2fc88d95c50','sp_small','4ba2876d636c45fc9a3c5d47dd176e91','78e9127977ce41bca94809e78f373a89',6,7.50,45.00,0.0600,2.70,NULL,NULL,'2026-04-16 16:18:23'),('5e83d8804c40467488e93dbdc393de3d','void_sale','c91bd1dde02e49499357dfa7dd18c32e','sp_small','bb385a5ac4e245799d15ded1cc2548f9','bdd99bce7785474a9e6b56ffc6a5903e',12,7.50,90.00,0.0600,-5.40,NULL,NULL,'2026-04-16 16:16:11'),('5e99dbd0f9a74518b15550f2a72a1f4b','sale','822ffd09bde64e73b7860e6733b8319b','sp_small','bb385a5ac4e245799d15ded1cc2548f9','78e9127977ce41bca94809e78f373a89',12,7.50,90.00,0.0600,5.40,NULL,NULL,'2026-04-16 11:11:29'),('5ebbbc5ea41a418385661b6ca00b26d8','void_sale','b9d0e6ba215e49c0abc0a387e3589156','sp_small','bf601b29031e4096bc49d7c0ab37860b','900e1480a9c4482b830eed25bdd37a91',8,8.00,64.00,0.0600,-3.84,NULL,NULL,'2026-04-14 17:36:06'),('5ec31f2064184725b505b531294b1201','return','1e3dcf82d85d4348a47029ad4bd17a84','sp_small','4ba2876d636c45fc9a3c5d47dd176e91','871ef55e9c0a4d678b4da46520d9892a',2,4.00,8.00,0.0600,-0.48,NULL,NULL,'2026-04-16 13:56:25'),('5ed616593e8c4e49aa84df6fe9b5ee9d','void_sale','b9d0e6ba215e49c0abc0a387e3589156','sp_small','bf601b29031e4096bc49d7c0ab37860b','3030165e94604fd48375b5402474e9b3',10,4.00,40.00,0.0600,-2.40,NULL,NULL,'2026-04-14 17:36:06'),('5f4da7b4fd484b4cbe6355647001bf24','sale','f45ba8ab0a084027b633cffa873df09d','sp_small','7f673c69c99b4637b139e7a0df5f42ef','900e1480a9c4482b830eed25bdd37a91',3,8.00,24.00,0.0600,1.44,NULL,NULL,'2026-04-15 22:35:16'),('5fd1bc978d944f9ab82cf04303a41db6','void_sale','f197fbf39c2c47288fcf8d1df2a02375','sp_small','5451607fb03c437a826f26e9e0d6539a','fe184c1459aa4f85b98e62d42b58f6bd',10,3.50,35.00,0.0600,-2.10,NULL,NULL,'2026-04-16 15:09:59'),('600a164a09af4adca4e0fa06f7a2c97f','sale','f5dcf172601e49b29e5c0dd4b49d98e9','sp_small','4294acdb95fa48338410aa7380a81d36','dedb3818f0204a198eea338c1a74b48c',10,0.00,0.00,0.0600,0.00,NULL,NULL,'2026-04-13 11:37:58'),('604cb9ea24614ddaa74366f64c606cee','return','23f9be348af74cd1adaad47e9b0dd56f','sp_small','7f673c69c99b4637b139e7a0df5f42ef','58edc8d15e5f4810a414c0941222b78a',2,7.50,15.00,0.0600,-0.90,NULL,NULL,'2026-04-15 22:39:13'),('60c251594a894690a3ac642b299a116a','void_sale','7f2dc8006efe4f03b9410b0c6c7b02a4','sp_small','4ba2876d636c45fc9a3c5d47dd176e91','1ffb3e0518814cbb97388d8674aae90a',6,8.00,48.00,0.0600,-2.88,NULL,NULL,'2026-04-16 16:23:17'),('60ce5536d34d4de8b27957b4dcfb03de','sale','bfe67fe996914ee88d3ce9bd2db5474d','sp_small','d82fe95243104849baecea0700907a0e','243e994795ca489cb8aec60cf2bc1d97',1,8.00,8.00,0.0600,0.48,NULL,NULL,'2026-04-12 13:54:01'),('619f847e64e84d5d8602945376f57ffd','void_sale','b9d0e6ba215e49c0abc0a387e3589156','sp_small','bf601b29031e4096bc49d7c0ab37860b','e317a13efa21456db1113bb2aeb8e5f9',12,8.00,96.00,0.0600,-5.76,NULL,NULL,'2026-04-14 17:36:06'),('6226c95a015744d599110ba464047316','sale','0070a39826b749b5a29a5197b53041eb','sp_small','4294acdb95fa48338410aa7380a81d36','dedb3818f0204a198eea338c1a74b48c',10,8.00,80.00,0.0600,4.80,NULL,NULL,'2026-04-13 11:43:39'),('6241c220edce47ffa20e421ddb41b300','sale','b9d0e6ba215e49c0abc0a387e3589156','sp_small','bf601b29031e4096bc49d7c0ab37860b','705cd0f20402438588cc6469a8f0cc94',10,8.00,80.00,0.0600,4.80,NULL,NULL,'2026-04-14 17:21:44'),('6269cdcf10f04729bd55fd746a971d72','void_sale','03a1f1c4212a49889cef24bd230c2110','sp_big','94837a015ca248a7933cfdb10a77c940','57e9c215273641e3a67f2151c07ab337',1,4.50,4.50,0.0600,-0.27,NULL,NULL,'2026-04-16 21:54:16'),('629fd92a2e1b439587edd0b2d5959a50','void_sale','b9d0e6ba215e49c0abc0a387e3589156','sp_small','bf601b29031e4096bc49d7c0ab37860b','705cd0f20402438588cc6469a8f0cc94',10,8.00,80.00,0.0600,-4.80,NULL,NULL,'2026-04-14 17:36:06'),('62ea3c7e225c4b0086be564f99322a23','sale','b9d0e6ba215e49c0abc0a387e3589156','sp_small','bf601b29031e4096bc49d7c0ab37860b','1ffb3e0518814cbb97388d8674aae90a',12,8.00,96.00,0.0600,5.76,NULL,NULL,'2026-04-14 17:21:44'),('6348b09f4f864a909d46277ab7044958','sale','ca2e2547e1624a4da31411e33997adfc','sp_big','st1','p11',1,69.00,69.00,0.0600,4.14,NULL,NULL,'2026-04-06 12:45:29'),('63e10214183143b1b9c0b0e5b90f1986','sale','ff157037b4c44ca9abf4874d56eb4cbb','sp_small','bb385a5ac4e245799d15ded1cc2548f9','cd2dea827fcf4895a774acd8eac4d671',8,8.00,64.00,0.0600,3.84,NULL,NULL,'2026-04-16 16:14:27'),('641f6667ad9347dba396cd8dd05f3b9a','sale','8750d5bbb4e34be4bd997566dfc732ca','sp_small','6b4ca0a14bcc4aaaa4c312efa752e095','243e994795ca489cb8aec60cf2bc1d97',10,8.00,80.00,0.0600,4.80,NULL,NULL,'2026-04-16 08:52:10'),('6456b1e5a59f4a0cb5c2f311b75bcb45','sale','4a452ddc4fee4dbebbb1e4f6fa3fb73d','sp_big','eddf8cfb94a4450db82650c21b1405c6','243e994795ca489cb8aec60cf2bc1d97',10,8.00,80.00,0.0600,4.80,NULL,NULL,'2026-04-10 18:39:31'),('64d48e25b25e4551aefe5c405cc75918','void_sale','ff157037b4c44ca9abf4874d56eb4cbb','sp_small','bb385a5ac4e245799d15ded1cc2548f9','705cd0f20402438588cc6469a8f0cc94',5,8.00,40.00,0.0600,-2.40,NULL,NULL,'2026-04-16 16:15:25'),('6547bae23ae94de4b3565ded14023c11','sale','308d127dff664f4ebbf8409dacae1bab','sp_big','st11','p11',30,69.00,2070.00,0.0600,124.20,NULL,NULL,'2026-04-09 18:32:47'),('65595c6e34c6456592788d6e13ba8406','sale','a1bb654dfbde4a8d8d693211b70d0ae4','sp_small','64f303a298fb41e58b6b875aeebf693b','dedb3818f0204a198eea338c1a74b48c',8,8.00,64.00,0.0600,3.84,NULL,NULL,'2026-04-13 14:15:13'),('658b9db204f343a5925537840b9a892c','return','3269c5f415b540c0a52a2ee12416ed46','sp_big','st12','p1',2,45.00,90.00,0.0600,-5.40,NULL,NULL,'2026-04-09 22:33:32'),('65be0896895e4609937e2036a2be6463','void_sale','a96c3603a42b44d2ab02b2fc88d95c50','sp_small','4ba2876d636c45fc9a3c5d47dd176e91','c75e167ff4a54177a7c9fd6bb10686b1',6,5.50,33.00,0.0600,-1.98,NULL,NULL,'2026-04-16 16:23:03'),('666e52a4a6fb48379fe9cbb55ce3713b','sale','ec04174681c74f7cab84865d9020d9ad','sp_big','st12','p10',1,37.00,37.00,0.0600,2.22,NULL,NULL,'2026-04-09 17:40:52'),('66c50434bfeb448f9b7426e45c334177','sale','c91bd1dde02e49499357dfa7dd18c32e','sp_small','bb385a5ac4e245799d15ded1cc2548f9','8c49f08a935a4e7d801f7baf224adfcb',12,8.00,96.00,0.0600,5.76,NULL,NULL,'2026-04-16 16:15:46'),('66c859a4b33543bfaeb04bdfa8471268','sale','bfe67fe996914ee88d3ce9bd2db5474d','sp_small','d82fe95243104849baecea0700907a0e','99e3f41e2a784934ad25a3c65a8c0f44',1,4.00,4.00,0.0600,0.24,NULL,NULL,'2026-04-12 13:54:01'),('674913ae75834e73935641c0947b1773','sale','97202826452a4bb5a086ccab7263cfb7','sp_small','bf5b4776550749d3a14aaf7e5f72cf63','243e994795ca489cb8aec60cf2bc1d97',10,8.00,80.00,0.0600,4.80,NULL,NULL,'2026-04-16 17:36:09'),('681ce1e10674472da980ae68aa884220','sale','822ffd09bde64e73b7860e6733b8319b','sp_small','bb385a5ac4e245799d15ded1cc2548f9','cfdf35790cbf4ce5babfc77dfad113c8',12,7.50,90.00,0.0600,5.40,NULL,NULL,'2026-04-16 11:11:29'),('68693f48c7124b54ad4b241bfbf33efb','sale','d359462cb2774282b59ca17a559cdd69','sp_small','bf601b29031e4096bc49d7c0ab37860b','132662dfb6f749089ab2be0d75a0e106',12,8.00,96.00,0.0600,5.76,NULL,NULL,'2026-04-14 21:33:16'),('692c947263a744fcb5e9e5eef5630be4','sale','14a58c05e91f4d6a9e641689bb3e60e1','sp_big','94837a015ca248a7933cfdb10a77c940','053878a2ede34e459ddca41c38ac658d',1,7.50,7.50,0.0600,0.45,NULL,NULL,'2026-04-16 21:54:38'),('693021a68e614f86b5fa423de6ed8f4f','sale','7211a360fc844bee8aecf97c4828655f','sp_small','7f673c69c99b4637b139e7a0df5f42ef','b676da29b65e4f7d944794f731af9d18',20,8.00,160.00,0.0600,9.60,NULL,NULL,'2026-04-15 21:25:14'),('6969e1effe2b42cc89c289ad09867166','sale','43a07209cb784de6b361005bad69857f','sp_small','513af953bccb4540bdc3f7e7d9ea7aba','2ee4a2a6df9d4caa8ce6b5e0c8a2d56d',15,7.50,112.50,0.0600,6.75,NULL,NULL,'2026-04-13 16:26:49'),('69b42289cf944a229eb165ebff5b2059','sale','680efd3dd02a48759ea3d9d6bcd1e9d7','sp_small','bf601b29031e4096bc49d7c0ab37860b','132662dfb6f749089ab2be0d75a0e106',12,8.00,96.00,0.0600,5.76,NULL,NULL,'2026-04-14 17:36:52'),('69cf1c31e8dd41c7bec40e5619a30f13','sale','39474098ba0e46ac867c9fa3c3327a18','sp_small','d82fe95243104849baecea0700907a0e','4b677dc8979a425293b41c77bbe14fa8',1,8.00,8.00,0.0600,0.48,NULL,NULL,'2026-04-12 13:54:02'),('69d9372ec50f48288ad0dc6b4f1f766a','sale','1887cef0fbc74740bce136619ce3ea44','sp_small','ed5fc24832904fda8cdc5fda5c7d7536','705cd0f20402438588cc6469a8f0cc94',10,8.00,80.00,0.0600,4.80,NULL,NULL,'2026-04-13 10:31:09'),('69f5351d0ed04336a70cb799d6ec8330','return','5444c07df7b249888f65e18764c545e3','sp_small','7f673c69c99b4637b139e7a0df5f42ef','1ffb3e0518814cbb97388d8674aae90a',2,8.00,16.00,0.0600,-0.96,NULL,NULL,'2026-04-15 22:35:26'),('6a6f6b39327c47e3b527ce42cab768c3','sale','b9d0e6ba215e49c0abc0a387e3589156','sp_small','bf601b29031e4096bc49d7c0ab37860b','900e1480a9c4482b830eed25bdd37a91',8,8.00,64.00,0.0600,3.84,NULL,NULL,'2026-04-14 17:21:44'),('6a956a8d54ca43f896152a8f09d7f601','sale','0070a39826b749b5a29a5197b53041eb','sp_small','4294acdb95fa48338410aa7380a81d36','b676da29b65e4f7d944794f731af9d18',10,8.00,80.00,0.0600,4.80,NULL,NULL,'2026-04-13 11:43:39'),('6ac106ec4f8942f59483b93bcfb64211','sale','43a07209cb784de6b361005bad69857f','sp_small','513af953bccb4540bdc3f7e7d9ea7aba','132662dfb6f749089ab2be0d75a0e106',12,8.00,96.00,0.0600,5.76,NULL,NULL,'2026-04-13 16:26:49'),('6ac775cbf4834fb5bfbc96ed5f01dc63','sale','8750d5bbb4e34be4bd997566dfc732ca','sp_small','6b4ca0a14bcc4aaaa4c312efa752e095','1ffb3e0518814cbb97388d8674aae90a',6,8.00,48.00,0.0600,2.88,NULL,NULL,'2026-04-16 08:52:10'),('6b018c0d721e41b8936f7162c44221fc','return','ab9c79f4a045491f803f604a1e114b11','sp_small','bb385a5ac4e245799d15ded1cc2548f9','d83e34b786f04a3cbe7917fb4bf0ff15',3,7.50,22.50,0.0600,-1.35,NULL,NULL,'2026-04-16 16:15:46'),('6c33157d26d143bc8ec6a234d867cbc1','void_sale','f5dcf172601e49b29e5c0dd4b49d98e9','sp_small','4294acdb95fa48338410aa7380a81d36','132662dfb6f749089ab2be0d75a0e106',12,8.00,96.00,0.0600,-5.76,NULL,NULL,'2026-04-13 12:01:35'),('6d9748344ab0481d8dfaf1312f5b8cd3','sale','b9d0e6ba215e49c0abc0a387e3589156','sp_small','bf601b29031e4096bc49d7c0ab37860b','4b677dc8979a425293b41c77bbe14fa8',12,8.00,96.00,0.0600,5.76,NULL,NULL,'2026-04-14 17:21:44'),('6dd5fb9b425e408ab69a64958dfeb2e6','sale','43a07209cb784de6b361005bad69857f','sp_small','513af953bccb4540bdc3f7e7d9ea7aba','243e994795ca489cb8aec60cf2bc1d97',10,8.00,80.00,0.0600,4.80,NULL,NULL,'2026-04-13 16:26:49'),('6dd6750cd6a24535ac66c840dbe618ac','sale','fb876bb5291e41a09632bfb069dcfffd','sp_small','7f673c69c99b4637b139e7a0df5f42ef','58edc8d15e5f4810a414c0941222b78a',1,7.50,7.50,0.0600,0.45,NULL,NULL,'2026-04-15 22:39:13'),('6eb588a39f944885a0d6eb6b0733715f','sale','a4d46d70cb2042cfb0b566fb27f8710a','sp_small','5a3767c69c1d4b1ebd0f0c06df6cb23b','705cd0f20402438588cc6469a8f0cc94',8,8.00,64.00,0.0600,3.84,NULL,NULL,'2026-04-13 13:02:42'),('6ec6e484b42f431ab08f3622168a329b','sale','373d726fa09a45b6b393a9caefb072cd','sp_small','bb385a5ac4e245799d15ded1cc2548f9','78e9127977ce41bca94809e78f373a89',12,7.50,90.00,0.0600,5.40,NULL,NULL,'2026-04-16 10:49:13'),('6fd231263e0943b1b58fc7cba297674e','return','23f9be348af74cd1adaad47e9b0dd56f','sp_small','7f673c69c99b4637b139e7a0df5f42ef','900e1480a9c4482b830eed25bdd37a91',1,8.00,8.00,0.0600,-0.48,NULL,NULL,'2026-04-15 22:39:13'),('70338b35ab3d42bb98232b3290818896','void_sale','38916faf2e4a4b60842ac53920e1bc92','sp_small','64f303a298fb41e58b6b875aeebf693b','cfdf35790cbf4ce5babfc77dfad113c8',12,7.50,90.00,0.0600,-5.40,NULL,NULL,'2026-04-13 15:51:39'),('709c72726e9f4dfba712b85ad25ad25e','sale','f197fbf39c2c47288fcf8d1df2a02375','sp_small','5451607fb03c437a826f26e9e0d6539a','e317a13efa21456db1113bb2aeb8e5f9',12,8.00,96.00,0.0600,5.76,NULL,NULL,'2026-04-16 15:06:25'),('70c292236b764fa78922592d5060773a','sale','af8438cc60d748578510f82cc3f1788c','sp_small','bf601b29031e4096bc49d7c0ab37860b','0752ebd7a81b40d883f1a82e531a5606',20,4.00,80.00,0.0600,4.80,NULL,NULL,'2026-04-14 23:20:40'),('7164deae185344fab63d6b7108b12b5e','sale','37bab6191ae9406786003d457e5a334b','sp_small','7c0d695b47ba4e1c9ed42bdd6317ebfa','78e9127977ce41bca94809e78f373a89',6,7.50,45.00,0.0600,2.70,NULL,NULL,'2026-04-13 15:15:08'),('71e914bc007d434ca30140151a84074a','sale','680efd3dd02a48759ea3d9d6bcd1e9d7','sp_small','bf601b29031e4096bc49d7c0ab37860b','4b677dc8979a425293b41c77bbe14fa8',12,8.00,96.00,0.0600,5.76,NULL,NULL,'2026-04-14 17:36:52'),('72bd7911541b421a98fada892145e358','sale','f197fbf39c2c47288fcf8d1df2a02375','sp_small','5451607fb03c437a826f26e9e0d6539a','b05cf5529def48719b9cfe7a57bb5b80',12,8.00,96.00,0.0600,5.76,NULL,NULL,'2026-04-16 15:06:25'),('72f0c475af30457e9ab5cda627a1006f','sale','eddbd485b77d471f9b54075d217576a8','sp_small','d82fe95243104849baecea0700907a0e','8ae1231378cc4717987a6bb6b20dd383',50,3.50,175.00,0.0600,10.50,NULL,NULL,'2026-04-12 11:23:20'),('731074c5f7d34a4d85a69b9954e56ee2','sale','e9fad5b69e824f8a95901acb52549530','sp_small','bb385a5ac4e245799d15ded1cc2548f9','84f5a14353be44aab5d762bd086a9a2b',12,8.00,96.00,0.0600,5.76,NULL,NULL,'2026-04-16 16:16:27'),('733b5231a6cc469383a99d93e68266ee','void_sale','b9d0e6ba215e49c0abc0a387e3589156','sp_small','bf601b29031e4096bc49d7c0ab37860b','458bfa78512043db9bbe57871878e7fe',12,4.00,48.00,0.0600,-2.88,NULL,NULL,'2026-04-14 17:36:06'),('73422430ac6a49b49b8892e7d4728671','sale','37bab6191ae9406786003d457e5a334b','sp_small','7c0d695b47ba4e1c9ed42bdd6317ebfa','900e1480a9c4482b830eed25bdd37a91',16,8.00,128.00,0.0600,7.68,NULL,NULL,'2026-04-13 15:15:08'),('7374c559aa624d19b1767a05b557af92','sale','bb3306d40d824ba5afb98a5ee54b77f3','sp_small','d82fe95243104849baecea0700907a0e','8e3a6f2f07dd421bad58749618c41409',1,8.00,8.00,0.0600,0.48,NULL,NULL,'2026-04-12 13:54:01'),('737852be41f7408fa1f6590dde981f4c','sale','5172cc64a9244d86986ec686fcbc96bc','sp_small','bf601b29031e4096bc49d7c0ab37860b','2ee4a2a6df9d4caa8ce6b5e0c8a2d56d',15,7.50,112.50,0.0600,6.75,NULL,NULL,'2026-04-14 17:18:56'),('73c716da73d94c4bb709a4d7993f5694','sale','71313dea9ea846f2adf3e82555e97667','sp_small','5a3767c69c1d4b1ebd0f0c06df6cb23b','cfdf35790cbf4ce5babfc77dfad113c8',6,7.50,45.00,0.0600,2.70,NULL,NULL,'2026-04-13 13:03:27'),('73f70d9fd21043e6ab100fed15a3fa51','return','92d060a879c44fa6b5139eea2770cc33','sp_small','bb385a5ac4e245799d15ded1cc2548f9','d83e34b786f04a3cbe7917fb4bf0ff15',3,7.50,22.50,0.0600,-1.35,NULL,NULL,'2026-04-16 11:12:56'),('740d797be28b4ed8a8e739ebba4e7eb4','sale','bfe67fe996914ee88d3ce9bd2db5474d','sp_small','d82fe95243104849baecea0700907a0e','e0213a7bf1c04790ac037e20fb20680c',1,4.00,4.00,0.0600,0.24,NULL,NULL,'2026-04-12 13:54:01'),('742f25c7a6fc4194880429cd56be703b','sale','3c0bc3cd0f64469a9195ca62d8890aea','sp_small','5451607fb03c437a826f26e9e0d6539a','8c49f08a935a4e7d801f7baf224adfcb',6,8.00,48.00,0.0600,2.88,NULL,NULL,'2026-04-16 15:17:39'),('743885564e3d4182b294b94a37db52a2','sale','bb3306d40d824ba5afb98a5ee54b77f3','sp_small','d82fe95243104849baecea0700907a0e','1ffb3e0518814cbb97388d8674aae90a',1,8.00,8.00,0.0600,0.48,NULL,NULL,'2026-04-12 13:54:01'),('7460d01a11d945babc5887aec68ffe8c','sale','3590a51051d24e038dfca0dae01931ba','sp_small','c84c1d2a11f24e32be4d0b6ea40c1648','900e1480a9c4482b830eed25bdd37a91',6,8.00,48.00,0.0600,2.88,NULL,NULL,'2026-04-13 12:10:07'),('748254ea282641ce88b1a69fabaa03d6','sale','14c28c40589c4beeb019037ef77fd65b','sp_big','st63','p16',1,71.00,71.00,0.0600,4.26,NULL,NULL,'2026-04-04 18:53:47'),('74ed1501e4dd4e8c9577363f71a47fb9','void_sale','b9d0e6ba215e49c0abc0a387e3589156','sp_small','bf601b29031e4096bc49d7c0ab37860b','cd2dea827fcf4895a774acd8eac4d671',8,8.00,64.00,0.0600,-3.84,NULL,NULL,'2026-04-14 17:36:06'),('751069daaf83477f8e82393194fdbb26','sale','d359462cb2774282b59ca17a559cdd69','sp_small','bf601b29031e4096bc49d7c0ab37860b','243e994795ca489cb8aec60cf2bc1d97',10,8.00,80.00,0.0600,4.80,NULL,NULL,'2026-04-14 21:33:16'),('7536b50c4f99426d9beee3dfc6decdfe','void_sale','1887cef0fbc74740bce136619ce3ea44','sp_small','ed5fc24832904fda8cdc5fda5c7d7536','cd2dea827fcf4895a774acd8eac4d671',8,8.00,64.00,0.0600,-3.84,NULL,NULL,'2026-04-13 12:01:47'),('754b497cbb73468b87ab0ae155a5a460','return','01cd2e01a758489ea0ce0a896ac88870','sp_small','4ba2876d636c45fc9a3c5d47dd176e91','871ef55e9c0a4d678b4da46520d9892a',2,4.00,8.00,0.0600,-0.48,NULL,NULL,'2026-04-16 16:18:40'),('75a4f55247dc4852adb7ccfdcaa489cd','sale','a4d46d70cb2042cfb0b566fb27f8710a','sp_small','5a3767c69c1d4b1ebd0f0c06df6cb23b','871ef55e9c0a4d678b4da46520d9892a',12,4.00,48.00,0.0600,2.88,NULL,NULL,'2026-04-13 13:02:42'),('75a6d7ed562842dfb4915a62f569dc72','return','c4e8c752b3a84365a7483c5034466da2','sp_big','94837a015ca248a7933cfdb10a77c940','4b677dc8979a425293b41c77bbe14fa8',3,8.00,24.00,0.0600,-1.44,NULL,NULL,'2026-04-16 21:54:38'),('75d2f8fa96a840f89c59886105b2df1b','void_sale','822ffd09bde64e73b7860e6733b8319b','sp_small','bb385a5ac4e245799d15ded1cc2548f9','78e9127977ce41bca94809e78f373a89',12,7.50,90.00,0.0600,-5.40,NULL,NULL,'2026-04-16 11:12:25'),('767725db8bb440949a468ad285c5f0ad','void_sale','a4d46d70cb2042cfb0b566fb27f8710a','sp_small','5a3767c69c1d4b1ebd0f0c06df6cb23b','0f9dd6bec55447c7b9f393af59c3c286',5,8.00,40.00,0.0600,-2.40,NULL,NULL,'2026-04-13 15:51:33'),('7757cb0ddd4346928e664b651fd0147b','sale','c91bd1dde02e49499357dfa7dd18c32e','sp_small','bb385a5ac4e245799d15ded1cc2548f9','900e1480a9c4482b830eed25bdd37a91',8,8.00,64.00,0.0600,3.84,NULL,NULL,'2026-04-16 16:15:46'),('77a5cc4973934b9b90be5ba1eb7ee089','return','9870464e7e814dcf8f505e2492cb7343','sp_small','4ba2876d636c45fc9a3c5d47dd176e91','3030165e94604fd48375b5402474e9b3',3,4.00,12.00,0.0600,-0.72,NULL,NULL,'2026-04-16 16:18:23'),('77bc827e1b1a4ac581e9a67eca56b723','sale','3c0bc3cd0f64469a9195ca62d8890aea','sp_small','5451607fb03c437a826f26e9e0d6539a','0f9dd6bec55447c7b9f393af59c3c286',10,8.00,80.00,0.0600,4.80,NULL,NULL,'2026-04-16 15:17:39'),('77ea8cb463b5411d89b7c6b28ec311e8','return','cf1cf41086a44ee1ac74fc077f5392a1','sp_small','bb385a5ac4e245799d15ded1cc2548f9','d83e34b786f04a3cbe7917fb4bf0ff15',3,7.50,22.50,0.0600,-1.35,NULL,NULL,'2026-04-16 11:11:29'),('781280d588db45568420aadbd2826495','sale','b9d0e6ba215e49c0abc0a387e3589156','sp_small','bf601b29031e4096bc49d7c0ab37860b','f116ee56a4804fe2bbfc8db4d3325cc0',8,7.50,60.00,0.0600,3.60,NULL,NULL,'2026-04-14 17:21:44'),('786378bfcd0144faa545806d4c14f709','sale','373d726fa09a45b6b393a9caefb072cd','sp_small','bb385a5ac4e245799d15ded1cc2548f9','900e1480a9c4482b830eed25bdd37a91',8,8.00,64.00,0.0600,3.84,NULL,NULL,'2026-04-16 10:49:13'),('78a839431840419798f4c0847efdb146','sale','03a1f1c4212a49889cef24bd230c2110','sp_big','94837a015ca248a7933cfdb10a77c940','132662dfb6f749089ab2be0d75a0e106',1,8.00,8.00,0.0600,0.48,NULL,NULL,'2026-04-16 21:52:35'),('7916cb474e6f4729bf07c27048bd9ffa','sale','1c46b5a2d17e4ce998cae56da18cc268','sp_big','st12','p1',1,45.00,45.00,0.0600,2.70,NULL,NULL,'2026-04-06 13:27:11'),('79d479cc813941db87d25078130195c1','sale','5ca0249cd17d4947b5c08dda151597b8','sp_small','5a3767c69c1d4b1ebd0f0c06df6cb23b','0f9dd6bec55447c7b9f393af59c3c286',5,8.00,40.00,0.0600,2.40,NULL,NULL,'2026-04-13 12:49:00'),('79fa25872eae4826b78366e5ecaf9eff','sale','ac16bbd5552246399e2e494b7e051bb2','sp_small','bb385a5ac4e245799d15ded1cc2548f9','bdd99bce7785474a9e6b56ffc6a5903e',12,7.50,90.00,0.0600,5.40,NULL,NULL,'2026-04-16 11:12:55'),('7a52b72c77b148c3b2fe2cffbb06f98d','sale','822ffd09bde64e73b7860e6733b8319b','sp_small','bb385a5ac4e245799d15ded1cc2548f9','705cd0f20402438588cc6469a8f0cc94',5,8.00,40.00,0.0600,2.40,NULL,NULL,'2026-04-16 11:11:29'),('7abd826d2538463bb8a2e2c0bc67a0dc','void_sale','b9d0e6ba215e49c0abc0a387e3589156','sp_small','bf601b29031e4096bc49d7c0ab37860b','575f9a3958f84526a45a94f154f672ed',15,7.50,112.50,0.0600,-6.75,NULL,NULL,'2026-04-14 17:36:06'),('7b6c44b764eb466480925458d88f10fe','void_sale','822ffd09bde64e73b7860e6733b8319b','sp_small','bb385a5ac4e245799d15ded1cc2548f9','bdd99bce7785474a9e6b56ffc6a5903e',12,7.50,90.00,0.0600,-5.40,NULL,NULL,'2026-04-16 11:12:25'),('7c15fdf49dc44f9e867859ac29df46c0','void_sale','b9d0e6ba215e49c0abc0a387e3589156','sp_small','bf601b29031e4096bc49d7c0ab37860b','f116ee56a4804fe2bbfc8db4d3325cc0',8,7.50,60.00,0.0600,-3.60,NULL,NULL,'2026-04-14 17:36:06'),('7c2139319f6a45928e80677e6dc94123','sale','3c0bc3cd0f64469a9195ca62d8890aea','sp_small','5451607fb03c437a826f26e9e0d6539a','b05cf5529def48719b9cfe7a57bb5b80',12,8.00,96.00,0.0600,5.76,NULL,NULL,'2026-04-16 15:17:39'),('7c515cf793d941c1a6cf8c60c2e53f6a','sale','680efd3dd02a48759ea3d9d6bcd1e9d7','sp_small','bf601b29031e4096bc49d7c0ab37860b','0f9dd6bec55447c7b9f393af59c3c286',10,8.00,80.00,0.0600,4.80,NULL,NULL,'2026-04-14 17:36:52'),('7c7b6d5a9e2c46be9de743570b2cc03a','sale','822ffd09bde64e73b7860e6733b8319b','sp_small','bb385a5ac4e245799d15ded1cc2548f9','84f5a14353be44aab5d762bd086a9a2b',12,8.00,96.00,0.0600,5.76,NULL,NULL,'2026-04-16 11:11:29'),('7c892a11e8cd48b2aab30b715ea6e355','sale','b9d0e6ba215e49c0abc0a387e3589156','sp_small','bf601b29031e4096bc49d7c0ab37860b','0f9dd6bec55447c7b9f393af59c3c286',10,8.00,80.00,0.0600,4.80,NULL,NULL,'2026-04-14 17:21:44'),('7d10001f0d964aa886415e68fed8905b','sale','37bab6191ae9406786003d457e5a334b','sp_small','7c0d695b47ba4e1c9ed42bdd6317ebfa','b05cf5529def48719b9cfe7a57bb5b80',6,8.00,48.00,0.0600,2.88,NULL,NULL,'2026-04-13 15:15:08'),('7dbb3427975b49d4af9e394545ab1aa6','sale','f5dcf172601e49b29e5c0dd4b49d98e9','sp_small','4294acdb95fa48338410aa7380a81d36','cfdf35790cbf4ce5babfc77dfad113c8',12,7.50,90.00,0.0600,5.40,NULL,NULL,'2026-04-13 11:37:58'),('7de0a162cf5b41c5bba0730fd11c9962','return','3ac8080ebae94ca09e9b8d0dee867968','sp_small','5451607fb03c437a826f26e9e0d6539a','94c3b4a6da884f9aac9604883866cd5b',3,7.50,22.50,0.0600,-1.35,NULL,NULL,'2026-04-16 15:17:39'),('7dee331488264ab692e8b0f7c3eb8be5','sale','af8438cc60d748578510f82cc3f1788c','sp_small','bf601b29031e4096bc49d7c0ab37860b','b676da29b65e4f7d944794f731af9d18',10,8.00,80.00,0.0600,4.80,NULL,NULL,'2026-04-14 23:20:40'),('7e82ec4fb5354b938012af97979e8bf3','sale','3c0bc3cd0f64469a9195ca62d8890aea','sp_small','5451607fb03c437a826f26e9e0d6539a','84f5a14353be44aab5d762bd086a9a2b',18,8.00,144.00,0.0600,8.64,NULL,NULL,'2026-04-16 15:17:39'),('7ed406b3db8a43499f3c5acbe1f702a1','return','1e3dcf82d85d4348a47029ad4bd17a84','sp_small','4ba2876d636c45fc9a3c5d47dd176e91','3030165e94604fd48375b5402474e9b3',3,4.00,12.00,0.0600,-0.72,NULL,NULL,'2026-04-16 13:56:25'),('7ee10d82b2cb4a57a27ec3343fe2c216','return','659111cd76e24292951131b2723e1c3d','sp_big','st1','p1',1,45.00,45.00,0.0600,-2.70,NULL,NULL,'2026-04-06 12:46:25'),('808973d443ae4c5f812aebd6a6516f9f','sale','37bab6191ae9406786003d457e5a334b','sp_small','7c0d695b47ba4e1c9ed42bdd6317ebfa','cd2dea827fcf4895a774acd8eac4d671',8,8.00,64.00,0.0600,3.84,NULL,NULL,'2026-04-13 15:15:08'),('808db31e4ac044d08f56b02cc10df710','sale','66fe82bc170b4a4184a4918787f749a4','sp_small','7f673c69c99b4637b139e7a0df5f42ef','1ffb3e0518814cbb97388d8674aae90a',2,8.00,16.00,0.0600,0.96,NULL,NULL,'2026-04-15 22:35:26'),('813902d786974f1281ffa172bf7695e5','sale','373d726fa09a45b6b393a9caefb072cd','sp_small','bb385a5ac4e245799d15ded1cc2548f9','8c49f08a935a4e7d801f7baf224adfcb',12,8.00,96.00,0.0600,5.76,NULL,NULL,'2026-04-16 10:49:13'),('81b5c3ff3a33487f82365742afe9da26','void_sale','f5dcf172601e49b29e5c0dd4b49d98e9','sp_small','4294acdb95fa48338410aa7380a81d36','b676da29b65e4f7d944794f731af9d18',10,8.00,80.00,0.0600,-4.80,NULL,NULL,'2026-04-13 12:01:35'),('822a942ca1bd4e8bbb3ac5c439478599','void_sale','ac16bbd5552246399e2e494b7e051bb2','sp_small','bb385a5ac4e245799d15ded1cc2548f9','bdd99bce7785474a9e6b56ffc6a5903e',12,7.50,90.00,0.0600,-5.40,NULL,NULL,'2026-04-16 11:13:42'),('824f9d37dadf47d79766ef9649985147','sale','37bab6191ae9406786003d457e5a334b','sp_small','7c0d695b47ba4e1c9ed42bdd6317ebfa','84f5a14353be44aab5d762bd086a9a2b',12,8.00,96.00,0.0600,5.76,NULL,NULL,'2026-04-13 15:15:08'),('82911852c5a44a9699801c08c44c97f9','sale','142c4075fd6b4f4ba352bf95cbe92014','sp_small','1f290d389faf44b5a135cf3f7bdee09b','b05cf5529def48719b9cfe7a57bb5b80',2,8.00,16.00,0.0600,0.96,NULL,NULL,'2026-04-16 07:07:03'),('831fcfea46464718b6e72d8e784770ff','sale','bfe67fe996914ee88d3ce9bd2db5474d','sp_small','d82fe95243104849baecea0700907a0e','132662dfb6f749089ab2be0d75a0e106',1,8.00,8.00,0.0600,0.48,NULL,NULL,'2026-04-12 13:54:01'),('837a73a6538e48e48cbb09feca7457ac','sale','373d726fa09a45b6b393a9caefb072cd','sp_small','bb385a5ac4e245799d15ded1cc2548f9','705cd0f20402438588cc6469a8f0cc94',6,8.00,48.00,0.0600,2.88,NULL,NULL,'2026-04-16 10:49:13'),('83d0f4eb6c6b477d860d33a14560d490','void_sale','f197fbf39c2c47288fcf8d1df2a02375','sp_small','5451607fb03c437a826f26e9e0d6539a','2ee4a2a6df9d4caa8ce6b5e0c8a2d56d',15,7.50,112.50,0.0600,-6.75,NULL,NULL,'2026-04-16 15:09:59'),('847faba642024064b00bbb9571a1a593','sale','a1bb654dfbde4a8d8d693211b70d0ae4','sp_small','64f303a298fb41e58b6b875aeebf693b','cd2dea827fcf4895a774acd8eac4d671',8,8.00,64.00,0.0600,3.84,NULL,NULL,'2026-04-13 14:15:13'),('84da74a3a49b44da87b805ecb00c8f15','sale','8750d5bbb4e34be4bd997566dfc732ca','sp_small','6b4ca0a14bcc4aaaa4c312efa752e095','58edc8d15e5f4810a414c0941222b78a',8,7.50,60.00,0.0600,3.60,NULL,NULL,'2026-04-16 08:52:10'),('84e7f1daf10540579288d31bdade1841','void_sale','c91bd1dde02e49499357dfa7dd18c32e','sp_small','bb385a5ac4e245799d15ded1cc2548f9','aece7f5d92174de0b758d459810ffcb1',6,8.00,48.00,0.0600,-2.88,NULL,NULL,'2026-04-16 16:16:11'),('84f2dce5c1d74c9c8d2195f314b007db','sale','a4d46d70cb2042cfb0b566fb27f8710a','sp_small','5a3767c69c1d4b1ebd0f0c06df6cb23b','cd2dea827fcf4895a774acd8eac4d671',4,8.00,32.00,0.0600,1.92,NULL,NULL,'2026-04-13 13:02:42'),('8516c898c5fd437e81b3d8cfcb641992','sale','39474098ba0e46ac867c9fa3c3327a18','sp_small','d82fe95243104849baecea0700907a0e','575f9a3958f84526a45a94f154f672ed',1,7.50,7.50,0.0600,0.45,NULL,NULL,'2026-04-12 13:54:02'),('85a65df3661b46c9b0f3222a0663daf3','sale','f197fbf39c2c47288fcf8d1df2a02375','sp_small','5451607fb03c437a826f26e9e0d6539a','cfdf35790cbf4ce5babfc77dfad113c8',12,7.50,90.00,0.0600,5.40,NULL,NULL,'2026-04-16 15:06:25'),('85ca6dc75f874407b6537e0598ac643a','sale','f977027a616545e6a8edededd8cd8bd5','sp_small','1f290d389faf44b5a135cf3f7bdee09b','900e1480a9c4482b830eed25bdd37a91',3,8.00,24.00,0.0600,1.44,NULL,NULL,'2026-04-16 07:07:14'),('868b34fe523b4b4bb349640c32d4d3d3','sale','1887cef0fbc74740bce136619ce3ea44','sp_small','ed5fc24832904fda8cdc5fda5c7d7536','58edc8d15e5f4810a414c0941222b78a',8,7.50,60.00,0.0600,3.60,NULL,NULL,'2026-04-13 10:31:09'),('86a4e3e068b74abea0a528c9a0638aec','sale','ac16bbd5552246399e2e494b7e051bb2','sp_small','bb385a5ac4e245799d15ded1cc2548f9','aece7f5d92174de0b758d459810ffcb1',6,8.00,48.00,0.0600,2.88,NULL,NULL,'2026-04-16 11:12:55'),('86c284111f6141939c5b9a553d533889','sale','ff157037b4c44ca9abf4874d56eb4cbb','sp_small','bb385a5ac4e245799d15ded1cc2548f9','84f5a14353be44aab5d762bd086a9a2b',12,8.00,96.00,0.0600,5.76,NULL,NULL,'2026-04-16 16:14:27'),('87298ac9072344c5acd5a0d68d137a2e','void_sale','822ffd09bde64e73b7860e6733b8319b','sp_small','bb385a5ac4e245799d15ded1cc2548f9','e317a13efa21456db1113bb2aeb8e5f9',12,8.00,96.00,0.0600,-5.76,NULL,NULL,'2026-04-16 11:12:25'),('87bc004b447a47dba8c04180c88ab192','sale','39474098ba0e46ac867c9fa3c3327a18','sp_small','d82fe95243104849baecea0700907a0e','1ffb3e0518814cbb97388d8674aae90a',1,8.00,8.00,0.0600,0.48,NULL,NULL,'2026-04-12 13:54:02'),('885146ba838042c48c6384375d2aae92','sale','373d726fa09a45b6b393a9caefb072cd','sp_small','bb385a5ac4e245799d15ded1cc2548f9','cfdf35790cbf4ce5babfc77dfad113c8',12,7.50,90.00,0.0600,5.40,NULL,NULL,'2026-04-16 10:49:13'),('887b21a6643f4b8db6bca6b03b1d5ad6','void_sale','f5dcf172601e49b29e5c0dd4b49d98e9','sp_small','4294acdb95fa48338410aa7380a81d36','900e1480a9c4482b830eed25bdd37a91',8,8.00,64.00,0.0600,-3.84,NULL,NULL,'2026-04-13 12:01:35'),('8885f334452940909c62cce85986f34b','void_sale','acaa301833424d0f8b32c7595dd20b06','sp_small','7671e0aa0e5c4cacb7b08cdf10654353','84f5a14353be44aab5d762bd086a9a2b',6,8.00,48.00,0.0600,-2.88,NULL,NULL,'2026-04-13 18:14:33'),('88d6a910d4a946c2824cfcf6e7b7ae79','sale','daba9badcd2d49009ab5feea6d5f0eda','sp_small','7671e0aa0e5c4cacb7b08cdf10654353','8c49f08a935a4e7d801f7baf224adfcb',12,8.00,96.00,0.0600,5.76,NULL,NULL,'2026-04-13 17:07:18'),('8a23dfd1e62d4e1ca5b7ada27c7f896c','sale','bb3306d40d824ba5afb98a5ee54b77f3','sp_small','d82fe95243104849baecea0700907a0e','84f5a14353be44aab5d762bd086a9a2b',1,8.00,8.00,0.0600,0.48,NULL,NULL,'2026-04-12 13:54:01'),('8a37282144314de49368a5b6e970746a','sale','39474098ba0e46ac867c9fa3c3327a18','sp_small','d82fe95243104849baecea0700907a0e','99e3f41e2a784934ad25a3c65a8c0f44',1,4.00,4.00,0.0600,0.24,NULL,NULL,'2026-04-12 13:54:02'),('8a695cdbcaf64e1897a2ca897cba5b92','return','d71273087edf4c419d587b866ae87250','sp_small','d82fe95243104849baecea0700907a0e','1ffb3e0518814cbb97388d8674aae90a',24,8.00,192.00,0.0600,-11.52,NULL,NULL,'2026-04-12 16:45:44'),('8bfce2c5fccb454d9649fd8f4c172fb2','void_sale','38916faf2e4a4b60842ac53920e1bc92','sp_small','64f303a298fb41e58b6b875aeebf693b','dedb3818f0204a198eea338c1a74b48c',8,8.00,64.00,0.0600,-3.84,NULL,NULL,'2026-04-13 15:51:39'),('8c268e6733404be095a0b571c5e9018f','sale','5172cc64a9244d86986ec686fcbc96bc','sp_small','bf601b29031e4096bc49d7c0ab37860b','b676da29b65e4f7d944794f731af9d18',10,8.00,80.00,0.0600,4.80,NULL,NULL,'2026-04-14 17:18:56'),('8c86395ec39f4caf9f69c232e8f2948a','sale','a4d46d70cb2042cfb0b566fb27f8710a','sp_small','5a3767c69c1d4b1ebd0f0c06df6cb23b','b676da29b65e4f7d944794f731af9d18',5,8.00,40.00,0.0600,2.40,NULL,NULL,'2026-04-13 13:02:42'),('8cc3c0d310b24a2d852c8e6ec25893af','void_sale','1887cef0fbc74740bce136619ce3ea44','sp_small','ed5fc24832904fda8cdc5fda5c7d7536','1ffb3e0518814cbb97388d8674aae90a',12,8.00,96.00,0.0600,-5.76,NULL,NULL,'2026-04-13 12:01:47'),('8d3a47975a774ab68dc95dd9a332d7a8','return','eafc5a1b3ad54310bcaad59aeafd9e88','sp_small','bb385a5ac4e245799d15ded1cc2548f9','d83e34b786f04a3cbe7917fb4bf0ff15',3,7.50,22.50,0.0600,-1.35,NULL,NULL,'2026-04-16 11:14:35'),('8d5762e06d75427f9dd4b55128a9fce1','void_sale','7f2dc8006efe4f03b9410b0c6c7b02a4','sp_small','4ba2876d636c45fc9a3c5d47dd176e91','dedb3818f0204a198eea338c1a74b48c',4,8.00,32.00,0.0600,-1.92,NULL,NULL,'2026-04-16 16:23:17'),('8d587e8129a941b887cc48e6bbb29e13','sale','71313dea9ea846f2adf3e82555e97667','sp_small','5a3767c69c1d4b1ebd0f0c06df6cb23b','dedb3818f0204a198eea338c1a74b48c',6,8.00,48.00,0.0600,2.88,NULL,NULL,'2026-04-13 13:03:27'),('8d818f5cc7bf40919dfae6a6ce3caf03','sale','39474098ba0e46ac867c9fa3c3327a18','sp_small','d82fe95243104849baecea0700907a0e','132662dfb6f749089ab2be0d75a0e106',1,8.00,8.00,0.0600,0.48,NULL,NULL,'2026-04-12 13:54:02'),('8dd025e91d8b4531b261038e8c1156ee','sale','94872b34ba1549819cdec945396ce5f2','sp_small','bf601b29031e4096bc49d7c0ab37860b','53da4c7539644b60970085acba6781a5',6,7.50,45.00,0.0600,2.70,NULL,NULL,'2026-04-13 18:03:38'),('8e7f31e8d6ba4157ac2acaf2f6b5747c','sale','f1e44f88444c4410aa63275cbc35ea8e','sp_small','ed5fc24832904fda8cdc5fda5c7d7536','cd2dea827fcf4895a774acd8eac4d671',8,8.00,64.00,0.0600,3.84,NULL,NULL,'2026-04-13 10:29:51'),('8f4872883155412bab5ea3b804c3a2e6','sale','ac16bbd5552246399e2e494b7e051bb2','sp_small','bb385a5ac4e245799d15ded1cc2548f9','8c49f08a935a4e7d801f7baf224adfcb',12,8.00,96.00,0.0600,5.76,NULL,NULL,'2026-04-16 11:12:55'),('8f68596dc5034b839daadb24387f5838','void_sale','38916faf2e4a4b60842ac53920e1bc92','sp_small','64f303a298fb41e58b6b875aeebf693b','0752ebd7a81b40d883f1a82e531a5606',20,4.00,80.00,0.0600,-4.80,NULL,NULL,'2026-04-13 15:51:39'),('8fae9e84538a49c6adb6c79a3e925e6d','sale','142c4075fd6b4f4ba352bf95cbe92014','sp_small','1f290d389faf44b5a135cf3f7bdee09b','900e1480a9c4482b830eed25bdd37a91',3,8.00,24.00,0.0600,1.44,NULL,NULL,'2026-04-16 07:07:03'),('902a383cbede4d55a5d23f9cbc845bc6','sale','7211a360fc844bee8aecf97c4828655f','sp_small','7f673c69c99b4637b139e7a0df5f42ef','57e9c215273641e3a67f2151c07ab337',2,4.50,9.00,0.0600,0.54,NULL,NULL,'2026-04-15 21:25:14'),('908f4197ac954b68917ba8ca016f5e6d','sale','38916faf2e4a4b60842ac53920e1bc92','sp_small','64f303a298fb41e58b6b875aeebf693b','132662dfb6f749089ab2be0d75a0e106',12,8.00,96.00,0.0600,5.76,NULL,NULL,'2026-04-13 14:13:28'),('91039f04277f4c83ab53fc33a403a8e3','sale','43a07209cb784de6b361005bad69857f','sp_small','513af953bccb4540bdc3f7e7d9ea7aba','dedb3818f0204a198eea338c1a74b48c',13,8.00,104.00,0.0600,6.24,NULL,NULL,'2026-04-13 16:26:49'),('91bf7fa8418d438aa948752650513f2b','sale','af8438cc60d748578510f82cc3f1788c','sp_small','bf601b29031e4096bc49d7c0ab37860b','0f9dd6bec55447c7b9f393af59c3c286',10,8.00,80.00,0.0600,4.80,NULL,NULL,'2026-04-14 23:20:40'),('91ff4d08921b4c38b732e3278a081309','sale','bb3306d40d824ba5afb98a5ee54b77f3','sp_small','d82fe95243104849baecea0700907a0e','053878a2ede34e459ddca41c38ac658d',1,7.50,7.50,0.0600,0.45,NULL,NULL,'2026-04-12 13:54:01'),('923973798ae5462d9ab24e7c5bd242aa','sale','43a07209cb784de6b361005bad69857f','sp_small','513af953bccb4540bdc3f7e7d9ea7aba','58edc8d15e5f4810a414c0941222b78a',8,7.50,60.00,0.0600,3.60,NULL,NULL,'2026-04-13 16:26:49'),('9276e7fc4f7c4950bf418b6dfb8201de','void_sale','f5dcf172601e49b29e5c0dd4b49d98e9','sp_small','4294acdb95fa48338410aa7380a81d36','bdd99bce7785474a9e6b56ffc6a5903e',6,7.50,45.00,0.0600,-2.70,NULL,NULL,'2026-04-13 12:01:35'),('92d07edbc178437cba1ed3a2552bd705','void_sale','af2d729b07c347fea0c23f2ff17a719e','sp_small','bb385a5ac4e245799d15ded1cc2548f9','cfdf35790cbf4ce5babfc77dfad113c8',12,7.50,90.00,0.0600,-5.40,NULL,NULL,'2026-04-16 16:13:44'),('93222912b64d44bb990e41481abd5a37','sale','ac16bbd5552246399e2e494b7e051bb2','sp_small','bb385a5ac4e245799d15ded1cc2548f9','705cd0f20402438588cc6469a8f0cc94',5,8.00,40.00,0.0600,2.40,NULL,NULL,'2026-04-16 11:12:55'),('9418da3dc98c4f97bd6d0535b07cc1aa','void_sale','94872b34ba1549819cdec945396ce5f2','sp_small','bf601b29031e4096bc49d7c0ab37860b','3030165e94604fd48375b5402474e9b3',10,4.00,40.00,0.0600,-2.40,NULL,NULL,'2026-04-13 18:14:26'),('9423c76e6a4d430a94115337f09d6e3a','sale','27f0885bee3240bb98ec5e0f962789f1','sp_big','st12','p1',1,45.00,45.00,0.0600,2.70,NULL,NULL,'2026-04-06 14:00:25'),('94364d08d079489abe5e7efcb9af7e18','void_sale','c7d227f20ad143fca1840e24af7695f8','sp_small','4ba2876d636c45fc9a3c5d47dd176e91','b05cf5529def48719b9cfe7a57bb5b80',4,8.00,32.00,0.0600,-1.92,NULL,NULL,'2026-04-16 16:17:45'),('94b6412749794d1fa13cb921a3a9ba01','sale','680efd3dd02a48759ea3d9d6bcd1e9d7','sp_small','bf601b29031e4096bc49d7c0ab37860b','243e994795ca489cb8aec60cf2bc1d97',10,8.00,80.00,0.0600,4.80,NULL,NULL,'2026-04-14 17:36:52'),('95b801d6cf1047fb959722626b3e4cbb','return','9c071899398b40fcae1a08bf552a9c90','sp_small','bf601b29031e4096bc49d7c0ab37860b','cd2dea827fcf4895a774acd8eac4d671',3,8.00,24.00,0.0600,-1.44,NULL,NULL,'2026-04-14 23:20:40'),('95e2430b3a744bcaad0afd6e373e924f','void_sale','3590a51051d24e038dfca0dae01931ba','sp_small','c84c1d2a11f24e32be4d0b6ea40c1648','1ffb3e0518814cbb97388d8674aae90a',12,8.00,96.00,0.0600,-5.76,NULL,NULL,'2026-04-13 15:51:25'),('95eb3630295047cc89ce1bde03cad501','sale','f45ba8ab0a084027b633cffa873df09d','sp_small','7f673c69c99b4637b139e7a0df5f42ef','3030165e94604fd48375b5402474e9b3',2,4.00,8.00,0.0600,0.48,NULL,NULL,'2026-04-15 22:35:16'),('96907daea8f54407b74ca0e958e5d835','void_sale','1887cef0fbc74740bce136619ce3ea44','sp_small','ed5fc24832904fda8cdc5fda5c7d7536','900e1480a9c4482b830eed25bdd37a91',8,8.00,64.00,0.0600,-3.84,NULL,NULL,'2026-04-13 12:01:47'),('96ae1a5671e941fd90fd6652d466a7f2','return','71f9dabf0e0e4aeeb9cf980722e5d4a7','sp_small','bf601b29031e4096bc49d7c0ab37860b','e0213a7bf1c04790ac037e20fb20680c',6,4.00,24.00,0.0600,-1.44,NULL,NULL,'2026-04-14 17:18:56'),('970d0b9ced3a48d1aeb9dc5c1f624087','return','14c92bfd61e34395bd089f0d1836b601','sp_small','bf601b29031e4096bc49d7c0ab37860b','705cd0f20402438588cc6469a8f0cc94',2,8.00,16.00,0.0600,-0.96,NULL,NULL,'2026-04-14 21:33:16'),('971955539ae1481585ff1d4cd8e0e0ff','return','e3d655935645468cb613d2d17de5a5fd','sp_small','bf601b29031e4096bc49d7c0ab37860b','84f5a14353be44aab5d762bd086a9a2b',3,8.00,24.00,0.0600,-1.44,NULL,NULL,'2026-04-14 17:21:44'),('97c31d7784854d0d88427316263e4217','void_sale','ac16bbd5552246399e2e494b7e051bb2','sp_small','bb385a5ac4e245799d15ded1cc2548f9','cfdf35790cbf4ce5babfc77dfad113c8',12,7.50,90.00,0.0600,-5.40,NULL,NULL,'2026-04-16 11:13:42'),('9886dd79c6184442acc1de075cd0f902','sale','a96c3603a42b44d2ab02b2fc88d95c50','sp_small','4ba2876d636c45fc9a3c5d47dd176e91','1ffb3e0518814cbb97388d8674aae90a',6,8.00,48.00,0.0600,2.88,NULL,NULL,'2026-04-16 16:18:23'),('989952d6e87f4d86ad610592d79a5107','sale','f197fbf39c2c47288fcf8d1df2a02375','sp_small','5451607fb03c437a826f26e9e0d6539a','900e1480a9c4482b830eed25bdd37a91',8,8.00,64.00,0.0600,3.84,NULL,NULL,'2026-04-16 15:06:25'),('98ccd0c801db4549a237277744e6edc0','sale','71313dea9ea846f2adf3e82555e97667','sp_small','5a3767c69c1d4b1ebd0f0c06df6cb23b','705cd0f20402438588cc6469a8f0cc94',8,8.00,64.00,0.0600,3.84,NULL,NULL,'2026-04-13 13:03:27'),('98de7bebafe2478bba089590ec4d53e5','sale','5172cc64a9244d86986ec686fcbc96bc','sp_small','bf601b29031e4096bc49d7c0ab37860b','0752ebd7a81b40d883f1a82e531a5606',20,4.00,80.00,0.0600,4.80,NULL,NULL,'2026-04-14 17:18:56'),('98fd48a9b4f14e349c541cb298f0947b','void_sale','f197fbf39c2c47288fcf8d1df2a02375','sp_small','5451607fb03c437a826f26e9e0d6539a','991d1b867e3d4c92b5723a55cb902475',10,3.50,35.00,0.0600,-2.10,NULL,NULL,'2026-04-16 15:09:59'),('998ee4e895fc4530915cb934c92b1059','sale','8750d5bbb4e34be4bd997566dfc732ca','sp_small','6b4ca0a14bcc4aaaa4c312efa752e095','84f5a14353be44aab5d762bd086a9a2b',6,8.00,48.00,0.0600,2.88,NULL,NULL,'2026-04-16 08:52:10'),('9a548d5af1cc4d0b8984578294673ce3','void_sale','f197fbf39c2c47288fcf8d1df2a02375','sp_small','5451607fb03c437a826f26e9e0d6539a','cd2dea827fcf4895a774acd8eac4d671',8,8.00,64.00,0.0600,-3.84,NULL,NULL,'2026-04-16 15:09:59'),('9aa7a4cbda8542bcb38bf189f918daf9','sale','822ffd09bde64e73b7860e6733b8319b','sp_small','bb385a5ac4e245799d15ded1cc2548f9','900e1480a9c4482b830eed25bdd37a91',8,8.00,64.00,0.0600,3.84,NULL,NULL,'2026-04-16 11:11:29'),('9b6c8e4916bd4ef782d96d07296ebec2','void_sale','f5dcf172601e49b29e5c0dd4b49d98e9','sp_small','4294acdb95fa48338410aa7380a81d36','84f5a14353be44aab5d762bd086a9a2b',12,8.00,96.00,0.0600,-5.76,NULL,NULL,'2026-04-13 12:01:35'),('9b908a7308104ed9ac226d1cd14c47ea','return','9c071899398b40fcae1a08bf552a9c90','sp_small','bf601b29031e4096bc49d7c0ab37860b','0f9dd6bec55447c7b9f393af59c3c286',6,8.00,48.00,0.0600,-2.88,NULL,NULL,'2026-04-14 23:20:40'),('9be63d3d491f4a629a044da1ab05b5eb','sale','f6a3ad80d5394950b65662b345da4d84','sp_small','4ba2876d636c45fc9a3c5d47dd176e91','dedb3818f0204a198eea338c1a74b48c',4,8.00,32.00,0.0600,1.92,NULL,NULL,'2026-04-16 16:18:40'),('9c3711acf8de4d15a0fb3e211ab19c8e','sale','7f2dc8006efe4f03b9410b0c6c7b02a4','sp_small','4ba2876d636c45fc9a3c5d47dd176e91','c75e167ff4a54177a7c9fd6bb10686b1',6,5.50,33.00,0.0600,1.98,NULL,NULL,'2026-04-16 13:53:49'),('9c6695abe93845f69d7e7cd8c6f95e65','sale','1887cef0fbc74740bce136619ce3ea44','sp_small','ed5fc24832904fda8cdc5fda5c7d7536','bdd99bce7785474a9e6b56ffc6a5903e',6,7.50,45.00,0.0600,2.70,NULL,NULL,'2026-04-13 10:31:09'),('9c76d71ea94843dcb8a73a45fd8c9857','sale','f1e44f88444c4410aa63275cbc35ea8e','sp_small','ed5fc24832904fda8cdc5fda5c7d7536','cfdf35790cbf4ce5babfc77dfad113c8',12,7.50,90.00,0.0600,5.40,NULL,NULL,'2026-04-13 10:29:51'),('9c9869fcd1e04c9ba73592ea8eec5257','sale','f45ba8ab0a084027b633cffa873df09d','sp_small','7f673c69c99b4637b139e7a0df5f42ef','1ffb3e0518814cbb97388d8674aae90a',2,8.00,16.00,0.0600,0.96,NULL,NULL,'2026-04-15 22:35:16'),('9c9dd9cd44e84e80bc7d087ce93f89c3','sale','bb3306d40d824ba5afb98a5ee54b77f3','sp_small','d82fe95243104849baecea0700907a0e','1bbd4938f0414180b6b53bea106a3ca0',1,7.50,7.50,0.0600,0.45,NULL,NULL,'2026-04-12 13:54:01'),('9ca3c831b6824231bd4315c55b5ec729','sale','a1bb654dfbde4a8d8d693211b70d0ae4','sp_small','64f303a298fb41e58b6b875aeebf693b','705cd0f20402438588cc6469a8f0cc94',10,8.00,80.00,0.0600,4.80,NULL,NULL,'2026-04-13 14:15:13'),('9ccbfdb84d4244ce94f4333c77096678','sale','2f046b8f0e0e401e9b15445c630d9201','sp_small','7f673c69c99b4637b139e7a0df5f42ef','900e1480a9c4482b830eed25bdd37a91',1,8.00,8.00,0.0600,0.48,NULL,NULL,'2026-04-15 21:26:37'),('9d1977e3d01a4eaeb7cb5eaf99a4c5d5','sale','a4d46d70cb2042cfb0b566fb27f8710a','sp_small','5a3767c69c1d4b1ebd0f0c06df6cb23b','cfdf35790cbf4ce5babfc77dfad113c8',6,7.50,45.00,0.0600,2.70,NULL,NULL,'2026-04-13 13:02:42'),('9da8d131c5dd4f418b0e49eb74a0d570','sale','af2d729b07c347fea0c23f2ff17a719e','sp_small','bb385a5ac4e245799d15ded1cc2548f9','bdd99bce7785474a9e6b56ffc6a5903e',12,7.50,90.00,0.0600,5.40,NULL,NULL,'2026-04-16 11:14:35'),('9e414f62146a4f5d88dee303738602c8','sale','f197fbf39c2c47288fcf8d1df2a02375','sp_small','5451607fb03c437a826f26e9e0d6539a','0f9dd6bec55447c7b9f393af59c3c286',10,8.00,80.00,0.0600,4.80,NULL,NULL,'2026-04-16 15:06:25'),('9ecd79c006f14a5cb0c161a3b696ca3a','void_sale','f197fbf39c2c47288fcf8d1df2a02375','sp_small','5451607fb03c437a826f26e9e0d6539a','1ffb3e0518814cbb97388d8674aae90a',12,8.00,96.00,0.0600,-5.76,NULL,NULL,'2026-04-16 15:09:59'),('9f1a2906437748a9b8000981568e9c37','sale','71313dea9ea846f2adf3e82555e97667','sp_small','5a3767c69c1d4b1ebd0f0c06df6cb23b','871ef55e9c0a4d678b4da46520d9892a',12,4.00,48.00,0.0600,2.88,NULL,NULL,'2026-04-13 13:03:27'),('9f3826d0721342118bf65582b1263348','sale','f197fbf39c2c47288fcf8d1df2a02375','sp_small','5451607fb03c437a826f26e9e0d6539a','243e994795ca489cb8aec60cf2bc1d97',10,8.00,80.00,0.0600,4.80,NULL,NULL,'2026-04-16 15:06:25'),('9f77de7296fc4c44a48487b36867fa5a','void_sale','1887cef0fbc74740bce136619ce3ea44','sp_small','ed5fc24832904fda8cdc5fda5c7d7536','705cd0f20402438588cc6469a8f0cc94',10,8.00,80.00,0.0600,-4.80,NULL,NULL,'2026-04-13 12:01:47'),('9fb5e9d64a7348c1936fd98ad8fd961d','sale','c7d227f20ad143fca1840e24af7695f8','sp_small','4ba2876d636c45fc9a3c5d47dd176e91','0752ebd7a81b40d883f1a82e531a5606',7,4.00,28.00,0.0600,1.68,NULL,NULL,'2026-04-16 13:56:25'),('9fef52ef59554d8bbb75c29d95614f58','return','14c92bfd61e34395bd089f0d1836b601','sp_small','bf601b29031e4096bc49d7c0ab37860b','57e9c215273641e3a67f2151c07ab337',2,4.50,9.00,0.0600,-0.54,NULL,NULL,'2026-04-14 21:33:16'),('9fff063ae1e94d5183018ea035960ec3','sale','8750d5bbb4e34be4bd997566dfc732ca','sp_small','6b4ca0a14bcc4aaaa4c312efa752e095','0f9dd6bec55447c7b9f393af59c3c286',10,8.00,80.00,0.0600,4.80,NULL,NULL,'2026-04-16 08:52:10'),('a031b47e97c941c7804cbf2542a36fd1','void_sale','822ffd09bde64e73b7860e6733b8319b','sp_small','bb385a5ac4e245799d15ded1cc2548f9','cfdf35790cbf4ce5babfc77dfad113c8',12,7.50,90.00,0.0600,-5.40,NULL,NULL,'2026-04-16 11:12:25'),('a05c3c03575440749349b618426a8d00','sale','39474098ba0e46ac867c9fa3c3327a18','sp_small','d82fe95243104849baecea0700907a0e','e0213a7bf1c04790ac037e20fb20680c',1,4.00,4.00,0.0600,0.24,NULL,NULL,'2026-04-12 13:54:02'),('a0f6eb87cbe24001a1dcbccd7a0637e3','sale','bfe67fe996914ee88d3ce9bd2db5474d','sp_small','d82fe95243104849baecea0700907a0e','0752ebd7a81b40d883f1a82e531a5606',1,4.00,4.00,0.0600,0.24,NULL,NULL,'2026-04-12 13:54:01'),('a1b5c0aeb7e5425eab348c972db4fa01','sale','71313dea9ea846f2adf3e82555e97667','sp_small','5a3767c69c1d4b1ebd0f0c06df6cb23b','b05cf5529def48719b9cfe7a57bb5b80',6,8.00,48.00,0.0600,2.88,NULL,NULL,'2026-04-13 13:03:27'),('a21556639a0f4148a50c726257a6cc13','void_sale','f197fbf39c2c47288fcf8d1df2a02375','sp_small','5451607fb03c437a826f26e9e0d6539a','900e1480a9c4482b830eed25bdd37a91',8,8.00,64.00,0.0600,-3.84,NULL,NULL,'2026-04-16 15:09:59'),('a254b80b31b54e25bb66f7c06294f0d8','void_sale','b9d0e6ba215e49c0abc0a387e3589156','sp_small','bf601b29031e4096bc49d7c0ab37860b','8e3a6f2f07dd421bad58749618c41409',15,8.00,120.00,0.0600,-7.20,NULL,NULL,'2026-04-14 17:36:06'),('a2efdb67cb1247718ce355d000588fa7','void_sale','f197fbf39c2c47288fcf8d1df2a02375','sp_small','5451607fb03c437a826f26e9e0d6539a','84f5a14353be44aab5d762bd086a9a2b',18,8.00,144.00,0.0600,-8.64,NULL,NULL,'2026-04-16 15:09:59'),('a2fc9c9ad0fc456791d24b78e7b5f0cf','return','f3034a90abd34418bb5a83c4d63ddad7','sp_small','bf601b29031e4096bc49d7c0ab37860b','900e1480a9c4482b830eed25bdd37a91',2,8.00,16.00,0.0600,-0.96,NULL,NULL,'2026-04-15 14:06:04'),('a31a51aa63a8458ab4907f673fe79ae4','sale','ff157037b4c44ca9abf4874d56eb4cbb','sp_small','bb385a5ac4e245799d15ded1cc2548f9','aece7f5d92174de0b758d459810ffcb1',6,8.00,48.00,0.0600,2.88,NULL,NULL,'2026-04-16 16:14:27'),('a39390e110bc4694ac1a7e8746d84854','sale','1887cef0fbc74740bce136619ce3ea44','sp_small','ed5fc24832904fda8cdc5fda5c7d7536','900e1480a9c4482b830eed25bdd37a91',8,8.00,64.00,0.0600,3.84,NULL,NULL,'2026-04-13 10:31:09'),('a42a6992f9984421b1b99688e9f3eb8c','return','e3d655935645468cb613d2d17de5a5fd','sp_small','bf601b29031e4096bc49d7c0ab37860b','e0213a7bf1c04790ac037e20fb20680c',6,4.00,24.00,0.0600,-1.44,NULL,NULL,'2026-04-14 17:21:44'),('a496f2774989479db2d69250fc777cdc','sale','daba9badcd2d49009ab5feea6d5f0eda','sp_small','7671e0aa0e5c4cacb7b08cdf10654353','b05cf5529def48719b9cfe7a57bb5b80',6,8.00,48.00,0.0600,2.88,NULL,NULL,'2026-04-13 17:07:18'),('a50a5a40ff884d4688e9d839a79b31fe','sale','814af535e8de4123a2ad1a5738c0cb36','sp_big','st100','p10',1,37.00,37.00,0.0600,2.22,NULL,NULL,'2026-04-09 18:06:13'),('a51c2140b8ae43b5b60126bfa0ec1029','sale','daba9badcd2d49009ab5feea6d5f0eda','sp_small','7671e0aa0e5c4cacb7b08cdf10654353','0f9dd6bec55447c7b9f393af59c3c286',10,8.00,80.00,0.0600,4.80,NULL,NULL,'2026-04-13 17:07:18'),('a5e80ed420c64e9c8c7797dbf9d4b3f6','void_sale','c7d227f20ad143fca1840e24af7695f8','sp_small','4ba2876d636c45fc9a3c5d47dd176e91','0752ebd7a81b40d883f1a82e531a5606',7,4.00,28.00,0.0600,-1.68,NULL,NULL,'2026-04-16 16:17:45'),('a6ae896157cd4e45859080271802a05f','sale','6de5a32e52804025af12273b719000ff','sp_small','b4650eed52c340cab737c545f06185f0','bdd99bce7785474a9e6b56ffc6a5903e',6,7.50,45.00,0.0600,2.70,NULL,NULL,'2026-04-16 13:41:08'),('a6ce5fefea5a44a6a27cb99d6d713b05','sale','97202826452a4bb5a086ccab7263cfb7','sp_small','bf5b4776550749d3a14aaf7e5f72cf63','575f9a3958f84526a45a94f154f672ed',15,7.50,112.50,0.0600,6.75,NULL,NULL,'2026-04-16 17:36:09'),('a6dd9a04c0954128bea6776fa5d7c86b','sale','f5dcf172601e49b29e5c0dd4b49d98e9','sp_small','4294acdb95fa48338410aa7380a81d36','84f5a14353be44aab5d762bd086a9a2b',12,8.00,96.00,0.0600,5.76,NULL,NULL,'2026-04-13 11:37:58'),('a6e59f4fe81c44f98c84f136a1d4e69a','sale','39474098ba0e46ac867c9fa3c3327a18','sp_small','d82fe95243104849baecea0700907a0e','8e3a6f2f07dd421bad58749618c41409',1,8.00,8.00,0.0600,0.48,NULL,NULL,'2026-04-12 13:54:02'),('a745f56df5774c5b9361551739ea1441','return','71f9dabf0e0e4aeeb9cf980722e5d4a7','sp_small','bf601b29031e4096bc49d7c0ab37860b','84f5a14353be44aab5d762bd086a9a2b',3,8.00,24.00,0.0600,-1.44,NULL,NULL,'2026-04-14 17:18:56'),('a7a377850fc044708ac121cca21df081','void_sale','373d726fa09a45b6b393a9caefb072cd','sp_small','bb385a5ac4e245799d15ded1cc2548f9','8c49f08a935a4e7d801f7baf224adfcb',12,8.00,96.00,0.0600,-5.76,NULL,NULL,'2026-04-16 11:10:09'),('a87608bab77b4f899b1d152ef4fe629e','void_sale','d6541890cb9b48c29536822f2bcbbf84','sp_small','dd2629677a874247a271da940e1cc57d','99e3f41e2a784934ad25a3c65a8c0f44',20,4.00,80.00,0.0600,-4.80,NULL,NULL,'2026-04-13 15:52:23'),('a95c1204b67440f29005cd52e44ac8d1','void_sale','c91bd1dde02e49499357dfa7dd18c32e','sp_small','bb385a5ac4e245799d15ded1cc2548f9','58edc8d15e5f4810a414c0941222b78a',8,7.50,60.00,0.0600,-3.60,NULL,NULL,'2026-04-16 16:16:11'),('a95f94228fb04dbea33acabb6af07714','void_sale','822ffd09bde64e73b7860e6733b8319b','sp_small','bb385a5ac4e245799d15ded1cc2548f9','cd2dea827fcf4895a774acd8eac4d671',8,8.00,64.00,0.0600,-3.84,NULL,NULL,'2026-04-16 11:12:25'),('a976d6b8b0b64158b46ca4064dec533d','return','bd9cd092b0954ea9ac1b824429df7706','sp_small','7f673c69c99b4637b139e7a0df5f42ef','1ffb3e0518814cbb97388d8674aae90a',2,8.00,16.00,0.0600,-0.96,NULL,NULL,'2026-04-15 22:35:16'),('a9a96e70430440c1b5585bd9a755f12e','return','a7a8c24b238843ef831ee45f5985b5fd','sp_small','7f673c69c99b4637b139e7a0df5f42ef','900e1480a9c4482b830eed25bdd37a91',1,8.00,8.00,0.0600,-0.48,NULL,NULL,'2026-04-15 21:26:28'),('a9fd1bf48ff64f2185c19a1eb51b5b6c','return','72352d470ca646f390cd03d8a844f522','sp_small','bf601b29031e4096bc49d7c0ab37860b','2ee4a2a6df9d4caa8ce6b5e0c8a2d56d',15,7.50,112.50,0.0600,-6.75,NULL,NULL,'2026-04-14 17:36:52'),('aa4d517c05c44411a822f695797ad937','return','c62d7fdac3f140a5903b1eb3f6ee6e96','sp_small','7f673c69c99b4637b139e7a0df5f42ef','900e1480a9c4482b830eed25bdd37a91',1,8.00,8.00,0.0600,-0.48,NULL,NULL,'2026-04-15 21:26:37'),('aa50cbe04a344afb9ecef84c156dfa31','sale','daba9badcd2d49009ab5feea6d5f0eda','sp_small','7671e0aa0e5c4cacb7b08cdf10654353','1ffb3e0518814cbb97388d8674aae90a',10,8.00,80.00,0.0600,4.80,NULL,NULL,'2026-04-13 17:07:18'),('ab30c930e9704f6594aa4206da72ccab','sale','38916faf2e4a4b60842ac53920e1bc92','sp_small','64f303a298fb41e58b6b875aeebf693b','dedb3818f0204a198eea338c1a74b48c',8,8.00,64.00,0.0600,3.84,NULL,NULL,'2026-04-13 14:13:28'),('ab9d11cc56dc4826b252995e48a224c5','sale','5172cc64a9244d86986ec686fcbc96bc','sp_small','bf601b29031e4096bc49d7c0ab37860b','3030165e94604fd48375b5402474e9b3',10,4.00,40.00,0.0600,2.40,NULL,NULL,'2026-04-14 17:18:56'),('abc436b5105f49f0b446c058d32e854c','sale','ff157037b4c44ca9abf4874d56eb4cbb','sp_small','bb385a5ac4e245799d15ded1cc2548f9','58edc8d15e5f4810a414c0941222b78a',8,7.50,60.00,0.0600,3.60,NULL,NULL,'2026-04-16 16:14:27'),('abf5a31c0cda4ea5b63ff81bd61d9517','return','01cd2e01a758489ea0ce0a896ac88870','sp_small','4ba2876d636c45fc9a3c5d47dd176e91','99e3f41e2a784934ad25a3c65a8c0f44',3,4.00,12.00,0.0600,-0.72,NULL,NULL,'2026-04-16 16:18:40'),('ac0a2e07303849f89d05c2b234feda8a','sale','680efd3dd02a48759ea3d9d6bcd1e9d7','sp_small','bf601b29031e4096bc49d7c0ab37860b','0752ebd7a81b40d883f1a82e531a5606',20,4.00,80.00,0.0600,4.80,NULL,NULL,'2026-04-14 17:36:52'),('ad6a1d09561749299153b1976fa9de78','sale','f1e44f88444c4410aa63275cbc35ea8e','sp_small','ed5fc24832904fda8cdc5fda5c7d7536','900e1480a9c4482b830eed25bdd37a91',8,8.00,64.00,0.0600,3.84,NULL,NULL,'2026-04-13 10:29:51'),('ad7ac17a31ad44f3a5d04d16a83be129','sale','373d726fa09a45b6b393a9caefb072cd','sp_small','bb385a5ac4e245799d15ded1cc2548f9','e317a13efa21456db1113bb2aeb8e5f9',12,8.00,96.00,0.0600,5.76,NULL,NULL,'2026-04-16 10:49:13'),('adf20f7182fc4bdc9568a58de7f903f7','void_sale','94872b34ba1549819cdec945396ce5f2','sp_small','bf601b29031e4096bc49d7c0ab37860b','900e1480a9c4482b830eed25bdd37a91',8,8.00,64.00,0.0600,-3.84,NULL,NULL,'2026-04-13 18:14:26'),('ae1cc2deb2a149e39a660f0cfe385846','sale','8750d5bbb4e34be4bd997566dfc732ca','sp_small','6b4ca0a14bcc4aaaa4c312efa752e095','900e1480a9c4482b830eed25bdd37a91',16,8.00,128.00,0.0600,7.68,NULL,NULL,'2026-04-16 08:52:10'),('ae2e500f57594fcdb90d4f7ce410cff2','sale','af2d729b07c347fea0c23f2ff17a719e','sp_small','bb385a5ac4e245799d15ded1cc2548f9','aece7f5d92174de0b758d459810ffcb1',6,8.00,48.00,0.0600,2.88,NULL,NULL,'2026-04-16 11:14:35'),('ae493a253a9640409104afebe91c01a3','sale','373d726fa09a45b6b393a9caefb072cd','sp_small','bb385a5ac4e245799d15ded1cc2548f9','58edc8d15e5f4810a414c0941222b78a',8,7.50,60.00,0.0600,3.60,NULL,NULL,'2026-04-16 10:49:13'),('aea9374b094342499820878ce7350d19','sale','7f2dc8006efe4f03b9410b0c6c7b02a4','sp_small','4ba2876d636c45fc9a3c5d47dd176e91','dedb3818f0204a198eea338c1a74b48c',4,8.00,32.00,0.0600,1.92,NULL,NULL,'2026-04-16 13:53:49'),('aee4fac4f732480889409339b22f204f','void_sale','373d726fa09a45b6b393a9caefb072cd','sp_small','bb385a5ac4e245799d15ded1cc2548f9','58edc8d15e5f4810a414c0941222b78a',8,7.50,60.00,0.0600,-3.60,NULL,NULL,'2026-04-16 11:10:09'),('af453c283fe2469295b566d87516b5a1','sale','c7d227f20ad143fca1840e24af7695f8','sp_small','4ba2876d636c45fc9a3c5d47dd176e91','c75e167ff4a54177a7c9fd6bb10686b1',6,5.50,33.00,0.0600,1.98,NULL,NULL,'2026-04-16 13:56:25'),('afe9f36672994e67a2595005ead4a13c','sale','e9fad5b69e824f8a95901acb52549530','sp_small','bb385a5ac4e245799d15ded1cc2548f9','e317a13efa21456db1113bb2aeb8e5f9',12,8.00,96.00,0.0600,5.76,NULL,NULL,'2026-04-16 16:16:27'),('b03683fb71644d22beb725f7e9a3bc11','sale','822ffd09bde64e73b7860e6733b8319b','sp_small','bb385a5ac4e245799d15ded1cc2548f9','58edc8d15e5f4810a414c0941222b78a',8,7.50,60.00,0.0600,3.60,NULL,NULL,'2026-04-16 11:11:29'),('b0a98ff888c14f669cb395071f813627','sale','39474098ba0e46ac867c9fa3c3327a18','sp_small','d82fe95243104849baecea0700907a0e','84f5a14353be44aab5d762bd086a9a2b',1,8.00,8.00,0.0600,0.48,NULL,NULL,'2026-04-12 13:54:02'),('b1561360d2aa43e0b8a7604309088267','void_sale','f197fbf39c2c47288fcf8d1df2a02375','sp_small','5451607fb03c437a826f26e9e0d6539a','243e994795ca489cb8aec60cf2bc1d97',10,8.00,80.00,0.0600,-4.80,NULL,NULL,'2026-04-16 15:09:59'),('b164714b90f64038acc8952bcd96954e','sale','9f8cd2c29b3c45e8a0a8b07755b52b84','sp_small','eddf8cfb94a4450db82650c21b1405c6','243e994795ca489cb8aec60cf2bc1d97',60,8.00,480.00,0.0600,28.80,NULL,NULL,'2026-04-11 23:24:13'),('b2f4b9932b1d43c2983d5a518f1a6a89','sale','d6541890cb9b48c29536822f2bcbbf84','sp_small','dd2629677a874247a271da940e1cc57d','99e3f41e2a784934ad25a3c65a8c0f44',20,4.00,80.00,0.0600,4.80,NULL,NULL,'2026-04-12 17:08:51'),('b3854d0be0f645b68f2a688d4abde73d','sale','bfe67fe996914ee88d3ce9bd2db5474d','sp_small','d82fe95243104849baecea0700907a0e','458bfa78512043db9bbe57871878e7fe',1,4.00,4.00,0.0600,0.24,NULL,NULL,'2026-04-12 13:54:01'),('b40e438deb94405d9c6bf305303b0a98','sale','ac16bbd5552246399e2e494b7e051bb2','sp_small','bb385a5ac4e245799d15ded1cc2548f9','58edc8d15e5f4810a414c0941222b78a',8,7.50,60.00,0.0600,3.60,NULL,NULL,'2026-04-16 11:12:55'),('b454db2ecb80494295b22a3ce1dbfb21','sale','38916faf2e4a4b60842ac53920e1bc92','sp_small','64f303a298fb41e58b6b875aeebf693b','1ffb3e0518814cbb97388d8674aae90a',12,8.00,96.00,0.0600,5.76,NULL,NULL,'2026-04-13 14:13:28'),('b4868bc7e53145b59415e9d0577e9499','sale','f6a3ad80d5394950b65662b345da4d84','sp_small','4ba2876d636c45fc9a3c5d47dd176e91','0752ebd7a81b40d883f1a82e531a5606',7,4.00,28.00,0.0600,1.68,NULL,NULL,'2026-04-16 16:18:40'),('b49ae7759fa740dcb136214841551436','sale','ff157037b4c44ca9abf4874d56eb4cbb','sp_small','bb385a5ac4e245799d15ded1cc2548f9','900e1480a9c4482b830eed25bdd37a91',8,8.00,64.00,0.0600,3.84,NULL,NULL,'2026-04-16 16:14:27'),('b5189b96cdfd427099abaff7f5f395bc','void_sale','f197fbf39c2c47288fcf8d1df2a02375','sp_small','5451607fb03c437a826f26e9e0d6539a','b05cf5529def48719b9cfe7a57bb5b80',12,8.00,96.00,0.0600,-5.76,NULL,NULL,'2026-04-16 15:09:59'),('b5b4c8658d7b44f987c1ba3cffbfba20','sale','7f2dc8006efe4f03b9410b0c6c7b02a4','sp_small','4ba2876d636c45fc9a3c5d47dd176e91','b05cf5529def48719b9cfe7a57bb5b80',4,8.00,32.00,0.0600,1.92,NULL,NULL,'2026-04-16 13:53:49'),('b6099ca885034aaaaa974f6138ab0be3','sale','f197fbf39c2c47288fcf8d1df2a02375','sp_small','5451607fb03c437a826f26e9e0d6539a','8c49f08a935a4e7d801f7baf224adfcb',6,8.00,48.00,0.0600,2.88,NULL,NULL,'2026-04-16 15:06:25'),('b64d512dc60d465399a444847439348d','sale','3c0bc3cd0f64469a9195ca62d8890aea','sp_small','5451607fb03c437a826f26e9e0d6539a','1ffb3e0518814cbb97388d8674aae90a',12,8.00,96.00,0.0600,5.76,NULL,NULL,'2026-04-16 15:17:39'),('b69145325c2e4bd58d256a95f29ee7bd','void_sale','1887cef0fbc74740bce136619ce3ea44','sp_small','ed5fc24832904fda8cdc5fda5c7d7536','58edc8d15e5f4810a414c0941222b78a',8,7.50,60.00,0.0600,-3.60,NULL,NULL,'2026-04-13 12:01:47'),('b6cda58cf025477aa6f9895c677c6b6d','void_sale','c7d227f20ad143fca1840e24af7695f8','sp_small','4ba2876d636c45fc9a3c5d47dd176e91','1ffb3e0518814cbb97388d8674aae90a',6,8.00,48.00,0.0600,-2.88,NULL,NULL,'2026-04-16 16:17:45'),('b6ead52c862044c6a68e4a6ab04c07de','sale','ff157037b4c44ca9abf4874d56eb4cbb','sp_small','bb385a5ac4e245799d15ded1cc2548f9','78e9127977ce41bca94809e78f373a89',12,7.50,90.00,0.0600,5.40,NULL,NULL,'2026-04-16 16:14:27'),('b733dbbcd2e040e6bb8c318769f0e32f','void_sale','822ffd09bde64e73b7860e6733b8319b','sp_small','bb385a5ac4e245799d15ded1cc2548f9','900e1480a9c4482b830eed25bdd37a91',8,8.00,64.00,0.0600,-3.84,NULL,NULL,'2026-04-16 11:12:25'),('b7358db4aa584e63be5cbcbb4ba8bd44','sale','bfe67fe996914ee88d3ce9bd2db5474d','sp_small','d82fe95243104849baecea0700907a0e','8ae1231378cc4717987a6bb6b20dd383',1,3.50,3.50,0.0600,0.21,NULL,NULL,'2026-04-12 13:54:01'),('b74a5ae625ad4d2cac6e01269bed5951','sale','39474098ba0e46ac867c9fa3c3327a18','sp_small','d82fe95243104849baecea0700907a0e','243e994795ca489cb8aec60cf2bc1d97',1,8.00,8.00,0.0600,0.48,NULL,NULL,'2026-04-12 13:54:02'),('b789723e5bb745028295fe3a7b9528ae','void_sale','c91bd1dde02e49499357dfa7dd18c32e','sp_small','bb385a5ac4e245799d15ded1cc2548f9','84f5a14353be44aab5d762bd086a9a2b',12,8.00,96.00,0.0600,-5.76,NULL,NULL,'2026-04-16 16:16:11'),('b7f4b7211d584bf28ca84eb947d545ce','sale','39474098ba0e46ac867c9fa3c3327a18','sp_small','d82fe95243104849baecea0700907a0e','1bbd4938f0414180b6b53bea106a3ca0',1,7.50,7.50,0.0600,0.45,NULL,NULL,'2026-04-12 13:54:02'),('b869a7dd8f5a426e9e9018e5448df9be','sale','cbc5f5f479cf46f993b86e05d044218e','sp_small','2229c9a75b1a42798e6d5284d0f096c8','243e994795ca489cb8aec60cf2bc1d97',60,8.00,480.00,0.0600,28.80,NULL,NULL,'2026-04-11 23:55:14'),('b8c72c6de68247e5a40be70c6199bb88','void_sale','f197fbf39c2c47288fcf8d1df2a02375','sp_small','5451607fb03c437a826f26e9e0d6539a','0f9dd6bec55447c7b9f393af59c3c286',10,8.00,80.00,0.0600,-4.80,NULL,NULL,'2026-04-16 15:09:59'),('b94f8bee31e94ef6a5359d54419f8830','sale','c7d227f20ad143fca1840e24af7695f8','sp_small','4ba2876d636c45fc9a3c5d47dd176e91','78e9127977ce41bca94809e78f373a89',6,7.50,45.00,0.0600,2.70,NULL,NULL,'2026-04-16 13:56:25'),('b970d4d32a9e450291ddbc0743e715a7','return','eb748a3fa19c47a096b7b350b244030d','sp_big','st10','p10',2,37.00,74.00,0.0600,-4.44,NULL,NULL,'2026-04-09 19:37:01'),('b97e4784b7de4aca83f931d9cecc41ac','sale','38916faf2e4a4b60842ac53920e1bc92','sp_small','64f303a298fb41e58b6b875aeebf693b','cd2dea827fcf4895a774acd8eac4d671',8,8.00,64.00,0.0600,3.84,NULL,NULL,'2026-04-13 14:13:28'),('b9955477fca946c79973f75b6c8274ca','sale','97202826452a4bb5a086ccab7263cfb7','sp_small','bf5b4776550749d3a14aaf7e5f72cf63','132662dfb6f749089ab2be0d75a0e106',12,8.00,96.00,0.0600,5.76,NULL,NULL,'2026-04-16 17:36:09'),('b9dc6fbcae9d4c788032cbfd03e44074','sale','680efd3dd02a48759ea3d9d6bcd1e9d7','sp_small','bf601b29031e4096bc49d7c0ab37860b','b05cf5529def48719b9cfe7a57bb5b80',6,8.00,48.00,0.0600,2.88,NULL,NULL,'2026-04-14 17:36:52'),('ba065577078f44b09319fecc5e829445','sale','43a07209cb784de6b361005bad69857f','sp_small','513af953bccb4540bdc3f7e7d9ea7aba','bdd99bce7785474a9e6b56ffc6a5903e',6,7.50,45.00,0.0600,2.70,NULL,NULL,'2026-04-13 16:26:49'),('ba76a69c69e04fdcbf27656b28a6d3d8','sale','c91bd1dde02e49499357dfa7dd18c32e','sp_small','bb385a5ac4e245799d15ded1cc2548f9','58edc8d15e5f4810a414c0941222b78a',8,7.50,60.00,0.0600,3.60,NULL,NULL,'2026-04-16 16:15:46'),('bb52751488b24561b0e026c556f4a355','sale','3590a51051d24e038dfca0dae01931ba','sp_small','c84c1d2a11f24e32be4d0b6ea40c1648','1ffb3e0518814cbb97388d8674aae90a',12,8.00,96.00,0.0600,5.76,NULL,NULL,'2026-04-13 12:10:07'),('bc1762c41af34b358c3b109c01b2f1cc','sale','03a1f1c4212a49889cef24bd230c2110','sp_big','94837a015ca248a7933cfdb10a77c940','57e9c215273641e3a67f2151c07ab337',1,4.50,4.50,0.0600,0.27,NULL,NULL,'2026-04-16 21:52:35'),('bc3eccb2a0fe491b95437051118c2d8c','sale','39474098ba0e46ac867c9fa3c3327a18','sp_small','d82fe95243104849baecea0700907a0e','8ae1231378cc4717987a6bb6b20dd383',1,3.50,3.50,0.0600,0.21,NULL,NULL,'2026-04-12 13:54:02'),('bc4dbc42688b49048821014977a88604','sale','37bab6191ae9406786003d457e5a334b','sp_small','7c0d695b47ba4e1c9ed42bdd6317ebfa','b676da29b65e4f7d944794f731af9d18',10,8.00,80.00,0.0600,4.80,NULL,NULL,'2026-04-13 15:15:08'),('bca68ee0b7974ce7bcc4e8c797741664','sale','c7d227f20ad143fca1840e24af7695f8','sp_small','4ba2876d636c45fc9a3c5d47dd176e91','dedb3818f0204a198eea338c1a74b48c',4,8.00,32.00,0.0600,1.92,NULL,NULL,'2026-04-16 13:56:25'),('bce2fbbe1fc64d279435c96aafc40b42','void_sale','ff157037b4c44ca9abf4874d56eb4cbb','sp_small','bb385a5ac4e245799d15ded1cc2548f9','58edc8d15e5f4810a414c0941222b78a',8,7.50,60.00,0.0600,-3.60,NULL,NULL,'2026-04-16 16:15:25'),('bd7777e3c0564f55a58bca861c48a3ca','sale','38916faf2e4a4b60842ac53920e1bc92','sp_small','64f303a298fb41e58b6b875aeebf693b','b676da29b65e4f7d944794f731af9d18',10,8.00,80.00,0.0600,4.80,NULL,NULL,'2026-04-13 14:13:28'),('bdadc3d5fb9f45bf98e755fd7fef19bf','return','e3d655935645468cb613d2d17de5a5fd','sp_small','bf601b29031e4096bc49d7c0ab37860b','991d1b867e3d4c92b5723a55cb902475',10,3.50,35.00,0.0600,-2.10,NULL,NULL,'2026-04-14 17:21:44'),('bdb5075f4dee444fbb0e6b9b36cf97f7','sale','1887cef0fbc74740bce136619ce3ea44','sp_small','ed5fc24832904fda8cdc5fda5c7d7536','cd2dea827fcf4895a774acd8eac4d671',8,8.00,64.00,0.0600,3.84,NULL,NULL,'2026-04-13 10:31:09'),('bde48527f8ca4f1f8e1ba45f365d8b1d','sale','71313dea9ea846f2adf3e82555e97667','sp_small','5a3767c69c1d4b1ebd0f0c06df6cb23b','243e994795ca489cb8aec60cf2bc1d97',5,8.00,40.00,0.0600,2.40,NULL,NULL,'2026-04-13 13:03:27'),('bdfb0bc92fc2472487f7514ffa22a704','sale','bb3306d40d824ba5afb98a5ee54b77f3','sp_small','d82fe95243104849baecea0700907a0e','99e3f41e2a784934ad25a3c65a8c0f44',1,4.00,4.00,0.0600,0.24,NULL,NULL,'2026-04-12 13:54:01'),('be5e5d244693412ca26cd60f88bbef1d','void_sale','ff157037b4c44ca9abf4874d56eb4cbb','sp_small','bb385a5ac4e245799d15ded1cc2548f9','e317a13efa21456db1113bb2aeb8e5f9',12,8.00,96.00,0.0600,-5.76,NULL,NULL,'2026-04-16 16:15:25'),('bec34aad694141ceb9c0a00446da2eb2','void_sale','c91bd1dde02e49499357dfa7dd18c32e','sp_small','bb385a5ac4e245799d15ded1cc2548f9','900e1480a9c4482b830eed25bdd37a91',8,8.00,64.00,0.0600,-3.84,NULL,NULL,'2026-04-16 16:16:11'),('bf0f6071bfa64582bac6c6e20dfb3549','sale','ea200b85af514ecab2fb6f024c956084','sp_small','d463b4b16e644cb4a72e4fa84f624a90','243e994795ca489cb8aec60cf2bc1d97',10,8.00,80.00,0.0600,4.80,NULL,NULL,'2026-04-12 20:13:53'),('bf39f93e967c4828b200e7bd7b72400a','sale','37bab6191ae9406786003d457e5a334b','sp_small','7c0d695b47ba4e1c9ed42bdd6317ebfa','58edc8d15e5f4810a414c0941222b78a',8,7.50,60.00,0.0600,3.60,NULL,NULL,'2026-04-13 15:15:08'),('c02b9da2f9f94e98a1084aa03350dc1d','sale','5172cc64a9244d86986ec686fcbc96bc','sp_small','bf601b29031e4096bc49d7c0ab37860b','f116ee56a4804fe2bbfc8db4d3325cc0',8,7.50,60.00,0.0600,3.60,NULL,NULL,'2026-04-14 17:18:56'),('c0492050bc424b94b302751105fdfc81','sale','5172cc64a9244d86986ec686fcbc96bc','sp_small','bf601b29031e4096bc49d7c0ab37860b','243e994795ca489cb8aec60cf2bc1d97',10,8.00,80.00,0.0600,4.80,NULL,NULL,'2026-04-14 17:18:56'),('c068e65828ac4671a7df46206407c0a7','return','32facff243a44ab38296c1ad19489c94','sp_small','1f290d389faf44b5a135cf3f7bdee09b','900e1480a9c4482b830eed25bdd37a91',1,8.00,8.00,0.0600,-0.48,NULL,NULL,'2026-04-16 07:05:55'),('c090cc33bd784f30bbd830d3bb5f1b54','sale','efe9ef7385a848aa883fcb3f8debdad9','sp_big','st10','p10',1,37.00,37.00,0.0600,2.22,NULL,NULL,'2026-04-09 17:47:52'),('c233607e9ca64bb6915e49e8b3df63fa','sale','daba9badcd2d49009ab5feea6d5f0eda','sp_small','7671e0aa0e5c4cacb7b08cdf10654353','705cd0f20402438588cc6469a8f0cc94',10,8.00,80.00,0.0600,4.80,NULL,NULL,'2026-04-13 17:07:18'),('c2a0deae21ce43839f61f0dd7d0963e9','sale','5172cc64a9244d86986ec686fcbc96bc','sp_small','bf601b29031e4096bc49d7c0ab37860b','575f9a3958f84526a45a94f154f672ed',15,7.50,112.50,0.0600,6.75,NULL,NULL,'2026-04-14 17:18:56'),('c2b427f66a604ee89c5b227e3fb71dbd','sale','f1e44f88444c4410aa63275cbc35ea8e','sp_small','ed5fc24832904fda8cdc5fda5c7d7536','705cd0f20402438588cc6469a8f0cc94',10,8.00,80.00,0.0600,4.80,NULL,NULL,'2026-04-13 10:29:51'),('c32fc34ea0ea4c1bb482d637c62ee924','return','fca7660042ad45e5923db4f66d888817','sp_small','b4650eed52c340cab737c545f06185f0','17b677c9d851427bb9ee33040e0ee92b',4,7.50,30.00,0.0600,-1.80,NULL,NULL,'2026-04-16 13:41:08'),('c3748997301f422b9be1c3c0051549d5','sale','f1e44f88444c4410aa63275cbc35ea8e','sp_small','ed5fc24832904fda8cdc5fda5c7d7536','b05cf5529def48719b9cfe7a57bb5b80',6,8.00,48.00,0.0600,2.88,NULL,NULL,'2026-04-13 10:29:51'),('c3f7507a29b9474f8302fbdaff9cc0e0','void_sale','7f2dc8006efe4f03b9410b0c6c7b02a4','sp_small','4ba2876d636c45fc9a3c5d47dd176e91','b05cf5529def48719b9cfe7a57bb5b80',4,8.00,32.00,0.0600,-1.92,NULL,NULL,'2026-04-16 16:23:17'),('c45b36e865114c72a222f7d1d599288f','sale','a96c3603a42b44d2ab02b2fc88d95c50','sp_small','4ba2876d636c45fc9a3c5d47dd176e91','c75e167ff4a54177a7c9fd6bb10686b1',6,5.50,33.00,0.0600,1.98,NULL,NULL,'2026-04-16 16:18:23'),('c487468084a742b08d9a1e8a430c25cd','return','fd1cdc5a41614e8aa6a398ed281d765d','sp_small','7f673c69c99b4637b139e7a0df5f42ef','cd2dea827fcf4895a774acd8eac4d671',2,8.00,16.00,0.0600,-0.96,NULL,NULL,'2026-04-15 21:25:14'),('c52884e9998544088694dceb7c1484c6','void_sale','373d726fa09a45b6b393a9caefb072cd','sp_small','bb385a5ac4e245799d15ded1cc2548f9','e317a13efa21456db1113bb2aeb8e5f9',12,8.00,96.00,0.0600,-5.76,NULL,NULL,'2026-04-16 11:10:09'),('c5375c8f8f8d487f8bc6d960c6c8e9c7','void_sale','acaa301833424d0f8b32c7595dd20b06','sp_small','7671e0aa0e5c4cacb7b08cdf10654353','b05cf5529def48719b9cfe7a57bb5b80',6,8.00,48.00,0.0600,-2.88,NULL,NULL,'2026-04-13 18:14:33'),('c5d2fc42f9a748f6ac7f5d44b87c6515','sale','b9c81b6b5c1d4859aaa7d879875e0ffa','sp_small','bf601b29031e4096bc49d7c0ab37860b','900e1480a9c4482b830eed25bdd37a91',8,8.00,64.00,0.0600,3.84,NULL,NULL,'2026-04-13 18:04:36'),('c60e6f3f79fb430982e1501ca5684eb5','void_sale','38916faf2e4a4b60842ac53920e1bc92','sp_small','64f303a298fb41e58b6b875aeebf693b','58edc8d15e5f4810a414c0941222b78a',8,7.50,60.00,0.0600,-3.60,NULL,NULL,'2026-04-13 15:51:39'),('c61c8a6868af415ca78628e76800a710','void_sale','c91bd1dde02e49499357dfa7dd18c32e','sp_small','bb385a5ac4e245799d15ded1cc2548f9','8c49f08a935a4e7d801f7baf224adfcb',12,8.00,96.00,0.0600,-5.76,NULL,NULL,'2026-04-16 16:16:11'),('c699dc18353f471cb48cbdde65f5b080','sale','39474098ba0e46ac867c9fa3c3327a18','sp_small','d82fe95243104849baecea0700907a0e','053878a2ede34e459ddca41c38ac658d',1,7.50,7.50,0.0600,0.45,NULL,NULL,'2026-04-12 13:54:02'),('c6c0d6ff06bb4e79a207a45ba5723223','sale','ff157037b4c44ca9abf4874d56eb4cbb','sp_small','bb385a5ac4e245799d15ded1cc2548f9','705cd0f20402438588cc6469a8f0cc94',5,8.00,40.00,0.0600,2.40,NULL,NULL,'2026-04-16 16:14:27'),('c6daf6d0eb45412880f58fabfafbd1ce','sale','39474098ba0e46ac867c9fa3c3327a18','sp_small','d82fe95243104849baecea0700907a0e','2ee4a2a6df9d4caa8ce6b5e0c8a2d56d',1,7.50,7.50,0.0600,0.45,NULL,NULL,'2026-04-12 13:54:02'),('c758fb2c966344adaa911b3206adf0c9','sale','a4d46d70cb2042cfb0b566fb27f8710a','sp_small','5a3767c69c1d4b1ebd0f0c06df6cb23b','243e994795ca489cb8aec60cf2bc1d97',5,8.00,40.00,0.0600,2.40,NULL,NULL,'2026-04-13 13:02:42'),('c796801f5639491186b26c5fdfaeee7a','sale','daba9badcd2d49009ab5feea6d5f0eda','sp_small','7671e0aa0e5c4cacb7b08cdf10654353','84f5a14353be44aab5d762bd086a9a2b',6,8.00,48.00,0.0600,2.88,NULL,NULL,'2026-04-13 17:07:18'),('c7fa4415e3b249caa199525e8932a15e','sale','5172cc64a9244d86986ec686fcbc96bc','sp_small','bf601b29031e4096bc49d7c0ab37860b','58edc8d15e5f4810a414c0941222b78a',8,7.50,60.00,0.0600,3.60,NULL,NULL,'2026-04-14 17:18:56'),('c841b7cb0f2342fd937c65af146d40c6','void_sale','7f2dc8006efe4f03b9410b0c6c7b02a4','sp_small','4ba2876d636c45fc9a3c5d47dd176e91','0752ebd7a81b40d883f1a82e531a5606',7,4.00,28.00,0.0600,-1.68,NULL,NULL,'2026-04-16 16:23:17'),('c88d9b1bb730473bb4bcb63860b325af','void_sale','1887cef0fbc74740bce136619ce3ea44','sp_small','ed5fc24832904fda8cdc5fda5c7d7536','132662dfb6f749089ab2be0d75a0e106',6,8.00,48.00,0.0600,-2.88,NULL,NULL,'2026-04-13 12:01:47'),('c8b0e45839f242619ab0f79cccea116c','sale','37bab6191ae9406786003d457e5a334b','sp_small','7c0d695b47ba4e1c9ed42bdd6317ebfa','132662dfb6f749089ab2be0d75a0e106',12,8.00,96.00,0.0600,5.76,NULL,NULL,'2026-04-13 15:15:08'),('c8cad8cfba85449c9b56cce2413e5c38','sale','8750d5bbb4e34be4bd997566dfc732ca','sp_small','6b4ca0a14bcc4aaaa4c312efa752e095','bdd99bce7785474a9e6b56ffc6a5903e',6,7.50,45.00,0.0600,2.70,NULL,NULL,'2026-04-16 08:52:10'),('c9d573c6a0674af49c52e8e398869846','sale','af8438cc60d748578510f82cc3f1788c','sp_small','bf601b29031e4096bc49d7c0ab37860b','58edc8d15e5f4810a414c0941222b78a',8,7.50,60.00,0.0600,3.60,NULL,NULL,'2026-04-14 23:20:40'),('c9fe57b808fe4c019bfcd1d6f059f8e2','sale','b9c81b6b5c1d4859aaa7d879875e0ffa','sp_small','bf601b29031e4096bc49d7c0ab37860b','3030165e94604fd48375b5402474e9b3',10,4.00,40.00,0.0600,2.40,NULL,NULL,'2026-04-13 18:04:36'),('ca519c355ead4961893532718e7720e8','sale','3f0d33cf35a34167a6243a0b2cffa582','sp_small','d2600ba548fc4e5c893ba1e286a5a2af','58edc8d15e5f4810a414c0941222b78a',8,7.50,60.00,0.0600,3.60,NULL,NULL,'2026-04-16 16:06:46'),('caa2e3522d3a41d8adc5ab6e231912a2','sale','f5dcf172601e49b29e5c0dd4b49d98e9','sp_small','4294acdb95fa48338410aa7380a81d36','78e9127977ce41bca94809e78f373a89',12,7.50,90.00,0.0600,5.40,NULL,NULL,'2026-04-13 11:37:58'),('caeda0d6c86a4982b8956de1b52f71b7','return','92b1da3bf2884cb195a07b7053668cc6','sp_small','1f290d389faf44b5a135cf3f7bdee09b','900e1480a9c4482b830eed25bdd37a91',1,8.00,8.00,0.0600,-0.48,NULL,NULL,'2026-04-16 07:07:14'),('caf6022cd7f94c54b994866bcb9cbf50','void_sale','f197fbf39c2c47288fcf8d1df2a02375','sp_small','5451607fb03c437a826f26e9e0d6539a','e317a13efa21456db1113bb2aeb8e5f9',12,8.00,96.00,0.0600,-5.76,NULL,NULL,'2026-04-16 15:09:59'),('cb0f9049062f4b938b8a857cbf7105d3','sale','c7d227f20ad143fca1840e24af7695f8','sp_small','4ba2876d636c45fc9a3c5d47dd176e91','1ffb3e0518814cbb97388d8674aae90a',6,8.00,48.00,0.0600,2.88,NULL,NULL,'2026-04-16 13:56:25'),('cb7efa3b74764699a00f0593360b3fe9','void_sale','a4d46d70cb2042cfb0b566fb27f8710a','sp_small','5a3767c69c1d4b1ebd0f0c06df6cb23b','243e994795ca489cb8aec60cf2bc1d97',5,8.00,40.00,0.0600,-2.40,NULL,NULL,'2026-04-13 15:51:33'),('cbd365155c164fa794eec33ca4525005','sale','5172cc64a9244d86986ec686fcbc96bc','sp_small','bf601b29031e4096bc49d7c0ab37860b','8e3a6f2f07dd421bad58749618c41409',15,8.00,120.00,0.0600,7.20,NULL,NULL,'2026-04-14 17:18:56'),('cbe163e07a414668a7460b0497640433','sale','03a1f1c4212a49889cef24bd230c2110','sp_big','94837a015ca248a7933cfdb10a77c940','053878a2ede34e459ddca41c38ac658d',1,7.50,7.50,0.0600,0.45,NULL,NULL,'2026-04-16 21:52:35'),('cc287be252b24b32a68def4173ab42ed','void_sale','03a1f1c4212a49889cef24bd230c2110','sp_big','94837a015ca248a7933cfdb10a77c940','2ee4a2a6df9d4caa8ce6b5e0c8a2d56d',1,7.50,7.50,0.0600,-0.45,NULL,NULL,'2026-04-16 21:54:16'),('cce22ad7224742be99ecd7f4a422489d','sale','43a07209cb784de6b361005bad69857f','sp_small','513af953bccb4540bdc3f7e7d9ea7aba','8c49f08a935a4e7d801f7baf224adfcb',12,8.00,96.00,0.0600,5.76,NULL,NULL,'2026-04-13 16:26:49'),('ccf44cabac9147fe952d820e2a76c22c','sale','af2d729b07c347fea0c23f2ff17a719e','sp_small','bb385a5ac4e245799d15ded1cc2548f9','900e1480a9c4482b830eed25bdd37a91',8,8.00,64.00,0.0600,3.84,NULL,NULL,'2026-04-16 11:14:35'),('cd08de89e5de4dceaf9056cba2294312','void_sale','822ffd09bde64e73b7860e6733b8319b','sp_small','bb385a5ac4e245799d15ded1cc2548f9','84f5a14353be44aab5d762bd086a9a2b',12,8.00,96.00,0.0600,-5.76,NULL,NULL,'2026-04-16 11:12:25'),('cddbd0ee9b4f42da8a31c345fa6affa0','void_sale','c7d227f20ad143fca1840e24af7695f8','sp_small','4ba2876d636c45fc9a3c5d47dd176e91','c75e167ff4a54177a7c9fd6bb10686b1',6,5.50,33.00,0.0600,-1.98,NULL,NULL,'2026-04-16 16:17:45'),('ce7caa50d9c0480f8002f51e179ee9c8','return','fca7660042ad45e5923db4f66d888817','sp_small','b4650eed52c340cab737c545f06185f0','58edc8d15e5f4810a414c0941222b78a',1,7.50,7.50,0.0600,-0.45,NULL,NULL,'2026-04-16 13:41:08'),('ce8f842940224b019d598fb2668df033','sale','0070a39826b749b5a29a5197b53041eb','sp_small','4294acdb95fa48338410aa7380a81d36','132662dfb6f749089ab2be0d75a0e106',12,8.00,96.00,0.0600,5.76,NULL,NULL,'2026-04-13 11:43:39'),('cee01ac6f85e434994382e60e3989438','void_sale','f5dcf172601e49b29e5c0dd4b49d98e9','sp_small','4294acdb95fa48338410aa7380a81d36','78e9127977ce41bca94809e78f373a89',12,7.50,90.00,0.0600,-5.40,NULL,NULL,'2026-04-13 12:01:35'),('cf0c8297a55543b39b44e61b65ff1978','sale','6de5a32e52804025af12273b719000ff','sp_small','b4650eed52c340cab737c545f06185f0','84f5a14353be44aab5d762bd086a9a2b',12,8.00,96.00,0.0600,5.76,NULL,NULL,'2026-04-16 13:41:08'),('cf541edeec9e4828a4c779603a1835bf','void_sale','acaa301833424d0f8b32c7595dd20b06','sp_small','7671e0aa0e5c4cacb7b08cdf10654353','0f9dd6bec55447c7b9f393af59c3c286',10,8.00,80.00,0.0600,-4.80,NULL,NULL,'2026-04-13 18:14:33'),('cf9c654bc9cf460790c37d4de0ace052','sale','fb876bb5291e41a09632bfb069dcfffd','sp_small','7f673c69c99b4637b139e7a0df5f42ef','b05cf5529def48719b9cfe7a57bb5b80',1,8.00,8.00,0.0600,0.48,NULL,NULL,'2026-04-15 22:39:13'),('cfd265080d564d0582cf62ac538ca0e3','return','72352d470ca646f390cd03d8a844f522','sp_small','bf601b29031e4096bc49d7c0ab37860b','58edc8d15e5f4810a414c0941222b78a',8,7.50,60.00,0.0600,-3.60,NULL,NULL,'2026-04-14 17:36:52'),('cfea04b6d920469d85d4e3514d5785f2','sale','fc899889792d484283e29ca1c4ec1606','sp_big','st13','p16',2,71.00,142.00,0.0600,8.52,NULL,NULL,'2026-04-09 22:38:32'),('d039e2bbf6644ad59618ec53fc71eb4f','void_sale','b9d0e6ba215e49c0abc0a387e3589156','sp_small','bf601b29031e4096bc49d7c0ab37860b','1ffb3e0518814cbb97388d8674aae90a',12,8.00,96.00,0.0600,-5.76,NULL,NULL,'2026-04-14 17:36:06'),('d047ba864eb44073ab395ab85fe8852a','sale','38916faf2e4a4b60842ac53920e1bc92','sp_small','64f303a298fb41e58b6b875aeebf693b','58edc8d15e5f4810a414c0941222b78a',8,7.50,60.00,0.0600,3.60,NULL,NULL,'2026-04-13 14:13:28'),('d18bc2477eb04e1e9b0de2ee62ec9148','sale','f1e44f88444c4410aa63275cbc35ea8e','sp_small','ed5fc24832904fda8cdc5fda5c7d7536','bdd99bce7785474a9e6b56ffc6a5903e',6,7.50,45.00,0.0600,2.70,NULL,NULL,'2026-04-13 10:29:51'),('d1eb304f7eb3471a9db99b1f996eb2f5','sale','43a07209cb784de6b361005bad69857f','sp_small','513af953bccb4540bdc3f7e7d9ea7aba','b676da29b65e4f7d944794f731af9d18',10,8.00,80.00,0.0600,4.80,NULL,NULL,'2026-04-13 16:26:49'),('d29a0075a2914795af136b89d934f400','sale','ea200b85af514ecab2fb6f024c956084','sp_small','d463b4b16e644cb4a72e4fa84f624a90','871ef55e9c0a4d678b4da46520d9892a',12,4.00,48.00,0.0600,2.88,NULL,NULL,'2026-04-12 20:13:53'),('d2b26aba3c9f47ad87b7278c165e7f35','sale','f6a3ad80d5394950b65662b345da4d84','sp_small','4ba2876d636c45fc9a3c5d47dd176e91','c75e167ff4a54177a7c9fd6bb10686b1',6,5.50,33.00,0.0600,1.98,NULL,NULL,'2026-04-16 16:18:40'),('d2e6ab18926f48a48a8013030e3a307b','void_sale','b9d0e6ba215e49c0abc0a387e3589156','sp_small','bf601b29031e4096bc49d7c0ab37860b','58edc8d15e5f4810a414c0941222b78a',8,7.50,60.00,0.0600,-3.60,NULL,NULL,'2026-04-14 17:36:06'),('d3075dfcd0374a8f9772cec03fb5367d','return','32facff243a44ab38296c1ad19489c94','sp_small','1f290d389faf44b5a135cf3f7bdee09b','2ee4a2a6df9d4caa8ce6b5e0c8a2d56d',3,7.50,22.50,0.0600,-1.35,NULL,NULL,'2026-04-16 07:05:55'),('d31e210e1a2e430bb398bd5be2b37b56','sale','daba9badcd2d49009ab5feea6d5f0eda','sp_small','7671e0aa0e5c4cacb7b08cdf10654353','cd2dea827fcf4895a774acd8eac4d671',8,8.00,64.00,0.0600,3.84,NULL,NULL,'2026-04-13 17:07:18'),('d37a945ff57e47e38baa1f43e0994a56','sale','680efd3dd02a48759ea3d9d6bcd1e9d7','sp_small','bf601b29031e4096bc49d7c0ab37860b','e317a13efa21456db1113bb2aeb8e5f9',12,8.00,96.00,0.0600,5.76,NULL,NULL,'2026-04-14 17:36:52'),('d45e084715b04a4b8500b6d7684cc3c7','sale','0070a39826b749b5a29a5197b53041eb','sp_small','4294acdb95fa48338410aa7380a81d36','cfdf35790cbf4ce5babfc77dfad113c8',12,7.50,90.00,0.0600,5.40,NULL,NULL,'2026-04-13 11:43:39'),('d4bb27253d17403b9eb7975b82a48a22','void_sale','b9d0e6ba215e49c0abc0a387e3589156','sp_small','bf601b29031e4096bc49d7c0ab37860b','2ee4a2a6df9d4caa8ce6b5e0c8a2d56d',15,7.50,112.50,0.0600,-6.75,NULL,NULL,'2026-04-14 17:36:06'),('d4c74b6080704efeafd722b70ebf92d6','sale','f1e44f88444c4410aa63275cbc35ea8e','sp_small','ed5fc24832904fda8cdc5fda5c7d7536','78e9127977ce41bca94809e78f373a89',12,7.50,90.00,0.0600,5.40,NULL,NULL,'2026-04-13 10:29:51'),('d506bf8396d442479799fb78169cbba8','sale','bb3306d40d824ba5afb98a5ee54b77f3','sp_small','d82fe95243104849baecea0700907a0e','0752ebd7a81b40d883f1a82e531a5606',1,4.00,4.00,0.0600,0.24,NULL,NULL,'2026-04-12 13:54:01'),('d57ca8f86a034603aa7d08fb9dd098ea','sale','3f0d33cf35a34167a6243a0b2cffa582','sp_small','d2600ba548fc4e5c893ba1e286a5a2af','0f9dd6bec55447c7b9f393af59c3c286',10,8.00,80.00,0.0600,4.80,NULL,NULL,'2026-04-16 16:06:46'),('d5a2d54d46cb4da19ddb245eb22a1f17','sale','bb3306d40d824ba5afb98a5ee54b77f3','sp_small','d82fe95243104849baecea0700907a0e','132662dfb6f749089ab2be0d75a0e106',1,8.00,8.00,0.0600,0.48,NULL,NULL,'2026-04-12 13:54:01'),('d5da10467b2347098d13870bcdf4e25d','sale','a96c3603a42b44d2ab02b2fc88d95c50','sp_small','4ba2876d636c45fc9a3c5d47dd176e91','dedb3818f0204a198eea338c1a74b48c',4,8.00,32.00,0.0600,1.92,NULL,NULL,'2026-04-16 16:18:23'),('d6c681f73bf14d289d9dbc8c14da20bb','sale','b9d0e6ba215e49c0abc0a387e3589156','sp_small','bf601b29031e4096bc49d7c0ab37860b','8e3a6f2f07dd421bad58749618c41409',15,8.00,120.00,0.0600,7.20,NULL,NULL,'2026-04-14 17:21:44'),('d6dc5000cf1342fe8e97f47914d9a944','sale','c91bd1dde02e49499357dfa7dd18c32e','sp_small','bb385a5ac4e245799d15ded1cc2548f9','e317a13efa21456db1113bb2aeb8e5f9',12,8.00,96.00,0.0600,5.76,NULL,NULL,'2026-04-16 16:15:46'),('d800365e8e7443d89bd66bf3950baef2','sale','e9fad5b69e824f8a95901acb52549530','sp_small','bb385a5ac4e245799d15ded1cc2548f9','8c49f08a935a4e7d801f7baf224adfcb',12,8.00,96.00,0.0600,5.76,NULL,NULL,'2026-04-16 16:16:27'),('d8091b956b464c82b42cad0d485c5c33','sale','f5dcf172601e49b29e5c0dd4b49d98e9','sp_small','4294acdb95fa48338410aa7380a81d36','b676da29b65e4f7d944794f731af9d18',10,8.00,80.00,0.0600,4.80,NULL,NULL,'2026-04-13 11:37:58'),('d816894adb1c49419bf41235590439c2','sale','37bab6191ae9406786003d457e5a334b','sp_small','7c0d695b47ba4e1c9ed42bdd6317ebfa','bdd99bce7785474a9e6b56ffc6a5903e',6,7.50,45.00,0.0600,2.70,NULL,NULL,'2026-04-13 15:15:08'),('d841149c85464d1fba1130816bab7add','sale','ff157037b4c44ca9abf4874d56eb4cbb','sp_small','bb385a5ac4e245799d15ded1cc2548f9','cfdf35790cbf4ce5babfc77dfad113c8',12,7.50,90.00,0.0600,5.40,NULL,NULL,'2026-04-16 16:14:27'),('d886ff6942c34f468c90e7923a10d708','sale','f197fbf39c2c47288fcf8d1df2a02375','sp_small','5451607fb03c437a826f26e9e0d6539a','bdd99bce7785474a9e6b56ffc6a5903e',6,7.50,45.00,0.0600,2.70,NULL,NULL,'2026-04-16 15:06:25'),('d8c9ce7e255b4904a058ee7e6f1c5393','sale','97202826452a4bb5a086ccab7263cfb7','sp_small','bf5b4776550749d3a14aaf7e5f72cf63','bdd99bce7785474a9e6b56ffc6a5903e',6,7.50,45.00,0.0600,2.70,NULL,NULL,'2026-04-16 17:36:09'),('d904130541dd493ca279b4139162f8af','void_sale','c7d227f20ad143fca1840e24af7695f8','sp_small','4ba2876d636c45fc9a3c5d47dd176e91','dedb3818f0204a198eea338c1a74b48c',4,8.00,32.00,0.0600,-1.92,NULL,NULL,'2026-04-16 16:17:45'),('d91152e357704ca380eabd21e4acfdc2','sale','5172cc64a9244d86986ec686fcbc96bc','sp_small','bf601b29031e4096bc49d7c0ab37860b','e317a13efa21456db1113bb2aeb8e5f9',12,8.00,96.00,0.0600,5.76,NULL,NULL,'2026-04-14 17:18:56'),('d9185d6bd94241649f5de0d787396dfc','sale','680efd3dd02a48759ea3d9d6bcd1e9d7','sp_small','bf601b29031e4096bc49d7c0ab37860b','8e3a6f2f07dd421bad58749618c41409',15,8.00,120.00,0.0600,7.20,NULL,NULL,'2026-04-14 17:36:52'),('d9843e08d5454fa6a45157bab871cb8a','void_sale','af2d729b07c347fea0c23f2ff17a719e','sp_small','bb385a5ac4e245799d15ded1cc2548f9','705cd0f20402438588cc6469a8f0cc94',5,8.00,40.00,0.0600,-2.40,NULL,NULL,'2026-04-16 16:13:44'),('d9d31c01d69c4c71a6d5cc22ff24e143','sale','f5dcf172601e49b29e5c0dd4b49d98e9','sp_small','4294acdb95fa48338410aa7380a81d36','132662dfb6f749089ab2be0d75a0e106',12,8.00,96.00,0.0600,5.76,NULL,NULL,'2026-04-13 11:37:58'),('da30e17ebdd94adb809b0eb89372bf36','void_sale','3590a51051d24e038dfca0dae01931ba','sp_small','c84c1d2a11f24e32be4d0b6ea40c1648','900e1480a9c4482b830eed25bdd37a91',6,8.00,48.00,0.0600,-2.88,NULL,NULL,'2026-04-13 15:51:25'),('da4e2670008642868471195145413524','sale','9615ac4eaadc47baa2f4864ee14a6708','sp_small','eddf8cfb94a4450db82650c21b1405c6','243e994795ca489cb8aec60cf2bc1d97',30,8.00,240.00,0.0600,14.40,NULL,NULL,'2026-04-12 09:13:28'),('da759b0aa5ce40b7ab4ac7854508d63b','return','c4e8c752b3a84365a7483c5034466da2','sp_big','94837a015ca248a7933cfdb10a77c940','1ffb3e0518814cbb97388d8674aae90a',2,8.00,16.00,0.0600,-0.96,NULL,NULL,'2026-04-16 21:54:38'),('da939c960ece40ea8f36d37d564221d4','sale','680efd3dd02a48759ea3d9d6bcd1e9d7','sp_small','bf601b29031e4096bc49d7c0ab37860b','b676da29b65e4f7d944794f731af9d18',10,8.00,80.00,0.0600,4.80,NULL,NULL,'2026-04-14 17:36:52'),('daab1496a72a4a6fa824fa454fa04d80','void_sale','a4d46d70cb2042cfb0b566fb27f8710a','sp_small','5a3767c69c1d4b1ebd0f0c06df6cb23b','705cd0f20402438588cc6469a8f0cc94',8,8.00,64.00,0.0600,-3.84,NULL,NULL,'2026-04-13 15:51:33'),('db9c30ff48d343899fe060229aa367d8','sale','c7d227f20ad143fca1840e24af7695f8','sp_small','4ba2876d636c45fc9a3c5d47dd176e91','b05cf5529def48719b9cfe7a57bb5b80',4,8.00,32.00,0.0600,1.92,NULL,NULL,'2026-04-16 13:56:25'),('db9dea2c8f41482085ec3e0acd34c79e','sale','38916faf2e4a4b60842ac53920e1bc92','sp_small','64f303a298fb41e58b6b875aeebf693b','78e9127977ce41bca94809e78f373a89',12,7.50,90.00,0.0600,5.40,NULL,NULL,'2026-04-13 14:13:28'),('dc085c05d5b64be2993ab429b667a776','sale','a1bb654dfbde4a8d8d693211b70d0ae4','sp_small','64f303a298fb41e58b6b875aeebf693b','b05cf5529def48719b9cfe7a57bb5b80',12,8.00,96.00,0.0600,5.76,NULL,NULL,'2026-04-13 14:15:13'),('dc2ef01e827642c891f2c9c1df311e33','sale','03a1f1c4212a49889cef24bd230c2110','sp_big','94837a015ca248a7933cfdb10a77c940','2ee4a2a6df9d4caa8ce6b5e0c8a2d56d',1,7.50,7.50,0.0600,0.45,NULL,NULL,'2026-04-16 21:52:35'),('dcb959b944c341488fe5e84163a917d3','void_sale','7f2dc8006efe4f03b9410b0c6c7b02a4','sp_small','4ba2876d636c45fc9a3c5d47dd176e91','78e9127977ce41bca94809e78f373a89',6,7.50,45.00,0.0600,-2.70,NULL,NULL,'2026-04-16 16:23:17'),('ddb16fa1166b4c12b82b83d931c96ebd','sale','94872b34ba1549819cdec945396ce5f2','sp_small','bf601b29031e4096bc49d7c0ab37860b','900e1480a9c4482b830eed25bdd37a91',8,8.00,64.00,0.0600,3.84,NULL,NULL,'2026-04-13 18:03:38'),('de14a3baf4dd4473a98b90b2c4462c32','sale','822ffd09bde64e73b7860e6733b8319b','sp_small','bb385a5ac4e245799d15ded1cc2548f9','aece7f5d92174de0b758d459810ffcb1',6,8.00,48.00,0.0600,2.88,NULL,NULL,'2026-04-16 11:11:29'),('de5cc22d717c4e38b43af7b8f4b9c7f7','void_sale','1887cef0fbc74740bce136619ce3ea44','sp_small','ed5fc24832904fda8cdc5fda5c7d7536','bdd99bce7785474a9e6b56ffc6a5903e',6,7.50,45.00,0.0600,-2.70,NULL,NULL,'2026-04-13 12:01:47'),('e03719bb45594b2a88d48dd993fa4372','sale','b9d0e6ba215e49c0abc0a387e3589156','sp_small','bf601b29031e4096bc49d7c0ab37860b','2ee4a2a6df9d4caa8ce6b5e0c8a2d56d',15,7.50,112.50,0.0600,6.75,NULL,NULL,'2026-04-14 17:21:44'),('e0654aed089b49f9a0ddca27eb2bc87f','void_sale','ff157037b4c44ca9abf4874d56eb4cbb','sp_small','bb385a5ac4e245799d15ded1cc2548f9','78e9127977ce41bca94809e78f373a89',12,7.50,90.00,0.0600,-5.40,NULL,NULL,'2026-04-16 16:15:25'),('e09513b65f464b728f89ad05af5a0f40','sale','af2d729b07c347fea0c23f2ff17a719e','sp_small','bb385a5ac4e245799d15ded1cc2548f9','cfdf35790cbf4ce5babfc77dfad113c8',12,7.50,90.00,0.0600,5.40,NULL,NULL,'2026-04-16 11:14:35'),('e172d244b2814c268a3873785a025aee','void_sale','ac16bbd5552246399e2e494b7e051bb2','sp_small','bb385a5ac4e245799d15ded1cc2548f9','58edc8d15e5f4810a414c0941222b78a',8,7.50,60.00,0.0600,-3.60,NULL,NULL,'2026-04-16 11:13:42'),('e19914d949e0455f8f28c5c62835395c','sale','66fe82bc170b4a4184a4918787f749a4','sp_small','7f673c69c99b4637b139e7a0df5f42ef','3030165e94604fd48375b5402474e9b3',2,4.00,8.00,0.0600,0.48,NULL,NULL,'2026-04-15 22:35:26'),('e1c0811f3f0842b198c95ac744e7e1e3','void_sale','ec0a8d5bc86c42dca482a043114926dd','sp_small','3b861193cf2943f087a564938269a2b3','99e3f41e2a784934ad25a3c65a8c0f44',1,4.00,4.00,0.0600,-0.24,NULL,NULL,'2026-04-13 08:10:03'),('e262908304dd4fe09e573b00a0efc773','void_sale','373d726fa09a45b6b393a9caefb072cd','sp_small','bb385a5ac4e245799d15ded1cc2548f9','bdd99bce7785474a9e6b56ffc6a5903e',12,7.50,90.00,0.0600,-5.40,NULL,NULL,'2026-04-16 11:10:09'),('e28e1a25d6b243c49aa2063b43ca3c40','sale','3c0bc3cd0f64469a9195ca62d8890aea','sp_small','5451607fb03c437a826f26e9e0d6539a','fe184c1459aa4f85b98e62d42b58f6bd',10,3.50,35.00,0.0600,2.10,NULL,NULL,'2026-04-16 15:17:39'),('e2cbc075eec94e109d6d2bdf1acf1f5a','sale','7f2dc8006efe4f03b9410b0c6c7b02a4','sp_small','4ba2876d636c45fc9a3c5d47dd176e91','78e9127977ce41bca94809e78f373a89',6,7.50,45.00,0.0600,2.70,NULL,NULL,'2026-04-16 13:53:49'),('e34782f121524e0695b7cbf01dba6446','sale','3c0bc3cd0f64469a9195ca62d8890aea','sp_small','5451607fb03c437a826f26e9e0d6539a','e317a13efa21456db1113bb2aeb8e5f9',12,8.00,96.00,0.0600,5.76,NULL,NULL,'2026-04-16 15:17:39'),('e347d02d363d4df3bd550b60706fd3d6','void_sale','f197fbf39c2c47288fcf8d1df2a02375','sp_small','5451607fb03c437a826f26e9e0d6539a','8c49f08a935a4e7d801f7baf224adfcb',6,8.00,48.00,0.0600,-2.88,NULL,NULL,'2026-04-16 15:09:59'),('e38b68cfc55642078388d3d8f441504f','sale','0070a39826b749b5a29a5197b53041eb','sp_small','4294acdb95fa48338410aa7380a81d36','0f9dd6bec55447c7b9f393af59c3c286',10,8.00,80.00,0.0600,4.80,NULL,NULL,'2026-04-13 11:43:39'),('e3edc164ea154a3c9ff278e7585c50f1','void_sale','af2d729b07c347fea0c23f2ff17a719e','sp_small','bb385a5ac4e245799d15ded1cc2548f9','cd2dea827fcf4895a774acd8eac4d671',8,8.00,64.00,0.0600,-3.84,NULL,NULL,'2026-04-16 16:13:44'),('e41fe72066ab45cd99000686a35ef872','sale','38916faf2e4a4b60842ac53920e1bc92','sp_small','64f303a298fb41e58b6b875aeebf693b','705cd0f20402438588cc6469a8f0cc94',10,8.00,80.00,0.0600,4.80,NULL,NULL,'2026-04-13 14:13:28'),('e4408d5a3ab34d839387149b954be566','void_sale','38916faf2e4a4b60842ac53920e1bc92','sp_small','64f303a298fb41e58b6b875aeebf693b','132662dfb6f749089ab2be0d75a0e106',12,8.00,96.00,0.0600,-5.76,NULL,NULL,'2026-04-13 15:51:39'),('e5f3a92baedb4ecfbf18b9ee590ab59e','sale','a4d46d70cb2042cfb0b566fb27f8710a','sp_small','5a3767c69c1d4b1ebd0f0c06df6cb23b','78e9127977ce41bca94809e78f373a89',6,7.50,45.00,0.0600,2.70,NULL,NULL,'2026-04-13 13:02:42'),('e627f6de8e4e4bd891b1c50a37a1f50a','sale','822ffd09bde64e73b7860e6733b8319b','sp_small','bb385a5ac4e245799d15ded1cc2548f9','8c49f08a935a4e7d801f7baf224adfcb',12,8.00,96.00,0.0600,5.76,NULL,NULL,'2026-04-16 11:11:29'),('e66763fd30b54364a77919fcb34153be','sale','d359462cb2774282b59ca17a559cdd69','sp_small','bf601b29031e4096bc49d7c0ab37860b','0f9dd6bec55447c7b9f393af59c3c286',10,8.00,80.00,0.0600,4.80,NULL,NULL,'2026-04-14 21:33:16'),('e6d469301bf74d3b929d5737451a8279','sale','bfe67fe996914ee88d3ce9bd2db5474d','sp_small','d82fe95243104849baecea0700907a0e','57e9c215273641e3a67f2151c07ab337',1,4.50,4.50,0.0600,0.27,NULL,NULL,'2026-04-12 13:54:01'),('e6f14232dc97400d91bb746abf3ca469','sale','f197fbf39c2c47288fcf8d1df2a02375','sp_small','5451607fb03c437a826f26e9e0d6539a','991d1b867e3d4c92b5723a55cb902475',10,3.50,35.00,0.0600,2.10,NULL,NULL,'2026-04-16 15:06:25'),('e7597b43721e4b6f9d5523528a52f8d6','return','3f44464f027a45d5a40e39d92392cba7','sp_small','1f290d389faf44b5a135cf3f7bdee09b','900e1480a9c4482b830eed25bdd37a91',1,8.00,8.00,0.0600,-0.48,NULL,NULL,'2026-04-16 07:07:03'),('e763314d03454663b0927621194deda3','sale','c91bd1dde02e49499357dfa7dd18c32e','sp_small','bb385a5ac4e245799d15ded1cc2548f9','cfdf35790cbf4ce5babfc77dfad113c8',12,7.50,90.00,0.0600,5.40,NULL,NULL,'2026-04-16 16:15:46'),('e7cd387582454f1f9cd94e69eb33b23a','sale','7f2dc8006efe4f03b9410b0c6c7b02a4','sp_small','4ba2876d636c45fc9a3c5d47dd176e91','0752ebd7a81b40d883f1a82e531a5606',7,4.00,28.00,0.0600,1.68,NULL,NULL,'2026-04-16 13:53:49'),('e81b97ea65574af184846dd2c3a8e9cc','sale','14a58c05e91f4d6a9e641689bb3e60e1','sp_big','94837a015ca248a7933cfdb10a77c940','57e9c215273641e3a67f2151c07ab337',1,4.50,4.50,0.0600,0.27,NULL,NULL,'2026-04-16 21:54:38'),('e826a07318854c00aa6c68224eb72a98','sale','1887cef0fbc74740bce136619ce3ea44','sp_small','ed5fc24832904fda8cdc5fda5c7d7536','132662dfb6f749089ab2be0d75a0e106',6,8.00,48.00,0.0600,2.88,NULL,NULL,'2026-04-13 10:31:09'),('e9843c6b21664c539171b0a8ff2cb0e9','sale','0070a39826b749b5a29a5197b53041eb','sp_small','4294acdb95fa48338410aa7380a81d36','bdd99bce7785474a9e6b56ffc6a5903e',6,7.50,45.00,0.0600,2.70,NULL,NULL,'2026-04-13 11:43:39'),('e9b0ee2250ff4046bff5a6d9e600e078','sale','af2d729b07c347fea0c23f2ff17a719e','sp_small','bb385a5ac4e245799d15ded1cc2548f9','e317a13efa21456db1113bb2aeb8e5f9',12,8.00,96.00,0.0600,5.76,NULL,NULL,'2026-04-16 11:14:35'),('ea37d88fd5134b19a1e38b0d9f13154a','void_sale','7f2dc8006efe4f03b9410b0c6c7b02a4','sp_small','4ba2876d636c45fc9a3c5d47dd176e91','c75e167ff4a54177a7c9fd6bb10686b1',6,5.50,33.00,0.0600,-1.98,NULL,NULL,'2026-04-16 16:23:17'),('ea6cbd7536f645bbaae57b47d08e29d3','sale','e9fad5b69e824f8a95901acb52549530','sp_small','bb385a5ac4e245799d15ded1cc2548f9','cfdf35790cbf4ce5babfc77dfad113c8',12,7.50,90.00,0.0600,5.40,NULL,NULL,'2026-04-16 16:16:27'),('ea825991d9d646ab865df563047631ac','sale','43a07209cb784de6b361005bad69857f','sp_small','513af953bccb4540bdc3f7e7d9ea7aba','cd2dea827fcf4895a774acd8eac4d671',8,8.00,64.00,0.0600,3.84,NULL,NULL,'2026-04-13 16:26:49'),('eb28b26768af43b5a7dae728a0086972','sale','39474098ba0e46ac867c9fa3c3327a18','sp_small','d82fe95243104849baecea0700907a0e','17b677c9d851427bb9ee33040e0ee92b',1,7.50,7.50,0.0600,0.45,NULL,NULL,'2026-04-12 13:54:02'),('eb2b6900313c4798babe4534bc8e983e','sale','bb3306d40d824ba5afb98a5ee54b77f3','sp_small','d82fe95243104849baecea0700907a0e','2ee4a2a6df9d4caa8ce6b5e0c8a2d56d',1,7.50,7.50,0.0600,0.45,NULL,NULL,'2026-04-12 13:54:01'),('ebd81ad9f9a24e5c8bee5242c556aa07','return','9870464e7e814dcf8f505e2492cb7343','sp_small','4ba2876d636c45fc9a3c5d47dd176e91','871ef55e9c0a4d678b4da46520d9892a',2,4.00,8.00,0.0600,-0.48,NULL,NULL,'2026-04-16 16:18:23'),('ec2b073455e34dbbbb8078061055182c','sale','bb3306d40d824ba5afb98a5ee54b77f3','sp_small','d82fe95243104849baecea0700907a0e','17b677c9d851427bb9ee33040e0ee92b',1,7.50,7.50,0.0600,0.45,NULL,NULL,'2026-04-12 13:54:01'),('eca8292485ef424ab373ad01c2f9ef78','sale','6de5a32e52804025af12273b719000ff','sp_small','b4650eed52c340cab737c545f06185f0','cfdf35790cbf4ce5babfc77dfad113c8',12,7.50,90.00,0.0600,5.40,NULL,NULL,'2026-04-16 13:41:08'),('ed582bb1fd01471cb16a4bf3c792dd09','void_sale','f197fbf39c2c47288fcf8d1df2a02375','sp_small','5451607fb03c437a826f26e9e0d6539a','b676da29b65e4f7d944794f731af9d18',20,8.00,160.00,0.0600,-9.60,NULL,NULL,'2026-04-16 15:09:59'),('edbf6dc89a8b4b19823b003e979c8797','sale','822ffd09bde64e73b7860e6733b8319b','sp_small','bb385a5ac4e245799d15ded1cc2548f9','cd2dea827fcf4895a774acd8eac4d671',8,8.00,64.00,0.0600,3.84,NULL,NULL,'2026-04-16 11:11:29'),('edf1295bb6a34a74bcc2bbe405bfb4e0','sale','b9c81b6b5c1d4859aaa7d879875e0ffa','sp_small','bf601b29031e4096bc49d7c0ab37860b','458bfa78512043db9bbe57871878e7fe',6,4.00,24.00,0.0600,1.44,NULL,NULL,'2026-04-13 18:04:36'),('ee461db7b70c4676a79707e411390b72','sale','f197fbf39c2c47288fcf8d1df2a02375','sp_small','5451607fb03c437a826f26e9e0d6539a','2ee4a2a6df9d4caa8ce6b5e0c8a2d56d',15,7.50,112.50,0.0600,6.75,NULL,NULL,'2026-04-16 15:06:25'),('ee7ff987d71e48a0869de7fff237bd99','sale','38916faf2e4a4b60842ac53920e1bc92','sp_small','64f303a298fb41e58b6b875aeebf693b','b05cf5529def48719b9cfe7a57bb5b80',12,8.00,96.00,0.0600,5.76,NULL,NULL,'2026-04-13 14:13:28'),('eeee076049694311bc58f0481cbd4c9a','sale','c2db5a3fc69b4d7fb9a5cd18254ef891','sp_big','eddf8cfb94a4450db82650c21b1405c6','243e994795ca489cb8aec60cf2bc1d97',20,8.00,160.00,0.0600,9.60,NULL,NULL,'2026-04-10 18:23:03'),('efdd7b79a99d483e80229b51479985eb','sale','a1bb654dfbde4a8d8d693211b70d0ae4','sp_small','64f303a298fb41e58b6b875aeebf693b','0752ebd7a81b40d883f1a82e531a5606',20,4.00,80.00,0.0600,4.80,NULL,NULL,'2026-04-13 14:15:13'),('f01900e55c0341d1abe5c2d25fb8dcfa','sale','1887cef0fbc74740bce136619ce3ea44','sp_small','ed5fc24832904fda8cdc5fda5c7d7536','cfdf35790cbf4ce5babfc77dfad113c8',12,7.50,90.00,0.0600,5.40,NULL,NULL,'2026-04-13 10:31:09'),('f08b0c4572a24faa8ec9f09012198361','void_sale','38916faf2e4a4b60842ac53920e1bc92','sp_small','64f303a298fb41e58b6b875aeebf693b','b05cf5529def48719b9cfe7a57bb5b80',12,8.00,96.00,0.0600,-5.76,NULL,NULL,'2026-04-13 15:51:39'),('f0ca2fadd9674d0e9a7488155910cd32','sale','97202826452a4bb5a086ccab7263cfb7','sp_small','bf5b4776550749d3a14aaf7e5f72cf63','58edc8d15e5f4810a414c0941222b78a',8,7.50,60.00,0.0600,3.60,NULL,NULL,'2026-04-16 17:36:09'),('f0fd94e74bd94b398a0eae40c271f754','void_sale','ff157037b4c44ca9abf4874d56eb4cbb','sp_small','bb385a5ac4e245799d15ded1cc2548f9','bdd99bce7785474a9e6b56ffc6a5903e',12,7.50,90.00,0.0600,-5.40,NULL,NULL,'2026-04-16 16:15:25'),('f106300d1cb5490d85365e92549c0124','void_sale','af2d729b07c347fea0c23f2ff17a719e','sp_small','bb385a5ac4e245799d15ded1cc2548f9','bdd99bce7785474a9e6b56ffc6a5903e',12,7.50,90.00,0.0600,-5.40,NULL,NULL,'2026-04-16 16:13:44'),('f1d984fcc2e04e0f9ddd02964d6148c7','sale','e9fad5b69e824f8a95901acb52549530','sp_small','bb385a5ac4e245799d15ded1cc2548f9','aece7f5d92174de0b758d459810ffcb1',6,8.00,48.00,0.0600,2.88,NULL,NULL,'2026-04-16 16:16:27'),('f1dec0faaa6f46b0adec95411d021fbf','sale','3f0d33cf35a34167a6243a0b2cffa582','sp_small','d2600ba548fc4e5c893ba1e286a5a2af','bdd99bce7785474a9e6b56ffc6a5903e',6,7.50,45.00,0.0600,2.70,NULL,NULL,'2026-04-16 16:06:46'),('f1ded7c8d7c640f2b0239d2b1151ae91','sale','3c0bc3cd0f64469a9195ca62d8890aea','sp_small','5451607fb03c437a826f26e9e0d6539a','2ee4a2a6df9d4caa8ce6b5e0c8a2d56d',15,7.50,112.50,0.0600,6.75,NULL,NULL,'2026-04-16 15:17:39'),('f1e5ce7dfb2f4c07bf4cf9acea657473','void_sale','af2d729b07c347fea0c23f2ff17a719e','sp_small','bb385a5ac4e245799d15ded1cc2548f9','84f5a14353be44aab5d762bd086a9a2b',12,8.00,96.00,0.0600,-5.76,NULL,NULL,'2026-04-16 16:13:44'),('f2b8459fc8cf40209513007aa06e113e','sale','c8a39798d35a4fd6bb4720ae54048f22','sp_big','eddf8cfb94a4450db82650c21b1405c6','243e994795ca489cb8aec60cf2bc1d97',20,8.00,160.00,0.0600,9.60,NULL,NULL,'2026-04-10 18:27:20'),('f2c62e3eb0644328ad4a7c310863cb26','void_sale','ff157037b4c44ca9abf4874d56eb4cbb','sp_small','bb385a5ac4e245799d15ded1cc2548f9','84f5a14353be44aab5d762bd086a9a2b',12,8.00,96.00,0.0600,-5.76,NULL,NULL,'2026-04-16 16:15:25'),('f3588e904d6e4f65b3386eae53ad7d42','void_sale','f256c516329447cdb0b8c5011ab96c31','sp_small','1f290d389faf44b5a135cf3f7bdee09b','900e1480a9c4482b830eed25bdd37a91',8,8.00,64.00,0.0600,-3.84,NULL,NULL,'2026-04-15 14:09:32'),('f414f66d1a3e4793b5e2c9bea70042f8','sale','ac16bbd5552246399e2e494b7e051bb2','sp_small','bb385a5ac4e245799d15ded1cc2548f9','cfdf35790cbf4ce5babfc77dfad113c8',12,7.50,90.00,0.0600,5.40,NULL,NULL,'2026-04-16 11:12:55'),('f459a175793047d1abe4a0f11c7c55d2','void_sale','ac16bbd5552246399e2e494b7e051bb2','sp_small','bb385a5ac4e245799d15ded1cc2548f9','84f5a14353be44aab5d762bd086a9a2b',12,8.00,96.00,0.0600,-5.76,NULL,NULL,'2026-04-16 11:13:42'),('f459ad21b5ae4af1aece4a1aeefdcae2','sale','3c0bc3cd0f64469a9195ca62d8890aea','sp_small','5451607fb03c437a826f26e9e0d6539a','243e994795ca489cb8aec60cf2bc1d97',10,8.00,80.00,0.0600,4.80,NULL,NULL,'2026-04-16 15:17:39'),('f496ab52bfa44347b221b65d58287dc0','sale','5b5da23289e7471e824b2e123a73b4d0','sp_small','1f290d389faf44b5a135cf3f7bdee09b','58edc8d15e5f4810a414c0941222b78a',2,7.50,15.00,0.0600,0.90,NULL,NULL,'2026-04-16 07:05:55'),('f531ed2663964ed793fddb1b9b5e456c','return','72352d470ca646f390cd03d8a844f522','sp_small','bf601b29031e4096bc49d7c0ab37860b','1ffb3e0518814cbb97388d8674aae90a',8,8.00,64.00,0.0600,-3.84,NULL,NULL,'2026-04-14 17:36:52'),('f56f0533d84e49ecadae63af0b4973ee','return','4f34518cfe1a4c2ab488865ddf7e7622','sp_small','bf601b29031e4096bc49d7c0ab37860b','900e1480a9c4482b830eed25bdd37a91',11,8.00,88.00,0.0600,-5.28,NULL,NULL,'2026-04-14 22:50:13'),('f5b873fa732e4d3e9c806a7222f51aad','sale','5172cc64a9244d86986ec686fcbc96bc','sp_small','bf601b29031e4096bc49d7c0ab37860b','705cd0f20402438588cc6469a8f0cc94',10,8.00,80.00,0.0600,4.80,NULL,NULL,'2026-04-14 17:18:56'),('f5cefb5d6a204d21b5422242222cb789','void_sale','373d726fa09a45b6b393a9caefb072cd','sp_small','bb385a5ac4e245799d15ded1cc2548f9','cd2dea827fcf4895a774acd8eac4d671',8,8.00,64.00,0.0600,-3.84,NULL,NULL,'2026-04-16 11:10:09'),('f60dd65084d4404e8bc5c153c832d1de','sale','680efd3dd02a48759ea3d9d6bcd1e9d7','sp_small','bf601b29031e4096bc49d7c0ab37860b','3030165e94604fd48375b5402474e9b3',10,4.00,40.00,0.0600,2.40,NULL,NULL,'2026-04-14 17:36:52'),('f6178275194f4d9e81588874110f2415','void_sale','1887cef0fbc74740bce136619ce3ea44','sp_small','ed5fc24832904fda8cdc5fda5c7d7536','b676da29b65e4f7d944794f731af9d18',10,8.00,80.00,0.0600,-4.80,NULL,NULL,'2026-04-13 12:01:47'),('f669b432a3ff4027bb17d5a1bb4830b6','sale','14a58c05e91f4d6a9e641689bb3e60e1','sp_big','94837a015ca248a7933cfdb10a77c940','2ee4a2a6df9d4caa8ce6b5e0c8a2d56d',1,7.50,7.50,0.0600,0.45,NULL,NULL,'2026-04-16 21:54:38'),('f6d4f38c0d414172be9549df7e17c5e7','sale','ac16bbd5552246399e2e494b7e051bb2','sp_small','bb385a5ac4e245799d15ded1cc2548f9','e317a13efa21456db1113bb2aeb8e5f9',12,8.00,96.00,0.0600,5.76,NULL,NULL,'2026-04-16 11:12:55'),('f6fc9afd8c0a4483a8e051335f7a4566','sale','a1bb654dfbde4a8d8d693211b70d0ae4','sp_small','64f303a298fb41e58b6b875aeebf693b','2ee4a2a6df9d4caa8ce6b5e0c8a2d56d',15,7.50,112.50,0.0600,6.75,NULL,NULL,'2026-04-13 14:15:13'),('f6fd3e64b6794a8d976f9e0463000f27','sale','b9d0e6ba215e49c0abc0a387e3589156','sp_small','bf601b29031e4096bc49d7c0ab37860b','b676da29b65e4f7d944794f731af9d18',10,8.00,80.00,0.0600,4.80,NULL,NULL,'2026-04-14 17:21:44'),('f765e8556e764d6eb4cc9a131d469fbb','sale','471859f04bf94befaba9bd542335728e','sp_small','eddf8cfb94a4450db82650c21b1405c6','243e994795ca489cb8aec60cf2bc1d97',50,8.00,400.00,0.0600,24.00,NULL,NULL,'2026-04-11 22:09:36'),('f767ab442c9a4131a1fbc590c9077d88','void_sale','c91bd1dde02e49499357dfa7dd18c32e','sp_small','bb385a5ac4e245799d15ded1cc2548f9','cfdf35790cbf4ce5babfc77dfad113c8',12,7.50,90.00,0.0600,-5.40,NULL,NULL,'2026-04-16 16:16:11'),('f7e664a10af24633a5deae2ca34842e2','sale','f1e44f88444c4410aa63275cbc35ea8e','sp_small','ed5fc24832904fda8cdc5fda5c7d7536','58edc8d15e5f4810a414c0941222b78a',8,7.50,60.00,0.0600,3.60,NULL,NULL,'2026-04-13 10:29:51'),('f807ec4af78b46a197bf6de2abed0df6','sale','bb3306d40d824ba5afb98a5ee54b77f3','sp_small','d82fe95243104849baecea0700907a0e','c4876524e53f4418be0837a94642d81f',1,7.50,7.50,0.0600,0.45,NULL,NULL,'2026-04-12 13:54:01'),('f8341fb6952c4863aa57dc2ec25f46a1','void_sale','a96c3603a42b44d2ab02b2fc88d95c50','sp_small','4ba2876d636c45fc9a3c5d47dd176e91','b05cf5529def48719b9cfe7a57bb5b80',4,8.00,32.00,0.0600,-1.92,NULL,NULL,'2026-04-16 16:23:03'),('f83dda908fc248e4b586c747b8f9a53b','void_sale','f197fbf39c2c47288fcf8d1df2a02375','sp_small','5451607fb03c437a826f26e9e0d6539a','bdd99bce7785474a9e6b56ffc6a5903e',6,7.50,45.00,0.0600,-2.70,NULL,NULL,'2026-04-16 15:09:59'),('f8b23a14d6f24da3b2da3a783daa67fa','sale','bb3306d40d824ba5afb98a5ee54b77f3','sp_small','d82fe95243104849baecea0700907a0e','e0213a7bf1c04790ac037e20fb20680c',1,4.00,4.00,0.0600,0.24,NULL,NULL,'2026-04-12 13:54:01'),('f8cd07acd8194d88a68d8beb9124af6b','sale','a1bb654dfbde4a8d8d693211b70d0ae4','sp_small','64f303a298fb41e58b6b875aeebf693b','b676da29b65e4f7d944794f731af9d18',10,8.00,80.00,0.0600,4.80,NULL,NULL,'2026-04-13 14:15:13'),('f928437f3ea0461da7cc99d311f0b11a','void_sale','ea200b85af514ecab2fb6f024c956084','sp_small','d463b4b16e644cb4a72e4fa84f624a90','243e994795ca489cb8aec60cf2bc1d97',10,8.00,80.00,0.0600,-4.80,NULL,NULL,'2026-04-13 15:52:20'),('f9a0564bc81b4c35b6dff58c65856056','sale','ec0a8d5bc86c42dca482a043114926dd','sp_small','3b861193cf2943f087a564938269a2b3','99e3f41e2a784934ad25a3c65a8c0f44',1,4.00,4.00,0.0600,0.24,NULL,NULL,'2026-04-13 07:49:59'),('f9ff6c4eb2fd4952b3ba9104fb3e0d70','sale','1887cef0fbc74740bce136619ce3ea44','sp_small','ed5fc24832904fda8cdc5fda5c7d7536','1ffb3e0518814cbb97388d8674aae90a',12,8.00,96.00,0.0600,5.76,NULL,NULL,'2026-04-13 10:31:09'),('fa086eb962e4422cb5ad1739e63aff4f','void_sale','38916faf2e4a4b60842ac53920e1bc92','sp_small','64f303a298fb41e58b6b875aeebf693b','e691aa957798446eb7746f5a958833b7',12,7.50,90.00,0.0600,-5.40,NULL,NULL,'2026-04-13 15:51:39'),('fa4f70bff4c74e18b225239a146d0c6b','sale','a1bb654dfbde4a8d8d693211b70d0ae4','sp_small','64f303a298fb41e58b6b875aeebf693b','e691aa957798446eb7746f5a958833b7',12,7.50,90.00,0.0600,5.40,NULL,NULL,'2026-04-13 14:15:14'),('fa93c2746228443eaad50ea5b96fe435','sale','a1bb654dfbde4a8d8d693211b70d0ae4','sp_small','64f303a298fb41e58b6b875aeebf693b','1ffb3e0518814cbb97388d8674aae90a',12,8.00,96.00,0.0600,5.76,NULL,NULL,'2026-04-13 14:15:14'),('fabfb1b47ea84c9a91ec2746a6f28bef','sale','822ffd09bde64e73b7860e6733b8319b','sp_small','bb385a5ac4e245799d15ded1cc2548f9','e317a13efa21456db1113bb2aeb8e5f9',12,8.00,96.00,0.0600,5.76,NULL,NULL,'2026-04-16 11:11:29'),('fb5e3ae2679147a282b090b2cde111ff','void_sale','1887cef0fbc74740bce136619ce3ea44','sp_small','ed5fc24832904fda8cdc5fda5c7d7536','cfdf35790cbf4ce5babfc77dfad113c8',12,7.50,90.00,0.0600,-5.40,NULL,NULL,'2026-04-13 12:01:47'),('fb6b8a0cc56c4daf81dc2fdd654d3b7b','return','14c92bfd61e34395bd089f0d1836b601','sp_small','bf601b29031e4096bc49d7c0ab37860b','243e994795ca489cb8aec60cf2bc1d97',2,8.00,16.00,0.0600,-0.96,NULL,NULL,'2026-04-14 21:33:16'),('fbc3e0e6ba27480c83faf646dbbc6d3d','return','416909e6c4c14f5eaae9e9be4c6d94af','sp_small','d463b4b16e644cb4a72e4fa84f624a90','57e9c215273641e3a67f2151c07ab337',3,4.50,13.50,0.0600,-0.81,NULL,NULL,'2026-04-12 20:14:48'),('fca07ae9bb004ee2b38300a4303cdd48','sale','bfe67fe996914ee88d3ce9bd2db5474d','sp_small','d82fe95243104849baecea0700907a0e','4b677dc8979a425293b41c77bbe14fa8',1,8.00,8.00,0.0600,0.48,NULL,NULL,'2026-04-12 13:54:01'),('fcb227750b0143dd9ca2f29781ad48ec','sale','880dce7bdcb64cb4ba087eaf575e38f2','sp_big','st12','p1',1,45.00,45.00,0.0600,2.70,NULL,NULL,'2026-04-04 14:59:16'),('fcfd9b1149254226986c99b2befcb580','sale','7211a360fc844bee8aecf97c4828655f','sp_small','7f673c69c99b4637b139e7a0df5f42ef','b05cf5529def48719b9cfe7a57bb5b80',12,8.00,96.00,0.0600,5.76,NULL,NULL,'2026-04-15 21:25:14'),('fdba74ec9f8144468f47afcd14adedc4','sale','3f0d33cf35a34167a6243a0b2cffa582','sp_small','d2600ba548fc4e5c893ba1e286a5a2af','b676da29b65e4f7d944794f731af9d18',10,8.00,80.00,0.0600,4.80,NULL,NULL,'2026-04-16 16:06:46'),('fe4b8d53f65b4dbb8627f851f0133365','sale','bfe67fe996914ee88d3ce9bd2db5474d','sp_small','d82fe95243104849baecea0700907a0e','84f5a14353be44aab5d762bd086a9a2b',1,8.00,8.00,0.0600,0.48,NULL,NULL,'2026-04-12 13:54:01'),('fea3ec4ea39544178ef3b5b00a63f1cc','void_sale','acaa301833424d0f8b32c7595dd20b06','sp_small','7671e0aa0e5c4cacb7b08cdf10654353','8c49f08a935a4e7d801f7baf224adfcb',12,8.00,96.00,0.0600,-5.76,NULL,NULL,'2026-04-13 18:14:33'),('ff14ac28886248b8990cdc9001b6339a','sale','fb876bb5291e41a09632bfb069dcfffd','sp_small','7f673c69c99b4637b139e7a0df5f42ef','0f9dd6bec55447c7b9f393af59c3c286',1,8.00,8.00,0.0600,0.48,NULL,NULL,'2026-04-15 22:39:13'),('ffd5b1ecefea4e3387181a20b2623a4d','sale','e9fad5b69e824f8a95901acb52549530','sp_small','bb385a5ac4e245799d15ded1cc2548f9','705cd0f20402438588cc6469a8f0cc94',5,8.00,40.00,0.0600,2.40,NULL,NULL,'2026-04-16 16:16:27'),('ffdc1167fb3d437f95d70e4b78c84f84','sale','ac16bbd5552246399e2e494b7e051bb2','sp_small','bb385a5ac4e245799d15ded1cc2548f9','84f5a14353be44aab5d762bd086a9a2b',12,8.00,96.00,0.0600,5.76,NULL,NULL,'2026-04-16 11:12:55');
/*!40000 ALTER TABLE `wh_commission_ledger` ENABLE KEYS */;
UNLOCK TABLES;

--
-- Table structure for table `wh_commission_settlement`
--

DROP TABLE IF EXISTS `wh_commission_settlement`;
/*!40101 SET @saved_cs_client     = @@character_set_client */;
/*!50503 SET character_set_client = utf8mb4 */;
CREATE TABLE `wh_commission_settlement` (
  `id` varchar(32) NOT NULL COMMENT '主键ID',
  `salesperson_id` varchar(32) NOT NULL COMMENT '业务员账户ID',
  `settled_by` varchar(32) NOT NULL COMMENT '结清操作人账户ID',
  `sale_amount` decimal(12,2) NOT NULL DEFAULT '0.00' COMMENT '销售净提成',
  `return_amount` decimal(12,2) NOT NULL DEFAULT '0.00' COMMENT '退货净提成',
  `total_amount` decimal(12,2) NOT NULL DEFAULT '0.00' COMMENT '结清总额',
  `ledger_count` int NOT NULL DEFAULT '0' COMMENT '结清流水笔数',
  `remark` varchar(255) DEFAULT NULL COMMENT '备注',
  `created_at` datetime NOT NULL DEFAULT CURRENT_TIMESTAMP COMMENT '创建时间',
  PRIMARY KEY (`id`),
  KEY `idx_salesperson_id` (`salesperson_id`),
  KEY `idx_settled_by` (`settled_by`),
  KEY `idx_created_at` (`created_at`)
) ENGINE=InnoDB DEFAULT CHARSET=utf8mb4 COLLATE=utf8mb4_0900_ai_ci COMMENT='提成结清表';
/*!40101 SET character_set_client = @saved_cs_client */;

--
-- Dumping data for table `wh_commission_settlement`
--

LOCK TABLES `wh_commission_settlement` WRITE;
/*!40000 ALTER TABLE `wh_commission_settlement` DISABLE KEYS */;
INSERT INTO `wh_commission_settlement` VALUES ('15d1e91694224f0a853023dde1ce3c57','sp_big','admin_root',32.40,0.00,32.40,1,NULL,'2026-04-03 11:45:51');
/*!40000 ALTER TABLE `wh_commission_settlement` ENABLE KEYS */;
UNLOCK TABLES;

--
-- Table structure for table `wh_inbound_doc`
--

DROP TABLE IF EXISTS `wh_inbound_doc`;
/*!40101 SET @saved_cs_client     = @@character_set_client */;
/*!50503 SET character_set_client = utf8mb4 */;
CREATE TABLE `wh_inbound_doc` (
  `id` varchar(32) NOT NULL COMMENT '主键ID',
  `code` varchar(50) NOT NULL COMMENT '单据编号',
  `supplier_id` varchar(32) NOT NULL COMMENT '供应商ID',
  `doc_date` date NOT NULL COMMENT '单据日期',
  `remark` varchar(500) DEFAULT NULL COMMENT '备注',
  `status` varchar(10) NOT NULL DEFAULT 'draft' COMMENT '状态: draft/posted/voided',
  `created_at` datetime NOT NULL DEFAULT CURRENT_TIMESTAMP COMMENT '创建时间',
  `updated_at` datetime NOT NULL DEFAULT CURRENT_TIMESTAMP ON UPDATE CURRENT_TIMESTAMP COMMENT '更新时间',
  PRIMARY KEY (`id`),
  UNIQUE KEY `uk_code` (`code`),
  KEY `idx_supplier_id` (`supplier_id`),
  KEY `idx_doc_date` (`doc_date`)
) ENGINE=InnoDB DEFAULT CHARSET=utf8mb4 COLLATE=utf8mb4_0900_ai_ci COMMENT='入库单主表';
/*!40101 SET character_set_client = @saved_cs_client */;

--
-- Dumping data for table `wh_inbound_doc`
--

LOCK TABLES `wh_inbound_doc` WRITE;
/*!40000 ALTER TABLE `wh_inbound_doc` DISABLE KEYS */;
INSERT INTO `wh_inbound_doc` VALUES ('02d0d9f45bcb433e8555764b38d11b93','IN1775972037609','63ad1e1acd544ac189d92b92810f4419','2026-04-11',NULL,'posted','2026-04-12 13:33:57','2026-04-12 13:33:57'),('0ad1f15e942a4be294ded50b01b97df9','IN1775802782610','78e8110121744f1c9d30c74a2db08527','2026-04-09','','voided','2026-04-10 14:33:02','2026-04-10 14:33:02'),('164b2734259345b497ee9108a0cae3c1','IN1775972103114','8aa10abdff954120b435b6ba55156314','2026-04-11',NULL,'draft','2026-04-12 13:35:03','2026-04-12 13:35:03'),('1b43f8ef764c433dbb57209dc84bebc8','IN1776036758272','ca6d0b836b4b41edbb182ce1d6632bb8','2026-04-12',NULL,'posted','2026-04-13 07:32:38','2026-04-13 07:32:38'),('2038e42728124a2180e4f735ef2ed473','IN1775971999914','4f8618d91c3142b09db86e87e76cb637','2026-04-11',NULL,'posted','2026-04-12 13:33:19','2026-04-12 13:33:19'),('2d5ec26f704b4e68a216be0a9a9e32f3','IN1775972206129','93bc2cec18524c3797b0da764b094b61','2026-04-11',NULL,'posted','2026-04-12 13:36:46','2026-04-12 13:36:46'),('2edd7da35e204e72853da4626738a610','IN1776051143948','82015d2060114bb59c8e4b70bd0dfc90','2026-04-12',NULL,'posted','2026-04-13 11:32:23','2026-04-13 11:32:23'),('2fd3c70793f140c7bcf05bd589600abe','IN1775972076938','82015d2060114bb59c8e4b70bd0dfc90','2026-04-11',NULL,'posted','2026-04-12 13:34:36','2026-04-12 13:34:36'),('3419bcfad43f4f32959e357c5d441c6d','IN1775972624446','da3aa220c9c44f408f41fc1a6a4a146c','2026-04-11',NULL,'posted','2026-04-12 13:43:44','2026-04-12 13:43:44'),('347a01c4b53d4ee8bb84d506be98b48c','IN1775971998895','4f8618d91c3142b09db86e87e76cb637','2026-04-11',NULL,'draft','2026-04-12 13:33:18','2026-04-12 13:33:18'),('433dcd6aefb242c782c57dc63845ee40','IN1775972353453','a1af724950a54684ba64a630dfbc73b6','2026-04-11',NULL,'posted','2026-04-12 13:39:13','2026-04-12 13:39:13'),('457e694e88be4d6ea0660d24adcb46f0','IN1775972496971','cb2833c7279949da92d3ade6a01747fc','2026-04-11',NULL,'posted','2026-04-12 13:41:36','2026-04-12 13:41:36'),('489893eb16e149e4ae45c530b99ded4f','IN1775983400086','9fc4460ccf2246fc9c694bb65d63fbbc','2026-04-11',NULL,'posted','2026-04-12 16:43:20','2026-04-12 16:43:20'),('4ae4845952c140eb84d7089f0d21d632','IN1776346972196','cd47670970554cd1901dd78bc6c47255','2026-04-15',NULL,'posted','2026-04-16 21:42:52','2026-04-16 21:42:52'),('4d825d39756948e19aabd00b1c085eed','IN1775972326943','9c1f60cd6546479ca6112759dc4a6e59','2026-04-11',NULL,'posted','2026-04-12 13:38:46','2026-04-12 13:38:46'),('571f5dc03e6f436fbed5fb98f9b5d8c2','IN1775971690788','0bd3ffe963d043ab8dcd23b5c4a94bb8','2026-04-11',NULL,'posted','2026-04-12 13:28:10','2026-04-12 13:28:10'),('5a10b40d2a7943cfb89dda42c58d730c','IN1775972497179','cb2833c7279949da92d3ade6a01747fc','2026-04-11',NULL,'draft','2026-04-12 13:41:37','2026-04-12 13:41:37'),('623296d60bb549e483dbd6d32ebaddb0','IN1775972131291','49e26943eb934caea60a8647f38d7678','2026-04-11',NULL,'posted','2026-04-12 13:35:31','2026-04-12 13:35:31'),('6b0ac60beb2f4c32b534c8d905adeac3','IN1775971721142','0eaebd148164479ba3599cb2b2d88cbf','2026-04-11',NULL,'posted','2026-04-12 13:28:41','2026-04-12 13:28:41'),('6be19022c819410691520d45981a5a98','IN1775964113476','3ef7ecc47289472e95bd602ac84dcc98','2026-04-11',NULL,'posted','2026-04-12 11:21:53','2026-04-12 11:21:53'),('6c1fb1ef16114ca290f2772662914039','IN1775972090692','8aa10abdff954120b435b6ba55156314','2026-04-11',NULL,'posted','2026-04-12 13:34:50','2026-04-12 13:34:50'),('799b2b6584d94ea6b238e0a024639159','IN1775971965133','4ae1681683704bdcae01201af511992e','2026-04-11',NULL,'posted','2026-04-12 13:32:45','2026-04-12 13:32:45'),('85bcb21546ec4bcba1000ad89937a054','IN1775813456698','11657ed09ad64624ba23fcb3ca81fbfc','2026-04-09','测试麻花一百箱','posted','2026-04-10 17:30:56','2026-04-10 17:30:56'),('8a98329b586e4e4c8c4c4ff50202bfc5','IN1776300702640','44f2579fd1d047afb43abc1474d2ad93','2026-04-15',NULL,'posted','2026-04-16 08:51:42','2026-04-16 08:51:42'),('8e4f40f9aea144b1bf7ff6155079017f','IN1775971758781','29cfb6efd20045c5ba4813b5c46f7b14','2026-04-11',NULL,'posted','2026-04-12 13:29:18','2026-04-12 13:29:18'),('9e79836244954e96913e4ba7c09e3e4d','IN1776306198182','cd47670970554cd1901dd78bc6c47255','2026-04-15',NULL,'posted','2026-04-16 10:23:18','2026-04-16 10:23:18'),('a7944c70d5424decb44c6b1c12917dcc','IN1775921016670','11657ed09ad64624ba23fcb3ca81fbfc','2026-04-10',NULL,'posted','2026-04-11 23:23:36','2026-04-11 23:23:36'),('b253cb1474bd4220b57aea2058f4ee2c','IN1775971793590','46c94ae8ed3e46058af9eeb2047874fe','2026-04-11',NULL,'posted','2026-04-12 13:29:53','2026-04-12 13:29:53'),('b7aeafcd25e84edf8d7489776172050f','IN1775971989980','4f8618d91c3142b09db86e87e76cb637','2026-04-11',NULL,'draft','2026-04-12 13:33:09','2026-04-12 13:33:09'),('b9c18da1da474893b2f985e8bf44b824','IN1775972647363','ed4e16d937e345a5b47dd0b4bd9bf92c','2026-04-11',NULL,'posted','2026-04-12 13:44:07','2026-04-12 13:44:07'),('bda2409cd9a542fabd8e76147318135f','IN1776070387938','cd47670970554cd1901dd78bc6c47255','2026-04-12',NULL,'posted','2026-04-13 16:53:07','2026-04-13 16:53:07'),('d3ff407044724f68bed20eead558a71e','IN1775983487786','93bc2cec18524c3797b0da764b094b61','2026-04-11',NULL,'posted','2026-04-12 16:44:47','2026-04-12 16:44:47'),('d8c05f9e6634430a9c39cc1936217a19','IN1775971778994','44f2579fd1d047afb43abc1474d2ad93','2026-04-11',NULL,'posted','2026-04-12 13:29:38','2026-04-12 13:29:38'),('e81aa84c04124eddbb52e977372ffde4','IN1775972064100','78e8110121744f1c9d30c74a2db08527','2026-04-11',NULL,'posted','2026-04-12 13:34:24','2026-04-12 13:34:24'),('f52127390f924b1394e83365647e2e34','IN1775972370389','b320727132e543f7940d8c3704aa5df6','2026-04-11',NULL,'posted','2026-04-12 13:39:30','2026-04-12 13:39:30'),('fa51226d148c49d8a993a28b772abd4a','IN1775972637395','deb210891e434f9f9aceb7846a7434f2','2026-04-11',NULL,'posted','2026-04-12 13:43:57','2026-04-12 13:43:57'),('fcb83df2af564cda8952e76f2fac4838','IN1775972392081','bf7dabd448b747028fdf133a353d5173','2026-04-10',NULL,'posted','2026-04-12 13:39:52','2026-04-12 13:39:52');
/*!40000 ALTER TABLE `wh_inbound_doc` ENABLE KEYS */;
UNLOCK TABLES;

--
-- Table structure for table `wh_inbound_line`
--

DROP TABLE IF EXISTS `wh_inbound_line`;
/*!40101 SET @saved_cs_client     = @@character_set_client */;
/*!50503 SET character_set_client = utf8mb4 */;
CREATE TABLE `wh_inbound_line` (
  `id` varchar(32) NOT NULL COMMENT '主键ID',
  `doc_id` varchar(32) NOT NULL COMMENT '入库单ID',
  `product_id` varchar(32) NOT NULL COMMENT '商品ID',
  `mfg_date` date DEFAULT NULL COMMENT '生产日期',
  `exp_date` date DEFAULT NULL COMMENT '过期日期',
  `box_qty` int DEFAULT '0' COMMENT '箱数',
  `qty` int NOT NULL DEFAULT '0' COMMENT '袋数',
  `price` decimal(10,2) NOT NULL DEFAULT '0.00' COMMENT '单价',
  `amount` decimal(12,2) NOT NULL DEFAULT '0.00' COMMENT '金额',
  PRIMARY KEY (`id`),
  KEY `idx_doc_id` (`doc_id`)
) ENGINE=InnoDB DEFAULT CHARSET=utf8mb4 COLLATE=utf8mb4_0900_ai_ci COMMENT='入库单明细表';
/*!40101 SET character_set_client = @saved_cs_client */;

--
-- Dumping data for table `wh_inbound_line`
--

LOCK TABLES `wh_inbound_line` WRITE;
/*!40000 ALTER TABLE `wh_inbound_line` DISABLE KEYS */;
INSERT INTO `wh_inbound_line` VALUES ('029064e842cc4273a341f3578ba0c496','b253cb1474bd4220b57aea2058f4ee2c','cd2dea827fcf4895a774acd8eac4d671',NULL,NULL,1000,8000,0.00,0.00),('04bf47c124c94f55923ee4ced3488ad1','8a98329b586e4e4c8c4c4ff50202bfc5','aece7f5d92174de0b758d459810ffcb1',NULL,NULL,1000,12000,0.00,0.00),('05e4b897aae7442ab9a8d98c5eb09686','85bcb21546ec4bcba1000ad89937a054','243e994795ca489cb8aec60cf2bc1d97',NULL,NULL,100,1000,0.00,0.00),('0713094ec8de46f985ef7997e4c90974','433dcd6aefb242c782c57dc63845ee40','8c49f08a935a4e7d801f7baf224adfcb',NULL,NULL,1000,12000,0.00,0.00),('0d84e7fa1e8746e594984dfb3c574ba0','2d5ec26f704b4e68a216be0a9a9e32f3','1ffb3e0518814cbb97388d8674aae90a',NULL,NULL,1000,12000,0.00,0.00),('0fe3d72d40c840c0815120e5ff94c2c9','fcb83df2af564cda8952e76f2fac4838','57e9c215273641e3a67f2151c07ab337',NULL,NULL,1000,20000,0.00,0.00),('1569dfe3abbb40bf838fdef610af3ff8','d3ff407044724f68bed20eead558a71e','6486accd8ec84ff79c7cdea3367b1ad8',NULL,NULL,6,6,0.00,0.00),('20b26428f7e54b599278d2f69fa6bc9e','3419bcfad43f4f32959e357c5d441c6d','900e1480a9c4482b830eed25bdd37a91',NULL,NULL,1000,8000,0.00,0.00),('235745d46e444d9bb421e2e4cdfe9ad4','b9c18da1da474893b2f985e8bf44b824','b05cf5529def48719b9cfe7a57bb5b80',NULL,NULL,1000,6000,0.00,0.00),('2477d26701ad442a9f5010d0b70011e2','4d825d39756948e19aabd00b1c085eed','c4876524e53f4418be0837a94642d81f',NULL,NULL,1000,15000,0.00,0.00),('342bd1ce83ab490ba5dda396d57e9d1d','8e4f40f9aea144b1bf7ff6155079017f','58edc8d15e5f4810a414c0941222b78a',NULL,NULL,1000,8000,0.00,0.00),('356f610bb83a486b8649268c253b3efa','bda2409cd9a542fabd8e76147318135f','b87a6361b74641ffa5e413dc3ce35581',NULL,NULL,100,1200,0.00,0.00),('37d6876abe0d4904bd9fb8ffafd38405','4d825d39756948e19aabd00b1c085eed','1bbd4938f0414180b6b53bea106a3ca0',NULL,NULL,1000,15000,0.00,0.00),('381723df616a4006b73960e717f0ea47','489893eb16e149e4ae45c530b99ded4f','d75c5c564e2e4cd9be68ee4e68db643c',NULL,NULL,100,100,0.00,0.00),('396fa2efa05e470386124bbfd89ce779','3419bcfad43f4f32959e357c5d441c6d','3030165e94604fd48375b5402474e9b3',NULL,NULL,1000,10000,0.00,0.00),('429fdff409aa40a2b4ff8e9a2fa3a48d','4d825d39756948e19aabd00b1c085eed','988f4f00e2384732845f18f22615b743',NULL,NULL,1000,15000,0.00,0.00),('48294fe13a464ffebaa4d84fd29c9e48','fa51226d148c49d8a993a28b772abd4a','705cd0f20402438588cc6469a8f0cc94',NULL,NULL,1000,10000,0.00,0.00),('532ec2eec2dc430eab967eb27d3b33d6','457e694e88be4d6ea0660d24adcb46f0','0f9dd6bec55447c7b9f393af59c3c286',NULL,NULL,1000,10000,0.00,0.00),('544180de67034a4bba1b87c8f4d8d340','bda2409cd9a542fabd8e76147318135f','93962c4a47664039919691eb044c3f2c',NULL,NULL,100,1200,0.00,0.00),('563739e5973048168c000822223dafc7','4ae4845952c140eb84d7089f0d21d632','94c3b4a6da884f9aac9604883866cd5b',NULL,NULL,100,1500,0.00,0.00),('58bcc92f47aa40278c41b7551a9ec564','4d825d39756948e19aabd00b1c085eed','17b677c9d851427bb9ee33040e0ee92b',NULL,NULL,1000,15000,0.00,0.00),('59c75208047f4244b0c469f0a1741b9d','799b2b6584d94ea6b238e0a024639159','9fe73b50b85743fb8885da5a0d208f20',NULL,NULL,1000,10000,0.00,0.00),('5be68bf26891435783a715f931484d70','2038e42728124a2180e4f735ef2ed473','2ee4a2a6df9d4caa8ce6b5e0c8a2d56d',NULL,NULL,1000,15000,0.00,0.00),('5d56092e84724fbbbd2e5dc2d8c552af','571f5dc03e6f436fbed5fb98f9b5d8c2','991d1b867e3d4c92b5723a55cb902475',NULL,NULL,1000,10000,0.00,0.00),('61a3ac615d374d0aa89c417f36a052e5','f52127390f924b1394e83365647e2e34','b676da29b65e4f7d944794f731af9d18',NULL,NULL,1000,10000,0.00,0.00),('641baadf491d4dd8acef2777d389578a','571f5dc03e6f436fbed5fb98f9b5d8c2','32d4186fd29a4311aada5b21e466de91',NULL,NULL,1000,10000,0.00,0.00),('6d63b4afb95e4902a7df77548e03676c','2fd3c70793f140c7bcf05bd589600abe','8e3a6f2f07dd421bad58749618c41409',NULL,NULL,1000,15000,0.00,0.00),('712506a23b07400d86c1a89a95aeeb6d','6b0ac60beb2f4c32b534c8d905adeac3','99e3f41e2a784934ad25a3c65a8c0f44',NULL,NULL,1000,24000,0.00,0.00),('74456cbc84fc45339579c96e9c346655','6b0ac60beb2f4c32b534c8d905adeac3','871ef55e9c0a4d678b4da46520d9892a',NULL,NULL,1000,12000,0.00,0.00),('78cf112273d04e2bafc49797cb426d25','347a01c4b53d4ee8bb84d506be98b48c','575f9a3958f84526a45a94f154f672ed',NULL,NULL,1000,15000,0.00,0.00),('79801909ad3047f99ada62a73feff8c3','e81aa84c04124eddbb52e977372ffde4','132662dfb6f749089ab2be0d75a0e106',NULL,NULL,1000,12000,0.00,0.00),('7ab83fc55ee745d99527b0d3a987d37f','8e4f40f9aea144b1bf7ff6155079017f','bdd99bce7785474a9e6b56ffc6a5903e',NULL,NULL,1000,6000,0.00,0.00),('7c01032353a84814903778fdbca7b9fd','02d0d9f45bcb433e8555764b38d11b93','53da4c7539644b60970085acba6781a5',NULL,NULL,1000,12000,0.00,0.00),('80745b8bc94143c0a82603c91e87b1ba','4ae4845952c140eb84d7089f0d21d632','93962c4a47664039919691eb044c3f2c',NULL,NULL,0,0,0.00,0.00),('854e8496aa6b4180a69ddedfcd161845','f52127390f924b1394e83365647e2e34','e317a13efa21456db1113bb2aeb8e5f9',NULL,NULL,1000,12000,0.00,0.00),('8a52e3fab74540559996c17901ffae43','347a01c4b53d4ee8bb84d506be98b48c','2ee4a2a6df9d4caa8ce6b5e0c8a2d56d',NULL,NULL,1000,15000,0.00,0.00),('8c3cd92472f1476daffa7e83069a9835','fcb83df2af564cda8952e76f2fac4838','0752ebd7a81b40d883f1a82e531a5606',NULL,NULL,1000,20000,0.00,0.00),('91761652ac4d4e3cbe1b9663e4880a35','4ae4845952c140eb84d7089f0d21d632','d83e34b786f04a3cbe7917fb4bf0ff15',NULL,NULL,100,1000,0.00,0.00),('92009ffc0a134369bbb383dbcd3f7fd9','d8c05f9e6634430a9c39cc1936217a19','4b677dc8979a425293b41c77bbe14fa8',NULL,NULL,1000,12000,0.00,0.00),('a4ae1355a31d40e1b9f5cf2d09147a3d','1b43f8ef764c433dbb57209dc84bebc8','cfdf35790cbf4ce5babfc77dfad113c8',NULL,NULL,100,1200,0.00,0.00),('a801701ff6a54a2d9b031601a5abf546','2038e42728124a2180e4f735ef2ed473','575f9a3958f84526a45a94f154f672ed',NULL,NULL,1000,15000,0.00,0.00),('aec0ae646a6b4f718f09ec1ead6e1d66','799b2b6584d94ea6b238e0a024639159','458bfa78512043db9bbe57871878e7fe',NULL,NULL,1000,12000,0.00,0.00),('b16da9ca24784b35b249e41f4029cea9','799b2b6584d94ea6b238e0a024639159','b36351f34f14494db993f641267f36a5',NULL,NULL,1000,12000,0.00,0.00),('b74fa3a6ab1841d5a4a5b01e18e004be','2edd7da35e204e72853da4626738a610','dedb3818f0204a198eea338c1a74b48c',NULL,NULL,1000,15000,0.00,0.00),('b7d32d112f3e4078baa886054b0152cf','1b43f8ef764c433dbb57209dc84bebc8','78e9127977ce41bca94809e78f373a89',NULL,NULL,100,1200,0.00,0.00),('b98445b8245b4c99a1c0188f64eaf4b6','9e79836244954e96913e4ba7c09e3e4d','c75e167ff4a54177a7c9fd6bb10686b1',NULL,NULL,100,3600,0.00,0.00),('c3277181691b491c8a59553db2f168a1','433dcd6aefb242c782c57dc63845ee40','84f5a14353be44aab5d762bd086a9a2b',NULL,NULL,1000,12000,0.00,0.00),('c7868a57425441cfa236abcdf6802776','164b2734259345b497ee9108a0cae3c1','f116ee56a4804fe2bbfc8db4d3325cc0',NULL,NULL,1000,8000,0.00,0.00),('cea9113c007b46c09b77d97121947c43','6be19022c819410691520d45981a5a98','8ae1231378cc4717987a6bb6b20dd383',NULL,NULL,500,7500,0.00,0.00),('d094ef1b11564736824d5b202d47b8e0','571f5dc03e6f436fbed5fb98f9b5d8c2','26f4a7ebb4ae4587a5269bd32e69fa8c',NULL,NULL,1000,10000,0.00,0.00),('d5084e1819d44e7684cae2d3a182d1a9','b7aeafcd25e84edf8d7489776172050f','575f9a3958f84526a45a94f154f672ed',NULL,NULL,1000,15000,0.00,0.00),('dcf63af32c2b41229c408a2f18168a02','4ae4845952c140eb84d7089f0d21d632','c75e167ff4a54177a7c9fd6bb10686b1',NULL,NULL,100,3600,0.00,0.00),('defc0e443eee4789bd74a7b007690bde','4d825d39756948e19aabd00b1c085eed','053878a2ede34e459ddca41c38ac658d',NULL,NULL,1000,15000,0.00,0.00),('df6db4927a4a4817ac2222acbc9fadc9','4ae4845952c140eb84d7089f0d21d632','b87a6361b74641ffa5e413dc3ce35581',NULL,NULL,100,1200,0.00,0.00),('e15d09bc3b6b4d4ea56cfc595fe00a06','a7944c70d5424decb44c6b1c12917dcc','243e994795ca489cb8aec60cf2bc1d97',NULL,NULL,2000,20000,0.00,0.00),('eb43965fa52c4ceab74d629d3e926855','0ad1f15e942a4be294ded50b01b97df9','132662dfb6f749089ab2be0d75a0e106','2026-04-09','2026-09-06',10,120,0.00,0.00),('eea837b9e75f4cd5b267ba77c683530e','571f5dc03e6f436fbed5fb98f9b5d8c2','fe184c1459aa4f85b98e62d42b58f6bd',NULL,NULL,1000,10000,0.00,0.00),('f8ea19c5ee0540c28e552ff81e6c8d04','02d0d9f45bcb433e8555764b38d11b93','e691aa957798446eb7746f5a958833b7',NULL,NULL,1000,12000,0.00,0.00),('f9c5c7aece7a4b4cbaf998072143353c','b7aeafcd25e84edf8d7489776172050f','2ee4a2a6df9d4caa8ce6b5e0c8a2d56d',NULL,NULL,1000,15000,0.00,0.00),('fc6dc40a4c654597a1abe8148724b56d','623296d60bb549e483dbd6d32ebaddb0','e0213a7bf1c04790ac037e20fb20680c',NULL,NULL,1000,16000,0.00,0.00),('fedcfbba05924fdbb8a9dbf8559ffbef','6c1fb1ef16114ca290f2772662914039','f116ee56a4804fe2bbfc8db4d3325cc0',NULL,NULL,1000,8000,0.00,0.00),('ffe2c5616b1b4460afee7df80ef0c488','5a10b40d2a7943cfb89dda42c58d730c','0f9dd6bec55447c7b9f393af59c3c286',NULL,NULL,1000,10000,0.00,0.00);
/*!40000 ALTER TABLE `wh_inbound_line` ENABLE KEYS */;
UNLOCK TABLES;

--
-- Table structure for table `wh_ledger`
--

DROP TABLE IF EXISTS `wh_ledger`;
/*!40101 SET @saved_cs_client     = @@character_set_client */;
/*!50503 SET character_set_client = utf8mb4 */;
CREATE TABLE `wh_ledger` (
  `id` varchar(32) NOT NULL COMMENT '主键ID',
  `biz_type` varchar(20) NOT NULL COMMENT '业务类型: inbound/transfer/sale',
  `doc_id` varchar(32) NOT NULL COMMENT '单据ID',
  `warehouse_id` varchar(32) NOT NULL COMMENT '仓库ID',
  `product_id` varchar(32) NOT NULL COMMENT '商品ID',
  `qty` int NOT NULL COMMENT '袋数(正入库负出库)',
  `created_at` datetime NOT NULL DEFAULT CURRENT_TIMESTAMP COMMENT '创建时间',
  PRIMARY KEY (`id`),
  KEY `idx_warehouse_product` (`warehouse_id`,`product_id`),
  KEY `idx_doc_id` (`doc_id`),
  KEY `idx_created_at` (`created_at`)
) ENGINE=InnoDB DEFAULT CHARSET=utf8mb4 COLLATE=utf8mb4_0900_ai_ci COMMENT='库存台账表';
/*!40101 SET character_set_client = @saved_cs_client */;

--
-- Dumping data for table `wh_ledger`
--

LOCK TABLES `wh_ledger` WRITE;
/*!40000 ALTER TABLE `wh_ledger` DISABLE KEYS */;
INSERT INTO `wh_ledger` VALUES ('00164eb128684e7b9b8febd851dd80f9','inbound','fcb83df2af564cda8952e76f2fac4838','main','57e9c215273641e3a67f2151c07ab337',20000,'2026-04-12 13:39:55'),('001d4c0b977946a2894119a43b82b2df','sale','ac16bbd5552246399e2e494b7e051bb2','veh_sp_small','78e9127977ce41bca94809e78f373a89',-12,'2026-04-16 11:12:55'),('0140e5c354de4f46bc25c9c706782231','transfer','2d68eaa946d84e9588ba191a66f5918c','veh_sp_big','871ef55e9c0a4d678b4da46520d9892a',1200,'2026-04-16 21:48:51'),('018e0c95f9d64c36aa83cf7c5fb7565a','transfer','2d68eaa946d84e9588ba191a66f5918c','veh_sp_big','053878a2ede34e459ddca41c38ac658d',1500,'2026-04-16 21:48:51'),('0195d888fda44425a2d905e9e5dec4d7','sale','822ffd09bde64e73b7860e6733b8319b','veh_sp_small','705cd0f20402438588cc6469a8f0cc94',-5,'2026-04-16 11:11:29'),('01ecf9b93e7b43c7bf884bb2e25ec1d6','sale','38916faf2e4a4b60842ac53920e1bc92','veh_sp_small','132662dfb6f749089ab2be0d75a0e106',12,'2026-04-13 15:51:39'),('01efb746580b4bb5ac203ac420957e86','return_vehicle','e3d655935645468cb613d2d17de5a5fd','veh_sp_small','84f5a14353be44aab5d762bd086a9a2b',3,'2026-04-14 17:21:44'),('0220c177066d437d8c743cc293afd996','inbound','4d825d39756948e19aabd00b1c085eed','main','053878a2ede34e459ddca41c38ac658d',15000,'2026-04-12 13:38:49'),('029d0ca17a9044d8bda37199789720dc','sale','308d127dff664f4ebbf8409dacae1bab','veh_sp_big','p11',-30,'2026-04-09 18:32:47'),('02a358f079a44365bec3038888e86422','sale','5172cc64a9244d86986ec686fcbc96bc','veh_sp_small','e317a13efa21456db1113bb2aeb8e5f9',-12,'2026-04-14 17:18:56'),('031cddb24cbe439c81c1bab8c063faec','sale','f197fbf39c2c47288fcf8d1df2a02375','veh_sp_small','1ffb3e0518814cbb97388d8674aae90a',12,'2026-04-16 15:09:59'),('03258b4b45104c9495ed97e7e3620590','sale','14a58c05e91f4d6a9e641689bb3e60e1','veh_sp_big','053878a2ede34e459ddca41c38ac658d',-1,'2026-04-16 21:54:38'),('0336e900520b409a9fd3fc33bfc49447','sale','daba9badcd2d49009ab5feea6d5f0eda','veh_sp_small','84f5a14353be44aab5d762bd086a9a2b',-6,'2026-04-13 17:07:18'),('033faaf92e73437dbc5105bfae185fa1','outbound','01b458de8ee949e195a1770078c7cb84','main','243e994795ca489cb8aec60cf2bc1d97',-200,'2026-04-10 17:31:29'),('03430914b2b44a97b8e699c6dbbe8e10','transfer','ea0723dcb180434998b2ad13ae24438a','main','84f5a14353be44aab5d762bd086a9a2b',-1200,'2026-04-12 13:50:48'),('03f2c03402664679a255a5d12ef25a04','sale','f197fbf39c2c47288fcf8d1df2a02375','veh_sp_small','900e1480a9c4482b830eed25bdd37a91',8,'2026-04-16 15:09:59'),('04f23a84b458451ea4a6fcd5b173a52d','sale','38916faf2e4a4b60842ac53920e1bc92','veh_sp_small','132662dfb6f749089ab2be0d75a0e106',-12,'2026-04-13 14:13:28'),('0507ffc0e6d240e08f6619844b2251b3','transfer','ea0723dcb180434998b2ad13ae24438a','veh_sp_small','8ae1231378cc4717987a6bb6b20dd383',1500,'2026-04-12 13:50:48'),('05d974e870cd497f87c76a96ef2ac89a','sale','5172cc64a9244d86986ec686fcbc96bc','veh_sp_small','8e3a6f2f07dd421bad58749618c41409',-15,'2026-04-14 17:18:56'),('05f9bd39f31d4ec9bcbcc166930c62d3','sale','822ffd09bde64e73b7860e6733b8319b','veh_sp_small','8c49f08a935a4e7d801f7baf224adfcb',-12,'2026-04-16 11:11:29'),('067a8cd37fe4478e8804c0ae6c51ef96','sale','680efd3dd02a48759ea3d9d6bcd1e9d7','veh_sp_small','58edc8d15e5f4810a414c0941222b78a',-8,'2026-04-14 17:36:52'),('06881a10d68341d1b6123df8541b975b','sale','8750d5bbb4e34be4bd997566dfc732ca','veh_sp_small','bdd99bce7785474a9e6b56ffc6a5903e',-6,'2026-04-16 08:52:10'),('07272b5582f8474fbecf344dd89ce60a','sale','38916faf2e4a4b60842ac53920e1bc92','veh_sp_small','1ffb3e0518814cbb97388d8674aae90a',12,'2026-04-13 15:51:39'),('073347096bf14c419acd46094b0b7a4f','transfer','38ac08372c8646cfb0b829b32ac1ddc2','veh_sp_big','cfdf35790cbf4ce5babfc77dfad113c8',600,'2026-04-16 21:51:17'),('073e7bcd07d74b4db274baf99754ffba','sale','1887cef0fbc74740bce136619ce3ea44','veh_sp_small','78e9127977ce41bca94809e78f373a89',12,'2026-04-13 12:01:47'),('0836dae4225942c8989f566094abd361','sale','3f0d33cf35a34167a6243a0b2cffa582','veh_sp_small','b676da29b65e4f7d944794f731af9d18',-10,'2026-04-16 16:06:46'),('08d12104ba2d490c92aafdf97cb48abf','sale','1887cef0fbc74740bce136619ce3ea44','veh_sp_small','132662dfb6f749089ab2be0d75a0e106',-6,'2026-04-13 10:31:09'),('08e7d59d972041a28485347f0bd613b3','sale','3c0bc3cd0f64469a9195ca62d8890aea','veh_sp_small','243e994795ca489cb8aec60cf2bc1d97',-10,'2026-04-16 15:17:39'),('0946987bfb3a486490728fe0fbc98b66','sale','822ffd09bde64e73b7860e6733b8319b','veh_sp_small','cfdf35790cbf4ce5babfc77dfad113c8',-12,'2026-04-16 11:11:29'),('0955eb1e616545cebb668bd1e5a4765e','transfer','5ce74f14981f4a2ca5981be4dc45f72d','main','cfdf35790cbf4ce5babfc77dfad113c8',-600,'2026-04-13 07:33:14'),('0967957692864588891a3ce4092a1da7','transfer','2d68eaa946d84e9588ba191a66f5918c','veh_sp_big','c75e167ff4a54177a7c9fd6bb10686b1',3600,'2026-04-16 21:48:51'),('09db09302e1b4e03870d4850b6e39b3d','sale','af2d729b07c347fea0c23f2ff17a719e','veh_sp_small','bdd99bce7785474a9e6b56ffc6a5903e',-12,'2026-04-16 11:14:35'),('0a68a6e62d444c5b83ef4f6df151606e','sale','af2d729b07c347fea0c23f2ff17a719e','veh_sp_small','705cd0f20402438588cc6469a8f0cc94',-5,'2026-04-16 11:14:35'),('0a6ad7155f61425da6a440ea8e885940','sale','e9fad5b69e824f8a95901acb52549530','veh_sp_small','900e1480a9c4482b830eed25bdd37a91',-8,'2026-04-16 16:16:27'),('0acaa902c3024222a9d93153b0ae2136','return_vehicle','71f9dabf0e0e4aeeb9cf980722e5d4a7','veh_sp_small','991d1b867e3d4c92b5723a55cb902475',10,'2026-04-14 17:18:56'),('0acaff3161b04a51a265a1990347340a','transfer','2d68eaa946d84e9588ba191a66f5918c','veh_sp_big','53da4c7539644b60970085acba6781a5',1200,'2026-04-16 21:48:51'),('0ad6bfc5d6f644d583d7f77e9ff97974','sale','c91bd1dde02e49499357dfa7dd18c32e','veh_sp_small','900e1480a9c4482b830eed25bdd37a91',8,'2026-04-16 16:16:11'),('0b0ea4338e9941689977d74e53938e0d','sale','f1e44f88444c4410aa63275cbc35ea8e','veh_sp_small','132662dfb6f749089ab2be0d75a0e106',-6,'2026-04-13 10:29:51'),('0b27759937174f479dfc2153aa0df02e','sale','b9d0e6ba215e49c0abc0a387e3589156','veh_sp_small','900e1480a9c4482b830eed25bdd37a91',-8,'2026-04-14 17:21:44'),('0b4ccffe5ad64748b06c557b17c8e1f6','transfer','ea0723dcb180434998b2ad13ae24438a','main','871ef55e9c0a4d678b4da46520d9892a',-1200,'2026-04-12 13:50:48'),('0b81d2b1f0c84b48a1af3142033208d6','return_vehicle','e3d655935645468cb613d2d17de5a5fd','veh_sp_small','991d1b867e3d4c92b5723a55cb902475',10,'2026-04-14 17:21:44'),('0b8e1b46686c4cbeba671b9ac0d0646d','sale','ff157037b4c44ca9abf4874d56eb4cbb','veh_sp_small','aece7f5d92174de0b758d459810ffcb1',-6,'2026-04-16 16:14:27'),('0b9c0ab708ff49b3831ca91d9b9bb6dc','sale','ac16bbd5552246399e2e494b7e051bb2','veh_sp_small','cfdf35790cbf4ce5babfc77dfad113c8',12,'2026-04-16 11:13:42'),('0bbed530b1d74615b5eef0084a166571','sale','f5dcf172601e49b29e5c0dd4b49d98e9','veh_sp_small','84f5a14353be44aab5d762bd086a9a2b',-12,'2026-04-13 11:37:58'),('0c6b974a9de14790a539aaaf9085d29a','transfer','d2bbb69fafe74f139ab0a47b5d381af1','veh_sp_small','243e994795ca489cb8aec60cf2bc1d97',50,'2026-04-11 22:08:41'),('0ce7184075f2453dbac7cb4126c6ece9','sale','3c0bc3cd0f64469a9195ca62d8890aea','veh_sp_small','1ffb3e0518814cbb97388d8674aae90a',-12,'2026-04-16 15:17:39'),('0d82c9fe46954856bb0bdbf6ca36bd01','sale','ea200b85af514ecab2fb6f024c956084','veh_sp_small','871ef55e9c0a4d678b4da46520d9892a',12,'2026-04-13 15:52:20'),('0dcdb79bd5ad4e8bbcbce900d4ff6128','sale','ac16bbd5552246399e2e494b7e051bb2','veh_sp_small','78e9127977ce41bca94809e78f373a89',12,'2026-04-16 11:13:42'),('0defffa783be4882aa44058d8a64371d','transfer','ea0723dcb180434998b2ad13ae24438a','main','1bbd4938f0414180b6b53bea106a3ca0',-1500,'2026-04-12 13:50:48'),('0e224ac7464b499d82d390022bc36f3b','sale','39474098ba0e46ac867c9fa3c3327a18','veh_sp_small','2ee4a2a6df9d4caa8ce6b5e0c8a2d56d',-1,'2026-04-12 13:54:02'),('0f49d387733b4d0b8906eab0e4bac4f9','sale','38916faf2e4a4b60842ac53920e1bc92','veh_sp_small','705cd0f20402438588cc6469a8f0cc94',-10,'2026-04-13 14:13:28'),('0f556af77cee48fabe07802a266aa71e','transfer','38ac08372c8646cfb0b829b32ac1ddc2','main','b87a6361b74641ffa5e413dc3ce35581',-1200,'2026-04-16 21:51:17'),('0fa5b78926a548c0860238482f39a290','sale','f5dcf172601e49b29e5c0dd4b49d98e9','veh_sp_small','cfdf35790cbf4ce5babfc77dfad113c8',12,'2026-04-13 12:01:35'),('100dd87af25f44bfae1a831912d8afa3','transfer','2d68eaa946d84e9588ba191a66f5918c','main','17b677c9d851427bb9ee33040e0ee92b',-1500,'2026-04-16 21:48:52'),('108530f835714552b9012d4507a278a5','sale','c91bd1dde02e49499357dfa7dd18c32e','veh_sp_small','84f5a14353be44aab5d762bd086a9a2b',12,'2026-04-16 16:16:11'),('10a58d98a29047fdb0efc6d0710469b2','sale','39474098ba0e46ac867c9fa3c3327a18','veh_sp_small','57e9c215273641e3a67f2151c07ab337',-1,'2026-04-12 13:54:02'),('11262bb521f341c5b564a06c4680284a','sale','ac16bbd5552246399e2e494b7e051bb2','veh_sp_small','84f5a14353be44aab5d762bd086a9a2b',-12,'2026-04-16 11:12:55'),('118e144d97bd48c5b3346cd3565032db','sale','acaa301833424d0f8b32c7595dd20b06','veh_sp_small','8c49f08a935a4e7d801f7baf224adfcb',12,'2026-04-13 18:14:33'),('125c78d5a242482a90e566f789784d79','sale','ac16bbd5552246399e2e494b7e051bb2','veh_sp_small','cfdf35790cbf4ce5babfc77dfad113c8',-12,'2026-04-16 11:12:55'),('1263f0f4b56b4ff1afe3c30bb3478333','transfer','2d68eaa946d84e9588ba191a66f5918c','veh_sp_big','e0213a7bf1c04790ac037e20fb20680c',1600,'2026-04-16 21:48:51'),('1293539fe25f4489a3628c37e5fb6d50','sale','f5dcf172601e49b29e5c0dd4b49d98e9','veh_sp_small','78e9127977ce41bca94809e78f373a89',-12,'2026-04-13 11:37:58'),('12c411abed1b44cb8812c52da75ca138','transfer','ea0723dcb180434998b2ad13ae24438a','veh_sp_small','871ef55e9c0a4d678b4da46520d9892a',1200,'2026-04-12 13:50:48'),('12e6d89e0eec4aa4a80ea4bac0b8e052','sale','b9d0e6ba215e49c0abc0a387e3589156','veh_sp_small','3030165e94604fd48375b5402474e9b3',10,'2026-04-14 17:36:06'),('134ebddf4b5645dc9ebf77f0f67775c4','sale','d359462cb2774282b59ca17a559cdd69','veh_sp_small','57e9c215273641e3a67f2151c07ab337',-20,'2026-04-14 21:33:16'),('136e269174604aecbc10aa1d57ae4219','sale','b9c81b6b5c1d4859aaa7d879875e0ffa','veh_sp_small','900e1480a9c4482b830eed25bdd37a91',-8,'2026-04-13 18:04:36'),('1381f5d089dc48d9998dca59bf3d5b88','sale','e9fad5b69e824f8a95901acb52549530','veh_sp_small','e317a13efa21456db1113bb2aeb8e5f9',-12,'2026-04-16 16:16:27'),('139728617f5a4814b6cc76f672bc0e3e','sale','d359462cb2774282b59ca17a559cdd69','veh_sp_small','243e994795ca489cb8aec60cf2bc1d97',-10,'2026-04-14 21:33:16'),('13bc43af465a4fcb8aae9e64716b2542','transfer','2d68eaa946d84e9588ba191a66f5918c','main','f116ee56a4804fe2bbfc8db4d3325cc0',-800,'2026-04-16 21:48:52'),('142d08849bc84565ab887f2f2c1361cf','sale','bb3306d40d824ba5afb98a5ee54b77f3','veh_sp_small','57e9c215273641e3a67f2151c07ab337',-1,'2026-04-12 13:54:01'),('147d532b78fb46d6863f415dac345290','sale','0070a39826b749b5a29a5197b53041eb','veh_sp_small','58edc8d15e5f4810a414c0941222b78a',-8,'2026-04-13 11:43:39'),('148cb785f66d4f3ca58daa0eaf115a9d','transfer','ea0723dcb180434998b2ad13ae24438a','veh_sp_small','1ffb3e0518814cbb97388d8674aae90a',1200,'2026-04-12 13:50:48'),('150b18a93a71448faf2d91c5401cdec2','sale','38916faf2e4a4b60842ac53920e1bc92','veh_sp_small','b05cf5529def48719b9cfe7a57bb5b80',-12,'2026-04-13 14:13:28'),('1527943e5c8c48a4a06191870a26b5a0','transfer','ea0723dcb180434998b2ad13ae24438a','veh_sp_small','575f9a3958f84526a45a94f154f672ed',1500,'2026-04-12 13:50:48'),('1540a1caf74947c19fa1d1cb3612561f','sale','f45ba8ab0a084027b633cffa873df09d','veh_sp_small','132662dfb6f749089ab2be0d75a0e106',-2,'2026-04-15 22:35:16'),('15726b3b733347bf9ed09a4498e518ac','transfer','2d68eaa946d84e9588ba191a66f5918c','veh_sp_big','32d4186fd29a4311aada5b21e466de91',1000,'2026-04-16 21:48:51'),('15c4a28b99874bbc84917e58635a4280','transfer','f54dbc4b41834d8a846f3575c2fa282c','main','243e994795ca489cb8aec60cf2bc1d97',-200,'2026-04-10 18:08:43'),('167a6b485a5b452890de6e0510f93206','sale','3c0bc3cd0f64469a9195ca62d8890aea','veh_sp_small','e317a13efa21456db1113bb2aeb8e5f9',-12,'2026-04-16 15:17:39'),('1705de8c955e45e299477836f4c6c6cc','sale','2b4f22f65a3d4cc791a4a3e4a70f3f55','veh_sp_big','p10',-1,'2026-04-09 17:54:36'),('17340369233e4e4f99b016031773f279','transfer','2d68eaa946d84e9588ba191a66f5918c','veh_sp_big','4b677dc8979a425293b41c77bbe14fa8',1200,'2026-04-16 21:48:52'),('174668c0287d43e68fbb7dae3b31c76d','transfer','ea0723dcb180434998b2ad13ae24438a','main','458bfa78512043db9bbe57871878e7fe',-1200,'2026-04-12 13:50:48'),('17c55e8248a542ebb66adbce36987d92','sale','f197fbf39c2c47288fcf8d1df2a02375','veh_sp_small','0f9dd6bec55447c7b9f393af59c3c286',-10,'2026-04-16 15:06:25'),('17d37bbb546743d5babc090e3ee109e3','sale','6de5a32e52804025af12273b719000ff','veh_sp_small','cfdf35790cbf4ce5babfc77dfad113c8',-12,'2026-04-16 13:41:08'),('17f26f493c214aedad2aef911acf723e','inbound','2038e42728124a2180e4f735ef2ed473','main','575f9a3958f84526a45a94f154f672ed',15000,'2026-04-12 13:33:31'),('18c9b774beac44f6bd10218e41b7391e','sale','a4d46d70cb2042cfb0b566fb27f8710a','veh_sp_small','78e9127977ce41bca94809e78f373a89',-6,'2026-04-13 13:02:42'),('18f8a1f358cc45b69d9765eb05127e33','sale','ac16bbd5552246399e2e494b7e051bb2','veh_sp_small','705cd0f20402438588cc6469a8f0cc94',5,'2026-04-16 11:13:42'),('194aba5de92b4ce2afc66378a77c8552','sale','a96c3603a42b44d2ab02b2fc88d95c50','veh_sp_small','c75e167ff4a54177a7c9fd6bb10686b1',6,'2026-04-16 16:23:03'),('196afc22829f4d5e8b3923b9bb284f9c','sale','a4d46d70cb2042cfb0b566fb27f8710a','veh_sp_small','b05cf5529def48719b9cfe7a57bb5b80',-4,'2026-04-13 13:02:42'),('1975905adb944b94b0c6de5c22e1aae5','sale','e9fad5b69e824f8a95901acb52549530','veh_sp_small','8c49f08a935a4e7d801f7baf224adfcb',-12,'2026-04-16 16:16:27'),('1a35fe7834434e62bdf5d168710e651e','sale','bfe67fe996914ee88d3ce9bd2db5474d','veh_sp_small','575f9a3958f84526a45a94f154f672ed',-1,'2026-04-12 13:54:01'),('1a84ebd1c2a7463bbba72f76da8877f9','transfer','ea0723dcb180434998b2ad13ae24438a','veh_sp_small','0752ebd7a81b40d883f1a82e531a5606',2000,'2026-04-12 13:50:48'),('1aa1b4bc51bf412a89c4319da2d50390','sale','fb876bb5291e41a09632bfb069dcfffd','veh_sp_small','0f9dd6bec55447c7b9f393af59c3c286',-1,'2026-04-15 22:39:13'),('1aea4d0f8bcb456aacd9c822b7666bf7','return_vehicle','cf1cf41086a44ee1ac74fc077f5392a1','veh_sp_small','d83e34b786f04a3cbe7917fb4bf0ff15',3,'2026-04-16 11:11:29'),('1b3796f2da1f44b582896c5bc058023d','sale','66fe82bc170b4a4184a4918787f749a4','veh_sp_small','132662dfb6f749089ab2be0d75a0e106',-2,'2026-04-15 22:35:26'),('1c288e1fcba045f4a5a8d31cc2e3f15d','sale','ff157037b4c44ca9abf4874d56eb4cbb','veh_sp_small','cfdf35790cbf4ce5babfc77dfad113c8',12,'2026-04-16 16:15:25'),('1c59fcc382eb4548b1af30a9d0063c9c','sale','373d726fa09a45b6b393a9caefb072cd','veh_sp_small','aece7f5d92174de0b758d459810ffcb1',6,'2026-04-16 11:10:09'),('1ce34501a5264384897e875d7af8034f','sale','c7d227f20ad143fca1840e24af7695f8','veh_sp_small','1ffb3e0518814cbb97388d8674aae90a',-6,'2026-04-16 13:56:25'),('1cf1e35957ac4552b717983cd516964d','sale','8750d5bbb4e34be4bd997566dfc732ca','veh_sp_small','1ffb3e0518814cbb97388d8674aae90a',-6,'2026-04-16 08:52:10'),('1d2b5016907343d8993eed866b9eace0','sale','8750d5bbb4e34be4bd997566dfc732ca','veh_sp_small','0f9dd6bec55447c7b9f393af59c3c286',-10,'2026-04-16 08:52:10'),('1d42c66891be4b4c8299cba6222a71bd','sale','f256c516329447cdb0b8c5011ab96c31','veh_sp_small','900e1480a9c4482b830eed25bdd37a91',-8,'2026-04-15 14:09:14'),('1d78642f28a5489ca70494a33b7d51b4','transfer','2d68eaa946d84e9588ba191a66f5918c','veh_sp_big','bdd99bce7785474a9e6b56ffc6a5903e',600,'2026-04-16 21:48:52'),('1e3ded247774477dafbbb5b4650f5dba','sale','822ffd09bde64e73b7860e6733b8319b','veh_sp_small','bdd99bce7785474a9e6b56ffc6a5903e',-12,'2026-04-16 11:11:29'),('1eae75f38e624fed915af29b9a8a7954','transfer','2d68eaa946d84e9588ba191a66f5918c','main','9fe73b50b85743fb8885da5a0d208f20',-1000,'2026-04-16 21:48:52'),('1f0fac087bb64856a5e1796302ca88a4','sale','1887cef0fbc74740bce136619ce3ea44','veh_sp_small','1ffb3e0518814cbb97388d8674aae90a',-12,'2026-04-13 10:31:09'),('1f2681927796480bbe49ed693a481a5f','transfer','2d68eaa946d84e9588ba191a66f5918c','main','58edc8d15e5f4810a414c0941222b78a',-800,'2026-04-16 21:48:51'),('1f49cb2938264e1ba84018640d2549fa','sale','822ffd09bde64e73b7860e6733b8319b','veh_sp_small','84f5a14353be44aab5d762bd086a9a2b',12,'2026-04-16 11:12:25'),('1f90d0a8984843b79df4ed463f03d2f0','sale','0070a39826b749b5a29a5197b53041eb','veh_sp_small','900e1480a9c4482b830eed25bdd37a91',-8,'2026-04-13 11:43:39'),('1f9acfc4212946709b154ba365fad836','inbound','4d825d39756948e19aabd00b1c085eed','main','17b677c9d851427bb9ee33040e0ee92b',15000,'2026-04-12 13:38:49'),('1fe845a3a6554af98be33b8833b9e1eb','sale','71313dea9ea846f2adf3e82555e97667','veh_sp_small','b676da29b65e4f7d944794f731af9d18',-5,'2026-04-13 13:03:27'),('1ffa96183d6f4f3984f30ef99be8f80c','sale','a1bb654dfbde4a8d8d693211b70d0ae4','veh_sp_small','cfdf35790cbf4ce5babfc77dfad113c8',-12,'2026-04-13 14:15:13'),('206089fe2e084a609d542ebcb1c4fa5c','sale','d6541890cb9b48c29536822f2bcbbf84','veh_sp_small','99e3f41e2a784934ad25a3c65a8c0f44',-20,'2026-04-12 17:08:51'),('20984e2d4e5a4cda9576d9aa0018e95b','sale','37bab6191ae9406786003d457e5a334b','veh_sp_small','b676da29b65e4f7d944794f731af9d18',-10,'2026-04-13 15:15:08'),('209c5a7ff81647a48c624e06a7b18b2e','return_vehicle','23f9be348af74cd1adaad47e9b0dd56f','veh_sp_small','57e9c215273641e3a67f2151c07ab337',2,'2026-04-15 22:39:13'),('20bc1033d31343448b7c2c7a090a8d6f','sale','39474098ba0e46ac867c9fa3c3327a18','veh_sp_small','53da4c7539644b60970085acba6781a5',-1,'2026-04-12 13:54:02'),('20bd7213213d4d34922310b8f82c57cb','sale','b9d0e6ba215e49c0abc0a387e3589156','veh_sp_small','b676da29b65e4f7d944794f731af9d18',-10,'2026-04-14 17:21:44'),('2164c121f93648cf961a2476e68b1b89','sale','c7d227f20ad143fca1840e24af7695f8','veh_sp_small','1ffb3e0518814cbb97388d8674aae90a',6,'2026-04-16 16:17:45'),('21c3e5eb3f534af19fc37e25315441a3','sale','d359462cb2774282b59ca17a559cdd69','veh_sp_small','132662dfb6f749089ab2be0d75a0e106',-12,'2026-04-14 21:33:16'),('2227644969994329829f44f6f43ca698','sale','d53080e2d1844ca9a9940dd21148c5ea','veh_sp_small','900e1480a9c4482b830eed25bdd37a91',-1,'2026-04-15 21:26:28'),('225c87b8fd0b4c888f78d42fda2d18ca','sale','8750d5bbb4e34be4bd997566dfc732ca','veh_sp_small','b05cf5529def48719b9cfe7a57bb5b80',-6,'2026-04-16 08:52:10'),('22612da0b73045e5b58bb840844b391c','transfer','5ce74f14981f4a2ca5981be4dc45f72d','veh_sp_small','cfdf35790cbf4ce5babfc77dfad113c8',600,'2026-04-13 07:33:14'),('2291a491e48e4bc1b527dcad95906c19','sale','680efd3dd02a48759ea3d9d6bcd1e9d7','veh_sp_small','900e1480a9c4482b830eed25bdd37a91',-8,'2026-04-14 17:36:52'),('22fff157b5674d5cb0bcb1802e9e2e8d','transfer','2d68eaa946d84e9588ba191a66f5918c','veh_sp_big','e317a13efa21456db1113bb2aeb8e5f9',1200,'2026-04-16 21:48:51'),('2301338430d14b5097a6c9f1588bc124','sale','3c0bc3cd0f64469a9195ca62d8890aea','veh_sp_small','84f5a14353be44aab5d762bd086a9a2b',-18,'2026-04-16 15:17:39'),('230a66343cec41689235bea2e5a4fb0e','sale','03a1f1c4212a49889cef24bd230c2110','veh_sp_big','053878a2ede34e459ddca41c38ac658d',1,'2026-04-16 21:54:16'),('2331b0879ce34dd8b75a2892b4c549d7','sale','3f0d33cf35a34167a6243a0b2cffa582','veh_sp_small','0f9dd6bec55447c7b9f393af59c3c286',-10,'2026-04-16 16:06:46'),('23a28450fed045a6b2ba798a6405a241','return_vehicle','9870464e7e814dcf8f505e2492cb7343','veh_sp_small','3030165e94604fd48375b5402474e9b3',3,'2026-04-16 16:18:23'),('25426aed01864fc79c5c34597ef4b34c','sale','f197fbf39c2c47288fcf8d1df2a02375','veh_sp_small','8c49f08a935a4e7d801f7baf224adfcb',-6,'2026-04-16 15:06:25'),('2572c20b59c545d3bc314046adb03d6b','sale','c7d227f20ad143fca1840e24af7695f8','veh_sp_small','0752ebd7a81b40d883f1a82e531a5606',7,'2026-04-16 16:17:45'),('25744a4ed3204e9fb714d8d4bc2588e2','sale','bfe67fe996914ee88d3ce9bd2db5474d','veh_sp_small','c4876524e53f4418be0837a94642d81f',-1,'2026-04-12 13:54:01'),('2596d7f5b9b3490ab531a7928d5692d5','sale','822ffd09bde64e73b7860e6733b8319b','veh_sp_small','58edc8d15e5f4810a414c0941222b78a',8,'2026-04-16 11:12:25'),('25d0fb56e787496e8cd5d28e7f2aa37d','sale','43a07209cb784de6b361005bad69857f','veh_sp_small','243e994795ca489cb8aec60cf2bc1d97',-10,'2026-04-13 16:26:49'),('25e1547be1eb4c08a9359a76f013c19b','sale','ac16bbd5552246399e2e494b7e051bb2','veh_sp_small','58edc8d15e5f4810a414c0941222b78a',-8,'2026-04-16 11:12:55'),('2607dc54bae34652bf94cf9144f16db4','transfer','ea0723dcb180434998b2ad13ae24438a','veh_sp_small','2ee4a2a6df9d4caa8ce6b5e0c8a2d56d',1500,'2026-04-12 13:50:48'),('260ebc74df34494eaff8f46b56a460b2','sale','f197fbf39c2c47288fcf8d1df2a02375','veh_sp_small','fe184c1459aa4f85b98e62d42b58f6bd',-10,'2026-04-16 15:06:25'),('26105ad618cc41c2852bc2bd7dad2622','transfer','2d68eaa946d84e9588ba191a66f5918c','veh_sp_big','b05cf5529def48719b9cfe7a57bb5b80',600,'2026-04-16 21:48:51'),('261c4cf1293c4c54b3cd0b9bb731b40a','sale','a96c3603a42b44d2ab02b2fc88d95c50','veh_sp_small','78e9127977ce41bca94809e78f373a89',-6,'2026-04-16 16:18:23'),('267edcea80a348b4a04a1371e78e4dbf','transfer','2d68eaa946d84e9588ba191a66f5918c','main','132662dfb6f749089ab2be0d75a0e106',-1200,'2026-04-16 21:48:51'),('26a2532613244e358ada118ac502f93b','sale','c91bd1dde02e49499357dfa7dd18c32e','veh_sp_small','aece7f5d92174de0b758d459810ffcb1',-6,'2026-04-16 16:15:46'),('26d42a3a3e8d4ca19ceec77887261b76','sale','f5dcf172601e49b29e5c0dd4b49d98e9','veh_sp_small','dedb3818f0204a198eea338c1a74b48c',10,'2026-04-13 12:01:35'),('27b856bd66e64d25b4c668b451487956','sale','b9d0e6ba215e49c0abc0a387e3589156','veh_sp_small','0752ebd7a81b40d883f1a82e531a5606',20,'2026-04-14 17:36:06'),('27bf9a0ec5ee428f8bfb7ed31b7e9854','sale','b9d0e6ba215e49c0abc0a387e3589156','veh_sp_small','8e3a6f2f07dd421bad58749618c41409',-15,'2026-04-14 17:21:44'),('280298568f7b4d4fbc09bdef078d473a','sale','b9c81b6b5c1d4859aaa7d879875e0ffa','veh_sp_small','3030165e94604fd48375b5402474e9b3',-10,'2026-04-13 18:04:36'),('2812c81ca74c4c37949223d701382ca1','sale','71313dea9ea846f2adf3e82555e97667','veh_sp_small','78e9127977ce41bca94809e78f373a89',-6,'2026-04-13 13:03:27'),('281c4223458744a6a3373b2acb08e7a7','inbound','571f5dc03e6f436fbed5fb98f9b5d8c2','main','fe184c1459aa4f85b98e62d42b58f6bd',10000,'2026-04-12 13:28:14'),('282891dbcf684772b8c27eee952df3e9','sale','1887cef0fbc74740bce136619ce3ea44','veh_sp_small','58edc8d15e5f4810a414c0941222b78a',8,'2026-04-13 12:01:47'),('2855c6330b2d4260a40302ae75b3ad13','sale','39474098ba0e46ac867c9fa3c3327a18','veh_sp_small','c4876524e53f4418be0837a94642d81f',-1,'2026-04-12 13:54:02'),('28676f9cdbe645c9896a5b3171c1a2f6','inbound','f52127390f924b1394e83365647e2e34','main','b676da29b65e4f7d944794f731af9d18',10000,'2026-04-12 13:39:33'),('28856d21a7e244bc9f4d0dc93c09333c','sale','e9fad5b69e824f8a95901acb52549530','veh_sp_small','78e9127977ce41bca94809e78f373a89',-12,'2026-04-16 16:16:27'),('28c80b8864d6401bb74158df920efd21','sale','bfe67fe996914ee88d3ce9bd2db5474d','veh_sp_small','4b677dc8979a425293b41c77bbe14fa8',-1,'2026-04-12 13:54:01'),('28fffb134bf640e19c092189a829d86c','sale','14c28c40589c4beeb019037ef77fd65b','veh_sp_big','p16',-1,'2026-04-04 18:53:47'),('294cf8ba9d1c42a59eed69bc1913cfa4','sale','680efd3dd02a48759ea3d9d6bcd1e9d7','veh_sp_small','2ee4a2a6df9d4caa8ce6b5e0c8a2d56d',-15,'2026-04-14 17:36:52'),('29cb434b7edf427f90ea109d567fabab','sale','94872b34ba1549819cdec945396ce5f2','veh_sp_small','53da4c7539644b60970085acba6781a5',-6,'2026-04-13 18:03:38'),('2a81f32c4ff8427788ba2fd216a674f2','transfer','ea0723dcb180434998b2ad13ae24438a','veh_sp_small','53da4c7539644b60970085acba6781a5',1200,'2026-04-12 13:50:48'),('2abb3135f9ee477a884cde36c27e0e18','sale','f1e44f88444c4410aa63275cbc35ea8e','veh_sp_small','78e9127977ce41bca94809e78f373a89',-12,'2026-04-13 10:29:51'),('2ad69e201bbb4d59a25a89b58c11c802','transfer','38ac08372c8646cfb0b829b32ac1ddc2','main','78e9127977ce41bca94809e78f373a89',-600,'2026-04-16 21:51:17'),('2ae95b6ac0f94fdaba7bd5a7866e0a0a','sale','acaa301833424d0f8b32c7595dd20b06','veh_sp_small','cd2dea827fcf4895a774acd8eac4d671',8,'2026-04-13 18:14:33'),('2b0b2cde056547ee897b273318799507','sale','ac16bbd5552246399e2e494b7e051bb2','veh_sp_small','bdd99bce7785474a9e6b56ffc6a5903e',-12,'2026-04-16 11:12:55'),('2b0bbf2631554e2cb354df2825465f26','sale','822ffd09bde64e73b7860e6733b8319b','veh_sp_small','705cd0f20402438588cc6469a8f0cc94',5,'2026-04-16 11:12:25'),('2b35f47eae1c4c7e97047aa979b99775','sale','373d726fa09a45b6b393a9caefb072cd','veh_sp_small','cfdf35790cbf4ce5babfc77dfad113c8',-12,'2026-04-16 10:49:13'),('2b7de2e0550d4973bd5f20da48ff7fc4','sale','daba9badcd2d49009ab5feea6d5f0eda','veh_sp_small','8c49f08a935a4e7d801f7baf224adfcb',-12,'2026-04-13 17:07:18'),('2c45c55d11424f36b6c6e23b7b1e0ed5','sale','a1bb654dfbde4a8d8d693211b70d0ae4','veh_sp_small','2ee4a2a6df9d4caa8ce6b5e0c8a2d56d',-15,'2026-04-13 14:15:13'),('2c63a527dcdd479190383c4d132c9874','sale','c91bd1dde02e49499357dfa7dd18c32e','veh_sp_small','900e1480a9c4482b830eed25bdd37a91',-8,'2026-04-16 16:15:46'),('2cc500fbe61c4cc8bf2d4459838551fd','return_vehicle','92b1da3bf2884cb195a07b7053668cc6','veh_sp_small','900e1480a9c4482b830eed25bdd37a91',1,'2026-04-16 07:07:14'),('2cd349a0c73e4b14af34f8f293594765','sale','a96c3603a42b44d2ab02b2fc88d95c50','veh_sp_small','b05cf5529def48719b9cfe7a57bb5b80',-4,'2026-04-16 16:18:23'),('2d01a687f90744edbc51abac3c2809ad','sale','c7d227f20ad143fca1840e24af7695f8','veh_sp_small','0752ebd7a81b40d883f1a82e531a5606',-7,'2026-04-16 13:56:25'),('2d05e09a211b4fc089d8f74807dbff24','transfer','ea0723dcb180434998b2ad13ae24438a','veh_sp_small','053878a2ede34e459ddca41c38ac658d',1500,'2026-04-12 13:50:48'),('2d1b8746357047eb8e452fdf9e061f10','sale','680efd3dd02a48759ea3d9d6bcd1e9d7','veh_sp_small','f116ee56a4804fe2bbfc8db4d3325cc0',-8,'2026-04-14 17:36:52'),('2d1c1c52b66143cb9091f1966b1025d2','sale','af8438cc60d748578510f82cc3f1788c','veh_sp_small','b676da29b65e4f7d944794f731af9d18',-10,'2026-04-14 23:20:40'),('2dbec85151bf40499443b693dae96fb6','sale','f5dcf172601e49b29e5c0dd4b49d98e9','veh_sp_small','dedb3818f0204a198eea338c1a74b48c',-10,'2026-04-13 11:37:58'),('2dc7136221a24243a740e7971db442bc','sale','b9d0e6ba215e49c0abc0a387e3589156','veh_sp_small','cd2dea827fcf4895a774acd8eac4d671',-8,'2026-04-14 17:21:44'),('2e07c20951264f81be00e8e173db6989','transfer','ea0723dcb180434998b2ad13ae24438a','veh_sp_small','b676da29b65e4f7d944794f731af9d18',1000,'2026-04-12 13:50:48'),('2e3261f4dd894a8a923a2cbdaea3813d','sale','bfe67fe996914ee88d3ce9bd2db5474d','veh_sp_small','053878a2ede34e459ddca41c38ac658d',-1,'2026-04-12 13:54:01'),('2e3d8428a39c4f9a809b827ff0077579','transfer','ee9d85b7035042ec8cbc72fa9c9efd10','main','93962c4a47664039919691eb044c3f2c',-1200,'2026-04-13 16:53:45'),('2e923fee535640a2ae29cf54df42ff49','sale','1887cef0fbc74740bce136619ce3ea44','veh_sp_small','b676da29b65e4f7d944794f731af9d18',-10,'2026-04-13 10:31:09'),('2eabfe22f1f04f4097b3035c2ae4090f','inbound','3419bcfad43f4f32959e357c5d441c6d','main','900e1480a9c4482b830eed25bdd37a91',8000,'2026-04-12 13:43:48'),('2ee6db17e32d4ff99f50d96be8bc83e5','sale','680efd3dd02a48759ea3d9d6bcd1e9d7','veh_sp_small','e317a13efa21456db1113bb2aeb8e5f9',-12,'2026-04-14 17:36:52'),('2f3a930eccd14018a9c73cec124b9480','sale','7211a360fc844bee8aecf97c4828655f','veh_sp_small','b676da29b65e4f7d944794f731af9d18',-20,'2026-04-15 21:25:14'),('2f3ee19a8ce3435eb0dc015305eeaffa','sale','680efd3dd02a48759ea3d9d6bcd1e9d7','veh_sp_small','4b677dc8979a425293b41c77bbe14fa8',-12,'2026-04-14 17:36:52'),('2f747785ca6b4ede94239835de5bce38','sale','39474098ba0e46ac867c9fa3c3327a18','veh_sp_small','132662dfb6f749089ab2be0d75a0e106',-1,'2026-04-12 13:54:02'),('2fbc039ead7a4109bb19a07f394b1d9e','return_vehicle','1e3dcf82d85d4348a47029ad4bd17a84','veh_sp_small','871ef55e9c0a4d678b4da46520d9892a',2,'2026-04-16 13:56:25'),('305e298bac4547dcabc5adc536e81387','sale','373d726fa09a45b6b393a9caefb072cd','veh_sp_small','705cd0f20402438588cc6469a8f0cc94',-6,'2026-04-16 10:49:13'),('30774ff00dd9479b843cb9ac57a58657','sale','9f8cd2c29b3c45e8a0a8b07755b52b84','veh_sp_small','243e994795ca489cb8aec60cf2bc1d97',-60,'2026-04-11 23:24:13'),('30996b35a7b44e3b9bc373e8b9a2bc00','sale','f6a3ad80d5394950b65662b345da4d84','veh_sp_small','1ffb3e0518814cbb97388d8674aae90a',-6,'2026-04-16 16:18:40'),('30bfadd56df94429831f59084bd9dae1','sale','af2d729b07c347fea0c23f2ff17a719e','veh_sp_small','cfdf35790cbf4ce5babfc77dfad113c8',12,'2026-04-16 16:13:44'),('30e25ddc6a0048ebab571894e87285e4','transfer','ea0723dcb180434998b2ad13ae24438a','veh_sp_small','c4876524e53f4418be0837a94642d81f',1500,'2026-04-12 13:50:48'),('30f819b9004745b49982823d9151ddd0','transfer','2d68eaa946d84e9588ba191a66f5918c','main','84f5a14353be44aab5d762bd086a9a2b',-1200,'2026-04-16 21:48:51'),('310a68a574bc4fffa50b0086ed50920a','sale','b9d0e6ba215e49c0abc0a387e3589156','veh_sp_small','b676da29b65e4f7d944794f731af9d18',10,'2026-04-14 17:36:06'),('31e28d03b0af41d58cfe4418a72195ee','sale','1887cef0fbc74740bce136619ce3ea44','veh_sp_small','bdd99bce7785474a9e6b56ffc6a5903e',6,'2026-04-13 12:01:47'),('31e72ba8fb1145f8b9c064e30be37091','sale','f6a3ad80d5394950b65662b345da4d84','veh_sp_small','b05cf5529def48719b9cfe7a57bb5b80',-4,'2026-04-16 16:18:40'),('32590c9380b04727be5901e98e0ee909','transfer','ea0723dcb180434998b2ad13ae24438a','veh_sp_small','99e3f41e2a784934ad25a3c65a8c0f44',2400,'2026-04-12 13:50:48'),('327785d25bb440f3aee72c064930a1cc','return_vehicle','3f44464f027a45d5a40e39d92392cba7','veh_sp_small','900e1480a9c4482b830eed25bdd37a91',1,'2026-04-16 07:07:03'),('327ec702ebc54caf899ce3b6f4bd1385','transfer','2d68eaa946d84e9588ba191a66f5918c','veh_sp_big','b36351f34f14494db993f641267f36a5',1200,'2026-04-16 21:48:51'),('32b00c25519444acbf7dcd48717fc8bc','transfer','d7ee32c154e045bbb2356c24766ec65d','main','243e994795ca489cb8aec60cf2bc1d97',-500,'2026-04-11 23:23:59'),('32eb9b797360427882f5d75a8860a2aa','return_vehicle','c4e8c752b3a84365a7483c5034466da2','veh_sp_big','1ffb3e0518814cbb97388d8674aae90a',2,'2026-04-16 21:54:38'),('32f71585a9d74b9d84eedb05d8d98d24','transfer','ea0723dcb180434998b2ad13ae24438a','main','243e994795ca489cb8aec60cf2bc1d97',-1000,'2026-04-12 13:50:48'),('33336e9d8c784f7c892c32a3d17ea678','sale','b9d0e6ba215e49c0abc0a387e3589156','veh_sp_small','58edc8d15e5f4810a414c0941222b78a',-8,'2026-04-14 17:21:44'),('333662b3ecbf4356ac2cc03b5bd6ef60','sale','97202826452a4bb5a086ccab7263cfb7','veh_sp_small','b676da29b65e4f7d944794f731af9d18',-10,'2026-04-16 17:36:09'),('333d10245c0749098f4e208ea330b75f','sale','142c4075fd6b4f4ba352bf95cbe92014','veh_sp_small','900e1480a9c4482b830eed25bdd37a91',-3,'2026-04-16 07:07:03'),('335c011263604fd38162582baf41df89','sale','a4d46d70cb2042cfb0b566fb27f8710a','veh_sp_small','cd2dea827fcf4895a774acd8eac4d671',-4,'2026-04-13 13:02:42'),('33a8b75c6ec9402da200ade78ae2a191','sale','8750d5bbb4e34be4bd997566dfc732ca','veh_sp_small','78e9127977ce41bca94809e78f373a89',-6,'2026-04-16 08:52:10'),('34383b701d7d4987864b6a8a125ed2f8','sale','bfe67fe996914ee88d3ce9bd2db5474d','veh_sp_small','99e3f41e2a784934ad25a3c65a8c0f44',-1,'2026-04-12 13:54:01'),('35242a9a37254364b84b40ac21d2cf29','inbound','799b2b6584d94ea6b238e0a024639159','main','b36351f34f14494db993f641267f36a5',12000,'2026-04-12 13:32:47'),('354d95f0ec944758a5c72814bec21e94','sale','ac16bbd5552246399e2e494b7e051bb2','veh_sp_small','8c49f08a935a4e7d801f7baf224adfcb',-12,'2026-04-16 11:12:55'),('35505f831773461a87aa84df9ea82b09','sale','a1bb654dfbde4a8d8d693211b70d0ae4','veh_sp_small','705cd0f20402438588cc6469a8f0cc94',-10,'2026-04-13 14:15:13'),('355d953ed5dc410681f25c94fa1039b0','sale','66fe82bc170b4a4184a4918787f749a4','veh_sp_small','900e1480a9c4482b830eed25bdd37a91',-3,'2026-04-15 22:35:26'),('35d72a98ea594e0a89b4faf96264bc7b','sale','af2d729b07c347fea0c23f2ff17a719e','veh_sp_small','aece7f5d92174de0b758d459810ffcb1',6,'2026-04-16 16:13:44'),('35f6dd3c25eb4ae8ad9ffcdda7061003','sale','f45ba8ab0a084027b633cffa873df09d','veh_sp_small','1ffb3e0518814cbb97388d8674aae90a',-2,'2026-04-15 22:35:16'),('362e173d26d149898f7abafcb60d75cf','sale','f1e44f88444c4410aa63275cbc35ea8e','veh_sp_small','bdd99bce7785474a9e6b56ffc6a5903e',-6,'2026-04-13 10:29:51'),('36d78a440eaf4b34bada6ba670e25c47','sale','94872b34ba1549819cdec945396ce5f2','veh_sp_small','900e1480a9c4482b830eed25bdd37a91',-8,'2026-04-13 18:03:38'),('373f85d6ecfb49bd97425b22511406c7','transfer','2d68eaa946d84e9588ba191a66f5918c','main','575f9a3958f84526a45a94f154f672ed',-1500,'2026-04-16 21:48:51'),('375ac3e27a4b495e8a5157463765543a','sale','bb3306d40d824ba5afb98a5ee54b77f3','veh_sp_small','c4876524e53f4418be0837a94642d81f',-1,'2026-04-12 13:54:01'),('37e998e1c6d94e769addb3a3e8e6c43d','sale','c91bd1dde02e49499357dfa7dd18c32e','veh_sp_small','e317a13efa21456db1113bb2aeb8e5f9',-12,'2026-04-16 16:15:46'),('388a0ed6974f4bf2844a40796bc5e81b','sale','ec04174681c74f7cab84865d9020d9ad','veh_sp_big','p10',-1,'2026-04-09 17:40:52'),('38d552071c974121b965b48f420aea9b','sale','af2d729b07c347fea0c23f2ff17a719e','veh_sp_small','78e9127977ce41bca94809e78f373a89',-12,'2026-04-16 11:14:35'),('39139cb46c2a45c78d3d3806166bb000','return_vehicle','e3d655935645468cb613d2d17de5a5fd','veh_sp_small','e0213a7bf1c04790ac037e20fb20680c',6,'2026-04-14 17:21:44'),('3958a3ad21ab4d92856b2bd4062ac917','sale','ac16bbd5552246399e2e494b7e051bb2','veh_sp_small','aece7f5d92174de0b758d459810ffcb1',6,'2026-04-16 11:13:42'),('39d8ac0a406d495eac3987e9a1ae0359','sale','37bab6191ae9406786003d457e5a334b','veh_sp_small','cfdf35790cbf4ce5babfc77dfad113c8',-6,'2026-04-13 15:15:08'),('3a073a128d234a6baf6d3c8d98a0fb07','inbound','02d0d9f45bcb433e8555764b38d11b93','main','e691aa957798446eb7746f5a958833b7',12000,'2026-04-12 13:34:10'),('3a10ff607a594c58b2a387ad7c8dd66c','transfer','ea0723dcb180434998b2ad13ae24438a','main','988f4f00e2384732845f18f22615b743',-1500,'2026-04-12 13:50:48'),('3a5e96c29155441e9a6c2c0de8c75af4','transfer','ea0723dcb180434998b2ad13ae24438a','main','8c49f08a935a4e7d801f7baf224adfcb',-1200,'2026-04-12 13:50:48'),('3ad82e4ea9fd44c5b02dfa2e01df1e63','transfer','ea0723dcb180434998b2ad13ae24438a','veh_sp_small','cd2dea827fcf4895a774acd8eac4d671',800,'2026-04-12 13:50:48'),('3b3cb25590ec4e3d984b94f308e640f8','sale','03a1f1c4212a49889cef24bd230c2110','veh_sp_big','57e9c215273641e3a67f2151c07ab337',1,'2026-04-16 21:54:16'),('3b86797bf0f141988c2d3ac3b74c4410','return_vehicle','9870464e7e814dcf8f505e2492cb7343','veh_sp_small','99e3f41e2a784934ad25a3c65a8c0f44',3,'2026-04-16 16:18:23'),('3beb8041dd2d462aac1d362191e2d1fe','sale','822ffd09bde64e73b7860e6733b8319b','veh_sp_small','aece7f5d92174de0b758d459810ffcb1',6,'2026-04-16 11:12:25'),('3c647ae87e184e89b436d02259f1156d','sale','b9d0e6ba215e49c0abc0a387e3589156','veh_sp_small','1ffb3e0518814cbb97388d8674aae90a',-12,'2026-04-14 17:21:44'),('3cb6923d450e46128acd7721a25aea34','transfer','2d68eaa946d84e9588ba191a66f5918c','main','bdd99bce7785474a9e6b56ffc6a5903e',-600,'2026-04-16 21:48:52'),('3cc462e9da2643cb8b2c922acc713272','transfer','2d68eaa946d84e9588ba191a66f5918c','veh_sp_big','988f4f00e2384732845f18f22615b743',1500,'2026-04-16 21:48:51'),('3d04ff356f19479c8c42f89d01c67bf1','return_vehicle','9c071899398b40fcae1a08bf552a9c90','veh_sp_small','0f9dd6bec55447c7b9f393af59c3c286',6,'2026-04-14 23:20:40'),('3d238228ced14b3fb63c863853fb661c','sale','a4d46d70cb2042cfb0b566fb27f8710a','veh_sp_small','0f9dd6bec55447c7b9f393af59c3c286',-5,'2026-04-13 13:02:42'),('3d5801cba7d34422966a0c7d02442fb9','sale','8750d5bbb4e34be4bd997566dfc732ca','veh_sp_small','aece7f5d92174de0b758d459810ffcb1',-6,'2026-04-16 08:52:10'),('3d61ab4359f3446fbd2e2428c7e0a241','sale','0070a39826b749b5a29a5197b53041eb','veh_sp_small','84f5a14353be44aab5d762bd086a9a2b',-12,'2026-04-13 11:43:39'),('3d8269fbe7c648678798eea8bb47a871','transfer','ea0723dcb180434998b2ad13ae24438a','main','8ae1231378cc4717987a6bb6b20dd383',-1500,'2026-04-12 13:50:48'),('3df156093711415dbf9c524963c0eb8f','sale','c91bd1dde02e49499357dfa7dd18c32e','veh_sp_small','e317a13efa21456db1113bb2aeb8e5f9',12,'2026-04-16 16:16:11'),('3df4a50215c442ffb2f829e6545641d2','return_vehicle','01cd2e01a758489ea0ce0a896ac88870','veh_sp_small','871ef55e9c0a4d678b4da46520d9892a',2,'2026-04-16 16:18:40'),('3e2e4801031b4aa4a31df62a9da07c86','sale','1887cef0fbc74740bce136619ce3ea44','veh_sp_small','cfdf35790cbf4ce5babfc77dfad113c8',-12,'2026-04-13 10:31:09'),('3e4279d53bcc49fa9ec124461003f34c','sale','a96c3603a42b44d2ab02b2fc88d95c50','veh_sp_small','1ffb3e0518814cbb97388d8674aae90a',-6,'2026-04-16 16:18:23'),('3ecc8ec4ad174b48a228290660c0df2d','transfer','ea0723dcb180434998b2ad13ae24438a','veh_sp_small','8c49f08a935a4e7d801f7baf224adfcb',1200,'2026-04-12 13:50:48'),('3f156ff211c64f20b35ba708baeb767e','sale','a1bb654dfbde4a8d8d693211b70d0ae4','veh_sp_small','900e1480a9c4482b830eed25bdd37a91',-24,'2026-04-13 14:15:13'),('3f3da22abb504079ba43a1465a366a05','sale','680efd3dd02a48759ea3d9d6bcd1e9d7','veh_sp_small','705cd0f20402438588cc6469a8f0cc94',-10,'2026-04-14 17:36:52'),('3f56ef5ddbf24ef1ab105c04424ad4a9','sale','0070a39826b749b5a29a5197b53041eb','veh_sp_small','bdd99bce7785474a9e6b56ffc6a5903e',-6,'2026-04-13 11:43:39'),('3f704060a4ec4dbc962ec180105d9033','sale','bb3306d40d824ba5afb98a5ee54b77f3','veh_sp_small','1bbd4938f0414180b6b53bea106a3ca0',-1,'2026-04-12 13:54:01'),('3fd41f24c4a44fc7ba0be6d4ebb8c691','transfer','2d68eaa946d84e9588ba191a66f5918c','main','c4876524e53f4418be0837a94642d81f',-1500,'2026-04-16 21:48:51'),('3fefbb769fc14051a2c501c19ef6f8e5','sale','39474098ba0e46ac867c9fa3c3327a18','veh_sp_small','988f4f00e2384732845f18f22615b743',-1,'2026-04-12 13:54:02'),('3ff8cc6414ba4a2b922e70ddabd5665e','sale','af2d729b07c347fea0c23f2ff17a719e','veh_sp_small','8c49f08a935a4e7d801f7baf224adfcb',12,'2026-04-16 16:13:44'),('3fff3594ebd54ae4b3966021118d5b1c','inbound','4d825d39756948e19aabd00b1c085eed','main','1bbd4938f0414180b6b53bea106a3ca0',15000,'2026-04-12 13:38:49'),('407595190bc34cceb805d0b491e51c71','sale','d6541890cb9b48c29536822f2bcbbf84','veh_sp_small','99e3f41e2a784934ad25a3c65a8c0f44',20,'2026-04-13 15:52:23'),('40c4864e3cf145b1aa022a6cfc52fdce','sale','af8438cc60d748578510f82cc3f1788c','veh_sp_small','1ffb3e0518814cbb97388d8674aae90a',-12,'2026-04-14 23:20:40'),('40fe298af3454f979ee7b35921218d02','transfer','2d68eaa946d84e9588ba191a66f5918c','veh_sp_big','9fe73b50b85743fb8885da5a0d208f20',1000,'2026-04-16 21:48:52'),('414a9a026acb4878814ce76817177ba0','sale','ac16bbd5552246399e2e494b7e051bb2','veh_sp_small','900e1480a9c4482b830eed25bdd37a91',-8,'2026-04-16 11:12:55'),('41591193063e4d8983c75229ee6cd59a','sale','f197fbf39c2c47288fcf8d1df2a02375','veh_sp_small','1ffb3e0518814cbb97388d8674aae90a',-12,'2026-04-16 15:06:25'),('416345ae111a4f829a6414d789c26fda','sale','3f0d33cf35a34167a6243a0b2cffa582','veh_sp_small','900e1480a9c4482b830eed25bdd37a91',-8,'2026-04-16 16:06:46'),('41831bd8721f48c398db55f35ffb6ab5','sale','bb3306d40d824ba5afb98a5ee54b77f3','veh_sp_small','8ae1231378cc4717987a6bb6b20dd383',-1,'2026-04-12 13:54:01'),('418816b5599b42219e773080d259745c','transfer','ea0723dcb180434998b2ad13ae24438a','main','0f9dd6bec55447c7b9f393af59c3c286',-1000,'2026-04-12 13:50:48'),('418f97df9bed4618ba084da4d252257f','sale','b9d0e6ba215e49c0abc0a387e3589156','veh_sp_small','0f9dd6bec55447c7b9f393af59c3c286',-10,'2026-04-14 17:21:44'),('41e742af616a45babea7f5b696619d72','sale','822ffd09bde64e73b7860e6733b8319b','veh_sp_small','e317a13efa21456db1113bb2aeb8e5f9',-12,'2026-04-16 11:11:29'),('42327c0406414eeeb71762257a38b934','sale','f197fbf39c2c47288fcf8d1df2a02375','veh_sp_small','bdd99bce7785474a9e6b56ffc6a5903e',6,'2026-04-16 15:09:59'),('42b0f364c02a4fd29c572ebae89d2f30','sale','0070a39826b749b5a29a5197b53041eb','veh_sp_small','132662dfb6f749089ab2be0d75a0e106',-12,'2026-04-13 11:43:39'),('432ca01a4d9f461ab310f56bbd46fcf2','inbound','799b2b6584d94ea6b238e0a024639159','main','9fe73b50b85743fb8885da5a0d208f20',10000,'2026-04-12 13:32:47'),('43601b067c674e9096ce4fbb69ddf536','sale','5172cc64a9244d86986ec686fcbc96bc','veh_sp_small','0752ebd7a81b40d883f1a82e531a5606',-20,'2026-04-14 17:18:56'),('437d3b31078d405596e927e2de2e63f7','sale','ec0a8d5bc86c42dca482a043114926dd','veh_sp_small','99e3f41e2a784934ad25a3c65a8c0f44',1,'2026-04-13 08:10:03'),('4384d5578b204a2490bb2d23f68cd610','sale','f5dcf172601e49b29e5c0dd4b49d98e9','veh_sp_small','cfdf35790cbf4ce5babfc77dfad113c8',-12,'2026-04-13 11:37:58'),('438fd85f8f274d3081eed53095ce5462','sale','f1e44f88444c4410aa63275cbc35ea8e','veh_sp_small','cfdf35790cbf4ce5babfc77dfad113c8',-12,'2026-04-13 10:29:51'),('439300ae0e5e42189af7810992c9d6a8','transfer','ee9d85b7035042ec8cbc72fa9c9efd10','veh_sp_small','93962c4a47664039919691eb044c3f2c',1200,'2026-04-13 16:53:45'),('43aef63c4ca04449bbf289b27768b3dd','sale','38916faf2e4a4b60842ac53920e1bc92','veh_sp_small','0752ebd7a81b40d883f1a82e531a5606',20,'2026-04-13 15:51:39'),('43e3b27305fa45e5b5926890178fce8b','sale','0070a39826b749b5a29a5197b53041eb','veh_sp_small','dedb3818f0204a198eea338c1a74b48c',-10,'2026-04-13 11:43:39'),('443d133868a641a6979786c9845af160','sale','ff157037b4c44ca9abf4874d56eb4cbb','veh_sp_small','58edc8d15e5f4810a414c0941222b78a',-8,'2026-04-16 16:14:27'),('44b3be0ff76f433a9fe5dd06c723a8cf','sale','7211a360fc844bee8aecf97c4828655f','veh_sp_small','b05cf5529def48719b9cfe7a57bb5b80',-12,'2026-04-15 21:25:14'),('44cb19be27e840c69be1b647d47ef35b','transfer','9ec74a8c3dc3403fa94349b686abb5d0','veh_sp_small','dedb3818f0204a198eea338c1a74b48c',1500,'2026-04-13 11:32:47'),('44d9e848fac546628adc38aa07a1eb8c','sale','b31c1fdfd66549db9aab490267087882','veh_sp_small','900e1480a9c4482b830eed25bdd37a91',-7,'2026-04-15 14:09:40'),('44f58268601d4e889c7a3f9256a64137','sale','af8438cc60d748578510f82cc3f1788c','veh_sp_small','243e994795ca489cb8aec60cf2bc1d97',-10,'2026-04-14 23:20:40'),('456f70c0b18e4101a17073c6a869cd96','sale','1887cef0fbc74740bce136619ce3ea44','veh_sp_small','b676da29b65e4f7d944794f731af9d18',10,'2026-04-13 12:01:47'),('4585646c23504265b0dca46e8a3ffa67','return_vehicle','72352d470ca646f390cd03d8a844f522','veh_sp_small','2ee4a2a6df9d4caa8ce6b5e0c8a2d56d',15,'2026-04-14 17:36:52'),('4589e111f8994de6a61337d903b82942','transfer','ea0723dcb180434998b2ad13ae24438a','veh_sp_small','6486accd8ec84ff79c7cdea3367b1ad8',0,'2026-04-12 13:50:48'),('45b512826e7f4359afc4db7c3707ca88','transfer','ea0723dcb180434998b2ad13ae24438a','veh_sp_small','f116ee56a4804fe2bbfc8db4d3325cc0',800,'2026-04-12 13:50:48'),('46263f829c0e4f9d91ff599e8f187353','sale','acaa301833424d0f8b32c7595dd20b06','veh_sp_small','705cd0f20402438588cc6469a8f0cc94',10,'2026-04-13 18:14:33'),('4662535ea0354b83942eb701278d3e04','sale','38916faf2e4a4b60842ac53920e1bc92','veh_sp_small','900e1480a9c4482b830eed25bdd37a91',24,'2026-04-13 15:51:39'),('4681a8e14e024148a4d0a65523b522d9','transfer','ea0723dcb180434998b2ad13ae24438a','veh_sp_small','26f4a7ebb4ae4587a5269bd32e69fa8c',1000,'2026-04-12 13:50:48'),('46ae133593fb4fdca980f5242cc2e3b9','sale','373d726fa09a45b6b393a9caefb072cd','veh_sp_small','cd2dea827fcf4895a774acd8eac4d671',-8,'2026-04-16 10:49:12'),('46b73d05caa04d09bf442274499abd78','transfer','ea0723dcb180434998b2ad13ae24438a','main','fe184c1459aa4f85b98e62d42b58f6bd',-1000,'2026-04-12 13:50:48'),('46be2d2a635d4e85aa6b31fcc729cabd','sale','a96c3603a42b44d2ab02b2fc88d95c50','veh_sp_small','0752ebd7a81b40d883f1a82e531a5606',-7,'2026-04-16 16:18:23'),('46df511a450e4a7588dacac74883f166','sale','b9d0e6ba215e49c0abc0a387e3589156','veh_sp_small','132662dfb6f749089ab2be0d75a0e106',-12,'2026-04-14 17:21:44'),('46fe46353b4b43528ff89e2923b1e310','transfer','2d68eaa946d84e9588ba191a66f5918c','veh_sp_big','aece7f5d92174de0b758d459810ffcb1',1200,'2026-04-16 21:48:51'),('4851cb6fd1ff444bb46e620307b4b8c7','transfer','2d68eaa946d84e9588ba191a66f5918c','main','cd2dea827fcf4895a774acd8eac4d671',-800,'2026-04-16 21:48:51'),('4852990fae994e4a9f3ca90ef054966e','return_vehicle','13257ffc439a406bb8c658847d9d3fd4','veh_sp_small','d83e34b786f04a3cbe7917fb4bf0ff15',3,'2026-04-16 16:16:27'),('4893e34f00f1403693ef50e39b1b464f','transfer','ea0723dcb180434998b2ad13ae24438a','main','58edc8d15e5f4810a414c0941222b78a',-800,'2026-04-12 13:50:48'),('496ea7160d7a43c79507c141e74cd56c','sale','7f2dc8006efe4f03b9410b0c6c7b02a4','veh_sp_small','dedb3818f0204a198eea338c1a74b48c',4,'2026-04-16 16:23:17'),('497aa29272164ab2a46a0b22b33219fb','sale','f5dcf172601e49b29e5c0dd4b49d98e9','veh_sp_small','b676da29b65e4f7d944794f731af9d18',10,'2026-04-13 12:01:35'),('4989e6146f2644709d28affe4d437f2f','inbound','799b2b6584d94ea6b238e0a024639159','main','458bfa78512043db9bbe57871878e7fe',12000,'2026-04-12 13:32:47'),('49ab05f27dff473a9866a73ff9c78de8','sale','3f0d33cf35a34167a6243a0b2cffa582','veh_sp_small','58edc8d15e5f4810a414c0941222b78a',-8,'2026-04-16 16:06:46'),('4a05aa52213e44d5ba50218ff4fba20d','sale','f5dcf172601e49b29e5c0dd4b49d98e9','veh_sp_small','58edc8d15e5f4810a414c0941222b78a',-8,'2026-04-13 11:37:58'),('4b387c1b65604425a7cecc88b5d10b5f','sale','37bab6191ae9406786003d457e5a334b','veh_sp_small','bdd99bce7785474a9e6b56ffc6a5903e',-6,'2026-04-13 15:15:08'),('4b4b23722bbd4c9d83c386c84c740abc','sale','a1bb654dfbde4a8d8d693211b70d0ae4','veh_sp_small','243e994795ca489cb8aec60cf2bc1d97',-10,'2026-04-13 14:15:13'),('4bb9cf73bf0140b597860e3a20c9f306','sale','bfe67fe996914ee88d3ce9bd2db5474d','veh_sp_small','8e3a6f2f07dd421bad58749618c41409',-1,'2026-04-12 13:54:01'),('4c3016dc0a2d4a5db1a90c228a9cd07c','return_vehicle','3269c5f415b540c0a52a2ee12416ed46','veh_sp_big','p1',2,'2026-04-09 22:33:32'),('4c7e31593b3f4f07810f816ffba4de98','transfer','2d68eaa946d84e9588ba191a66f5918c','main','3030165e94604fd48375b5402474e9b3',-1000,'2026-04-16 21:48:51'),('4c986b0915044d3fb3f2c037cf308539','sale','b9c81b6b5c1d4859aaa7d879875e0ffa','veh_sp_small','458bfa78512043db9bbe57871878e7fe',-6,'2026-04-13 18:04:36'),('4ca7d12bbe9f4a46a2edc6a7cd6cfc5e','sale','7899271f4c5f4ecd87341809c7c27887','veh_sp_small','8ae1231378cc4717987a6bb6b20dd383',-30,'2026-04-12 11:38:14'),('4cd74498bb06492c982d5141457df0f1','sale','daba9badcd2d49009ab5feea6d5f0eda','veh_sp_small','1ffb3e0518814cbb97388d8674aae90a',-10,'2026-04-13 17:07:18'),('4d0c18a694064775ad06f23dbd2d3d79','transfer','ea0723dcb180434998b2ad13ae24438a','veh_sp_small','988f4f00e2384732845f18f22615b743',1500,'2026-04-12 13:50:48'),('4d950c13cdd9435cadce2ee42fcdc5ee','inbound','3419bcfad43f4f32959e357c5d441c6d','main','3030165e94604fd48375b5402474e9b3',10000,'2026-04-12 13:43:48'),('4dae5f41b6ef4847a44418f2f8a3a969','transfer','2d68eaa946d84e9588ba191a66f5918c','main','0f9dd6bec55447c7b9f393af59c3c286',-1000,'2026-04-16 21:48:51'),('4ebd0af970334802be91c505db4933fc','sale','7f2dc8006efe4f03b9410b0c6c7b02a4','veh_sp_small','0752ebd7a81b40d883f1a82e531a5606',-7,'2026-04-16 13:53:49'),('4f5b531fc1a24553bdf00b17fadd15ed','sale','bb3306d40d824ba5afb98a5ee54b77f3','veh_sp_small','4b677dc8979a425293b41c77bbe14fa8',-1,'2026-04-12 13:54:01'),('4faf79cc253e48b5bfec9570b4babc15','transfer','ea0723dcb180434998b2ad13ae24438a','main','bdd99bce7785474a9e6b56ffc6a5903e',-600,'2026-04-12 13:50:48'),('4fda6ad979894d3a818ea8c67655c986','inbound','0ad1f15e942a4be294ded50b01b97df9','main','132662dfb6f749089ab2be0d75a0e106',-120,'2026-04-10 14:33:20'),('50a7524c91e84f56b0b96b33c0b390d2','sale','38916faf2e4a4b60842ac53920e1bc92','veh_sp_small','b05cf5529def48719b9cfe7a57bb5b80',12,'2026-04-13 15:51:39'),('50b6c5d8d78d47688c824e8a6c04bed8','inbound','0ad1f15e942a4be294ded50b01b97df9','main','132662dfb6f749089ab2be0d75a0e106',120,'2026-04-10 14:33:02'),('51c6d01da01d423089de965ccec4a34d','sale','af8438cc60d748578510f82cc3f1788c','veh_sp_small','575f9a3958f84526a45a94f154f672ed',-15,'2026-04-14 23:20:40'),('52343393c6e942edb03a574be8d03740','sale','1c46b5a2d17e4ce998cae56da18cc268','veh_sp_big','p1',-1,'2026-04-06 13:27:11'),('523863450d324df3b28a01fb9c6dfa62','sale','66fe82bc170b4a4184a4918787f749a4','veh_sp_small','1ffb3e0518814cbb97388d8674aae90a',-2,'2026-04-15 22:35:26'),('5260a33dd61a4de5b8492c1a0df6c706','sale','7f2dc8006efe4f03b9410b0c6c7b02a4','veh_sp_small','c75e167ff4a54177a7c9fd6bb10686b1',-6,'2026-04-16 13:53:49'),('52c566dc825a4cbabc1d8065c2caeefa','sale','f197fbf39c2c47288fcf8d1df2a02375','veh_sp_small','b676da29b65e4f7d944794f731af9d18',-20,'2026-04-16 15:06:25'),('53adc0cae88c4788b48492e43e56213c','transfer','ea0723dcb180434998b2ad13ae24438a','main','b36351f34f14494db993f641267f36a5',-1200,'2026-04-12 13:50:48'),('54171bac73324da08c1a84a452ea8297','sale','f197fbf39c2c47288fcf8d1df2a02375','veh_sp_small','2ee4a2a6df9d4caa8ce6b5e0c8a2d56d',-15,'2026-04-16 15:06:25'),('54aaa30f0387419c962d9cccf285e36c','transfer','2d68eaa946d84e9588ba191a66f5918c','main','458bfa78512043db9bbe57871878e7fe',-1200,'2026-04-16 21:48:51'),('54c3028f9a2c47ecb00ef7166531edd3','transfer','ea0723dcb180434998b2ad13ae24438a','veh_sp_small','fe184c1459aa4f85b98e62d42b58f6bd',1000,'2026-04-12 13:50:48'),('54c3f382072647f8a7c2c2c8f04ae5ae','sale','03a1f1c4212a49889cef24bd230c2110','veh_sp_big','57e9c215273641e3a67f2151c07ab337',-1,'2026-04-16 21:52:35'),('55012d79a8374101a373d382db41f491','inbound','b9c18da1da474893b2f985e8bf44b824','main','b05cf5529def48719b9cfe7a57bb5b80',6000,'2026-04-12 13:44:09'),('5555690e3d2246d9a9ec0c9586872f7b','transfer','2d68eaa946d84e9588ba191a66f5918c','main','c75e167ff4a54177a7c9fd6bb10686b1',-3600,'2026-04-16 21:48:51'),('5581083933c4497eb281848416269b3c','sale','b9d0e6ba215e49c0abc0a387e3589156','veh_sp_small','f116ee56a4804fe2bbfc8db4d3325cc0',8,'2026-04-14 17:36:06'),('55aff49d9dcd4367b6568b595b6b361e','inbound','02d0d9f45bcb433e8555764b38d11b93','main','53da4c7539644b60970085acba6781a5',12000,'2026-04-12 13:34:10'),('55f24dee1c724ed7905782c0e768b24f','sale','f1e44f88444c4410aa63275cbc35ea8e','veh_sp_small','b05cf5529def48719b9cfe7a57bb5b80',-6,'2026-04-13 10:29:51'),('566559d1b5a848dcbde1f54b70cf7691','transfer','2d68eaa946d84e9588ba191a66f5918c','main','b36351f34f14494db993f641267f36a5',-1200,'2026-04-16 21:48:51'),('567761dcd036441b8fc5d50494a0a2f3','sale','f5dcf172601e49b29e5c0dd4b49d98e9','veh_sp_small','0f9dd6bec55447c7b9f393af59c3c286',10,'2026-04-13 12:01:35'),('569231b0eadb4386b34c3693842799f6','sale','39474098ba0e46ac867c9fa3c3327a18','veh_sp_small','1ffb3e0518814cbb97388d8674aae90a',-1,'2026-04-12 13:54:02'),('56a7d350b5234a5596089ee66935bd8e','sale','af2d729b07c347fea0c23f2ff17a719e','veh_sp_small','aece7f5d92174de0b758d459810ffcb1',-6,'2026-04-16 11:14:35'),('56d0304677604788b75094d8d0975f64','sale','373d726fa09a45b6b393a9caefb072cd','veh_sp_small','58edc8d15e5f4810a414c0941222b78a',-8,'2026-04-16 10:49:13'),('5745ce72fdb64625adf8f1954296a16d','sale','680efd3dd02a48759ea3d9d6bcd1e9d7','veh_sp_small','458bfa78512043db9bbe57871878e7fe',-12,'2026-04-14 17:36:52'),('580be946820d4892bde1b8b26547781a','sale','f5dcf172601e49b29e5c0dd4b49d98e9','veh_sp_small','132662dfb6f749089ab2be0d75a0e106',12,'2026-04-13 12:01:35'),('587664f19cbc413d9c5d77eab3f8d81a','sale','2f046b8f0e0e401e9b15445c630d9201','veh_sp_small','900e1480a9c4482b830eed25bdd37a91',-1,'2026-04-15 21:26:37'),('5886d79377d941ef853dc3640b3337d9','sale','b9d0e6ba215e49c0abc0a387e3589156','veh_sp_small','b05cf5529def48719b9cfe7a57bb5b80',6,'2026-04-14 17:36:06'),('589a93b87b1c4250868ff545e9af84ac','sale','1887cef0fbc74740bce136619ce3ea44','veh_sp_small','78e9127977ce41bca94809e78f373a89',-12,'2026-04-13 10:31:09'),('58ff959c0cb5467092dc314383e6fdbc','sale','5172cc64a9244d86986ec686fcbc96bc','veh_sp_small','0f9dd6bec55447c7b9f393af59c3c286',-10,'2026-04-14 17:18:56'),('59543fd2c57e4adf85524de346844550','sale','acaa301833424d0f8b32c7595dd20b06','veh_sp_small','0f9dd6bec55447c7b9f393af59c3c286',10,'2026-04-13 18:14:33'),('597dd24ae1384e6e92d40e5c6d535e63','sale','bb3306d40d824ba5afb98a5ee54b77f3','veh_sp_small','2ee4a2a6df9d4caa8ce6b5e0c8a2d56d',-1,'2026-04-12 13:54:01'),('59b8047e9a704936a1e351e0c5911e31','inbound','d3ff407044724f68bed20eead558a71e','main','6486accd8ec84ff79c7cdea3367b1ad8',6,'2026-04-12 16:44:49'),('5a215e3ef17e4bb4b8569efa2125a1bd','sale','bfe67fe996914ee88d3ce9bd2db5474d','veh_sp_small','1bbd4938f0414180b6b53bea106a3ca0',-1,'2026-04-12 13:54:01'),('5a795268a81544b8969efb919e3d826c','sale','471859f04bf94befaba9bd542335728e','veh_sp_small','243e994795ca489cb8aec60cf2bc1d97',-50,'2026-04-11 22:09:36'),('5a959b665ddc4bf2ab5a82390985c624','sale','c91bd1dde02e49499357dfa7dd18c32e','veh_sp_small','cfdf35790cbf4ce5babfc77dfad113c8',-12,'2026-04-16 16:15:46'),('5aa812b9f0d24dfebf2546feab924471','sale','acaa301833424d0f8b32c7595dd20b06','veh_sp_small','cd2dea827fcf4895a774acd8eac4d671',-8,'2026-04-13 17:04:31'),('5b3f0012b8d048fab42262d8eb36e746','transfer','ea0723dcb180434998b2ad13ae24438a','main','cd2dea827fcf4895a774acd8eac4d671',-800,'2026-04-12 13:50:48'),('5b67a82e7215402c81c24214b54cf148','sale','d359462cb2774282b59ca17a559cdd69','veh_sp_small','900e1480a9c4482b830eed25bdd37a91',-8,'2026-04-14 21:33:16'),('5b9df569f0e44f04aaad042b115ccce6','sale','ff157037b4c44ca9abf4874d56eb4cbb','veh_sp_small','705cd0f20402438588cc6469a8f0cc94',5,'2026-04-16 16:15:25'),('5c2ffae0c9ce4997bbfe651f652c1de0','transfer','2d68eaa946d84e9588ba191a66f5918c','veh_sp_big','c4876524e53f4418be0837a94642d81f',1500,'2026-04-16 21:48:51'),('5c4b1765009e4ca0888191d0172a6f14','sale','c91bd1dde02e49499357dfa7dd18c32e','veh_sp_small','cd2dea827fcf4895a774acd8eac4d671',-8,'2026-04-16 16:15:46'),('5c94aad5cc604e038cff9aba1a991578','return_vehicle','d71273087edf4c419d587b866ae87250','veh_sp_small','1ffb3e0518814cbb97388d8674aae90a',24,'2026-04-12 16:45:44'),('5ca1350fed9444ac97c77c5b305182fc','sale','bfe67fe996914ee88d3ce9bd2db5474d','veh_sp_small','57e9c215273641e3a67f2151c07ab337',-1,'2026-04-12 13:54:01'),('5cb3be607b3243e88e88ec5e98180fed','sale','a4d46d70cb2042cfb0b566fb27f8710a','veh_sp_small','dedb3818f0204a198eea338c1a74b48c',6,'2026-04-13 15:51:33'),('5cf566c2da3a43069da54c20f9b8b9d7','sale','5172cc64a9244d86986ec686fcbc96bc','veh_sp_small','705cd0f20402438588cc6469a8f0cc94',-10,'2026-04-14 17:18:56'),('5d3bb1baaf3b45be971a207c5ebea9a4','sale','a96c3603a42b44d2ab02b2fc88d95c50','veh_sp_small','b05cf5529def48719b9cfe7a57bb5b80',4,'2026-04-16 16:23:03'),('5db387c72aae46a19da36354509732a1','transfer','2d68eaa946d84e9588ba191a66f5918c','veh_sp_big','0752ebd7a81b40d883f1a82e531a5606',2000,'2026-04-16 21:48:51'),('5e091cc51726410eb2437db338f34798','transfer','d7ee32c154e045bbb2356c24766ec65d','veh_sp_small','243e994795ca489cb8aec60cf2bc1d97',500,'2026-04-11 23:23:59'),('5e7398a90f574824a53ef6b78f7dd8e7','sale','bb3306d40d824ba5afb98a5ee54b77f3','veh_sp_small','8e3a6f2f07dd421bad58749618c41409',-1,'2026-04-12 13:54:01'),('5ea4ef5648824585a1ce6ad2c3c9a706','sale','b9d0e6ba215e49c0abc0a387e3589156','veh_sp_small','243e994795ca489cb8aec60cf2bc1d97',-10,'2026-04-14 17:21:44'),('5ead90b37ec0481d91cb419560e4954b','sale','822ffd09bde64e73b7860e6733b8319b','veh_sp_small','cfdf35790cbf4ce5babfc77dfad113c8',12,'2026-04-16 11:12:25'),('5f4411b53d6d4efa8b0b709dab806852','sale','af2d729b07c347fea0c23f2ff17a719e','veh_sp_small','cd2dea827fcf4895a774acd8eac4d671',-8,'2026-04-16 11:14:35'),('5f4cc0059ada49f59f29db4aa0bcf6f4','sale','fb876bb5291e41a09632bfb069dcfffd','veh_sp_small','900e1480a9c4482b830eed25bdd37a91',-1,'2026-04-15 22:39:13'),('5f90188bc9314e3c93fcac1b95ca6178','sale','3590a51051d24e038dfca0dae01931ba','veh_sp_small','900e1480a9c4482b830eed25bdd37a91',-6,'2026-04-13 12:10:07'),('5fa8bdef6435463e8a4f981965161eef','sale','71313dea9ea846f2adf3e82555e97667','veh_sp_small','705cd0f20402438588cc6469a8f0cc94',-8,'2026-04-13 13:03:27'),('6000edf0cf0c4ee0989666168ce47025','sale','c7d227f20ad143fca1840e24af7695f8','veh_sp_small','78e9127977ce41bca94809e78f373a89',6,'2026-04-16 16:17:45'),('6021f0324de04b5aa601f3f0796ef034','sale','5ec9cb6b4fee46f5b729217d93076cd4','veh_sp_small','705cd0f20402438588cc6469a8f0cc94',10,'2026-04-14 14:11:10'),('604f4042a82c496ab91a353837562ed3','sale','03a1f1c4212a49889cef24bd230c2110','veh_sp_big','2ee4a2a6df9d4caa8ce6b5e0c8a2d56d',-1,'2026-04-16 21:52:35'),('60a3a433c3294facbc629aebdc9bbc29','sale','ac16bbd5552246399e2e494b7e051bb2','veh_sp_small','cd2dea827fcf4895a774acd8eac4d671',8,'2026-04-16 11:13:42'),('60bd7b1af87444e480f988223424a94a','transfer','9dd190a221f04a2f9f0b213c3f6aaa68','main','705cd0f20402438588cc6469a8f0cc94',-10000,'2026-04-13 10:15:16'),('60dc3a49563546589d4413418b19be56','sale','af2d729b07c347fea0c23f2ff17a719e','veh_sp_small','84f5a14353be44aab5d762bd086a9a2b',12,'2026-04-16 16:13:44'),('610a45a64de240d6b74c3b42d9f87982','inbound','489893eb16e149e4ae45c530b99ded4f','main','d75c5c564e2e4cd9be68ee4e68db643c',100,'2026-04-12 16:43:22'),('6133d70d1db24fb082b9d6adcd89ce9f','sale','4a452ddc4fee4dbebbb1e4f6fa3fb73d','veh_sp_big','243e994795ca489cb8aec60cf2bc1d97',-10,'2026-04-10 18:39:31'),('61908acd8f4b496ba6b0e786521ff47c','sale','af2d729b07c347fea0c23f2ff17a719e','veh_sp_small','84f5a14353be44aab5d762bd086a9a2b',-12,'2026-04-16 11:14:35'),('61a116f3bdce4dfcbdd176a93a8da91b','sale','ff157037b4c44ca9abf4874d56eb4cbb','veh_sp_small','900e1480a9c4482b830eed25bdd37a91',8,'2026-04-16 16:15:25'),('61d467a59a5b4bcb83f8a1e72194cbc0','transfer','2d68eaa946d84e9588ba191a66f5918c','main','dedb3818f0204a198eea338c1a74b48c',-1500,'2026-04-16 21:48:51'),('620bc0ebd9d2405a971b6af60a65674d','sale','acaa301833424d0f8b32c7595dd20b06','veh_sp_small','705cd0f20402438588cc6469a8f0cc94',-10,'2026-04-13 17:04:31'),('6229abc1928b44ad8034752c16a0ea44','sale','eb28e78953df4cab828c6e8bb4ca6cf0','veh_sp_small','900e1480a9c4482b830eed25bdd37a91',-222,'2026-04-14 22:50:13'),('628435c8305d4d1aa95f9f3e6887d86c','inbound','2d5ec26f704b4e68a216be0a9a9e32f3','main','1ffb3e0518814cbb97388d8674aae90a',12000,'2026-04-12 13:36:48'),('6295ee3133d44c8c9287fea2cffd21c3','sale','f197fbf39c2c47288fcf8d1df2a02375','veh_sp_small','e317a13efa21456db1113bb2aeb8e5f9',12,'2026-04-16 15:09:59'),('62b56c5d0e884a0f89b40ddf42b17a6e','sale','f197fbf39c2c47288fcf8d1df2a02375','veh_sp_small','243e994795ca489cb8aec60cf2bc1d97',10,'2026-04-16 15:09:59'),('630e39c271ca416ab34215a920b35ed2','return_vehicle','01cd2e01a758489ea0ce0a896ac88870','veh_sp_small','99e3f41e2a784934ad25a3c65a8c0f44',3,'2026-04-16 16:18:40'),('630e5a62e1124c3daa422e62baacfdac','sale','ff157037b4c44ca9abf4874d56eb4cbb','veh_sp_small','8c49f08a935a4e7d801f7baf224adfcb',-12,'2026-04-16 16:14:27'),('63523baa26e0476cbc99cf4b6f47e484','sale','5172cc64a9244d86986ec686fcbc96bc','veh_sp_small','58edc8d15e5f4810a414c0941222b78a',-8,'2026-04-14 17:18:56'),('6380c62180f341b8aeac0a47d4e521c3','sale','bb3306d40d824ba5afb98a5ee54b77f3','veh_sp_small','458bfa78512043db9bbe57871878e7fe',-1,'2026-04-12 13:54:01'),('6461b035aa4c4f4faa0df85bb1fb1bb8','sale','f197fbf39c2c47288fcf8d1df2a02375','veh_sp_small','84f5a14353be44aab5d762bd086a9a2b',18,'2026-04-16 15:09:59'),('64c8182963cf431aba5f738277ff4b2e','return_vehicle','fca7660042ad45e5923db4f66d888817','veh_sp_small','58edc8d15e5f4810a414c0941222b78a',1,'2026-04-16 13:41:08'),('650f701b09454cbe99a05cc96a6dca8d','return_vehicle','f3034a90abd34418bb5a83c4d63ddad7','veh_sp_small','900e1480a9c4482b830eed25bdd37a91',2,'2026-04-15 14:06:04'),('65273447e1814345a15534e6c70351ce','transfer','2d68eaa946d84e9588ba191a66f5918c','veh_sp_big','1bbd4938f0414180b6b53bea106a3ca0',1500,'2026-04-16 21:48:51'),('652d5930b5a1472bb0b1bed3e2f3af20','sale','ea200b85af514ecab2fb6f024c956084','veh_sp_small','243e994795ca489cb8aec60cf2bc1d97',-10,'2026-04-12 20:13:53'),('6571f64e32f944a1b2b93e3657132723','sale','acaa301833424d0f8b32c7595dd20b06','veh_sp_small','b05cf5529def48719b9cfe7a57bb5b80',6,'2026-04-13 18:14:33'),('664b9af7f6674314b8ac1b657f0869fb','return_vehicle','9870464e7e814dcf8f505e2492cb7343','veh_sp_small','871ef55e9c0a4d678b4da46520d9892a',2,'2026-04-16 16:18:23'),('670992e7befb48d1bf74e7eb6bf6436e','sale','b9d0e6ba215e49c0abc0a387e3589156','veh_sp_small','4b677dc8979a425293b41c77bbe14fa8',-12,'2026-04-14 17:21:44'),('673ff51ff4fc427a83c48eec409c367a','transfer','ea0723dcb180434998b2ad13ae24438a','main','26f4a7ebb4ae4587a5269bd32e69fa8c',-1000,'2026-04-12 13:50:48'),('6793db5b8e4a4823bc208ecceaa7924a','sale','bfe67fe996914ee88d3ce9bd2db5474d','veh_sp_small','e0213a7bf1c04790ac037e20fb20680c',-1,'2026-04-12 13:54:01'),('67ce9cd467f84a79ad93d94b2712cc76','sale','03a1f1c4212a49889cef24bd230c2110','veh_sp_big','132662dfb6f749089ab2be0d75a0e106',-1,'2026-04-16 21:52:35'),('67d698ad06d5496a9224367ec1cf48ed','sale','822ffd09bde64e73b7860e6733b8319b','veh_sp_small','900e1480a9c4482b830eed25bdd37a91',-8,'2026-04-16 11:11:29'),('68128dfb499047c1907b320e98e68b52','sale','8750d5bbb4e34be4bd997566dfc732ca','veh_sp_small','84f5a14353be44aab5d762bd086a9a2b',-6,'2026-04-16 08:52:10'),('6825bcd147794db9ae7c5a0a57d4f632','sale','7f2dc8006efe4f03b9410b0c6c7b02a4','veh_sp_small','c75e167ff4a54177a7c9fd6bb10686b1',6,'2026-04-16 16:23:17'),('688c737e6bb247d6967c81a8839654b0','sale','a1bb654dfbde4a8d8d693211b70d0ae4','veh_sp_small','132662dfb6f749089ab2be0d75a0e106',-12,'2026-04-13 14:15:13'),('688e380cdcb64bc5a1e8e10dc07434f8','transfer','2d68eaa946d84e9588ba191a66f5918c','veh_sp_big','132662dfb6f749089ab2be0d75a0e106',1200,'2026-04-16 21:48:51'),('694377ae2fe745cc90898fd639f27051','sale','97202826452a4bb5a086ccab7263cfb7','veh_sp_small','b05cf5529def48719b9cfe7a57bb5b80',-12,'2026-04-16 17:36:09'),('696fe3425b5148289e713da83c5bee01','sale','71313dea9ea846f2adf3e82555e97667','veh_sp_small','243e994795ca489cb8aec60cf2bc1d97',-5,'2026-04-13 13:03:27'),('69b0d9f5c40942c8b1b578d5f68edc7d','sale','bfe67fe996914ee88d3ce9bd2db5474d','veh_sp_small','17b677c9d851427bb9ee33040e0ee92b',-1,'2026-04-12 13:54:01'),('69b96fb4308a4ed5b62ab3c8527edc68','sale','3590a51051d24e038dfca0dae01931ba','veh_sp_small','1ffb3e0518814cbb97388d8674aae90a',12,'2026-04-13 15:51:25'),('69e61a349e01442b96ef19024d10a0f5','transfer','ea0723dcb180434998b2ad13ae24438a','main','053878a2ede34e459ddca41c38ac658d',-1500,'2026-04-12 13:50:48'),('6a2cd31249b443509130c3bfed78fb23','sale','5b5da23289e7471e824b2e123a73b4d0','veh_sp_small','900e1480a9c4482b830eed25bdd37a91',-2,'2026-04-16 07:05:55'),('6a8e388420834e9097d0a89b31ed6b9d','sale','3c0bc3cd0f64469a9195ca62d8890aea','veh_sp_small','900e1480a9c4482b830eed25bdd37a91',-8,'2026-04-16 15:17:39'),('6aaee8f2b0a945cd95e55f2d15338082','sale','39474098ba0e46ac867c9fa3c3327a18','veh_sp_small','458bfa78512043db9bbe57871878e7fe',-1,'2026-04-12 13:54:02'),('6b2924491a3b4d65bfce66d62e4422ae','sale','ac16bbd5552246399e2e494b7e051bb2','veh_sp_small','e317a13efa21456db1113bb2aeb8e5f9',-12,'2026-04-16 11:12:55'),('6b2b61140861409dac4e709b1ced0ab3','sale','822ffd09bde64e73b7860e6733b8319b','veh_sp_small','cd2dea827fcf4895a774acd8eac4d671',8,'2026-04-16 11:12:25'),('6b506ba38ab04f83a57e4f576e694125','sale','c7d227f20ad143fca1840e24af7695f8','veh_sp_small','dedb3818f0204a198eea338c1a74b48c',-4,'2026-04-16 13:56:25'),('6b5d5199abe54898a778f69bfb74fe00','transfer','2d68eaa946d84e9588ba191a66f5918c','veh_sp_big','1ffb3e0518814cbb97388d8674aae90a',1200,'2026-04-16 21:48:51'),('6b9f334de87c4f248751da0e5eb1a399','sale','822ffd09bde64e73b7860e6733b8319b','veh_sp_small','900e1480a9c4482b830eed25bdd37a91',8,'2026-04-16 11:12:25'),('6bf5eb7c2f794dfdb4e2f109ed504ace','return_vehicle','fca7660042ad45e5923db4f66d888817','veh_sp_small','17b677c9d851427bb9ee33040e0ee92b',4,'2026-04-16 13:41:08'),('6c96ea5b3e804da1b0112f1b1fc78ff9','sale','af2d729b07c347fea0c23f2ff17a719e','veh_sp_small','cd2dea827fcf4895a774acd8eac4d671',8,'2026-04-16 16:13:44'),('6cab69be39ef43c9b140d65017c2662d','sale','bb3306d40d824ba5afb98a5ee54b77f3','veh_sp_small','575f9a3958f84526a45a94f154f672ed',-1,'2026-04-12 13:54:01'),('6d56084cde52443e930c780f91b6c448','transfer','2d68eaa946d84e9588ba191a66f5918c','main','1ffb3e0518814cbb97388d8674aae90a',-1200,'2026-04-16 21:48:51'),('6d75dd0b54ce4aa5bcf6f4b6015e3c85','sale','bb3306d40d824ba5afb98a5ee54b77f3','veh_sp_small','243e994795ca489cb8aec60cf2bc1d97',-1,'2026-04-12 13:54:01'),('6d8f935ae2a44adbb6a14af9f37b8297','sale','c91bd1dde02e49499357dfa7dd18c32e','veh_sp_small','8c49f08a935a4e7d801f7baf224adfcb',12,'2026-04-16 16:16:11'),('6e78500d7d2045779cfe34f47337d9ad','sale','23fd5656238d48d59e7dfbcdfae86959','veh_sp_small','8ae1231378cc4717987a6bb6b20dd383',-50,'2026-04-12 12:18:11'),('6e8af8589ae04a75a39f4cd7ba9e8938','transfer','ea0723dcb180434998b2ad13ae24438a','main','f116ee56a4804fe2bbfc8db4d3325cc0',-800,'2026-04-12 13:50:48'),('6ed2b58a2b6849c3bdc72f9ec521b961','sale','38916faf2e4a4b60842ac53920e1bc92','veh_sp_small','cfdf35790cbf4ce5babfc77dfad113c8',12,'2026-04-13 15:51:39'),('6ed5103f635c433ebdcb24cd55a8e6cf','inbound','fa51226d148c49d8a993a28b772abd4a','main','705cd0f20402438588cc6469a8f0cc94',10000,'2026-04-12 13:43:59'),('6f04e8c3ebc0497f83fe539284dc3237','sale','acaa301833424d0f8b32c7595dd20b06','veh_sp_small','b05cf5529def48719b9cfe7a57bb5b80',-6,'2026-04-13 17:04:31'),('6f5556a9d86143309f8874291cf413f9','sale','0070a39826b749b5a29a5197b53041eb','veh_sp_small','cfdf35790cbf4ce5babfc77dfad113c8',-12,'2026-04-13 11:43:39'),('6f73e98235a7464d9094579e23c974ab','inbound','571f5dc03e6f436fbed5fb98f9b5d8c2','main','991d1b867e3d4c92b5723a55cb902475',10000,'2026-04-12 13:28:13'),('6f92c2b195d84c718c5ccfd4493712df','sale','680efd3dd02a48759ea3d9d6bcd1e9d7','veh_sp_small','cd2dea827fcf4895a774acd8eac4d671',-8,'2026-04-14 17:36:52'),('6fce58bb70834f4eb3975664ce157056','sale','94872b34ba1549819cdec945396ce5f2','veh_sp_small','900e1480a9c4482b830eed25bdd37a91',8,'2026-04-13 18:14:26'),('6fe42af51dae489dbef2bf288bb9cce7','return_vehicle','23f9be348af74cd1adaad47e9b0dd56f','veh_sp_small','58edc8d15e5f4810a414c0941222b78a',2,'2026-04-15 22:39:13'),('6ff26c7818dc4181bf4912c0488369ef','sale','b9d0e6ba215e49c0abc0a387e3589156','veh_sp_small','458bfa78512043db9bbe57871878e7fe',12,'2026-04-14 17:36:06'),('6fff601b12cd4e96909081afb190eb7e','sale','a4d46d70cb2042cfb0b566fb27f8710a','veh_sp_small','cd2dea827fcf4895a774acd8eac4d671',4,'2026-04-13 15:51:33'),('708b627ffafe49b181aab32263bd4d2c','sale','7f2dc8006efe4f03b9410b0c6c7b02a4','veh_sp_small','1ffb3e0518814cbb97388d8674aae90a',6,'2026-04-16 16:23:17'),('7094fa1cf17c47588f4d325e26732b8a','sale','af2d729b07c347fea0c23f2ff17a719e','veh_sp_small','58edc8d15e5f4810a414c0941222b78a',8,'2026-04-16 16:13:44'),('71026b3401b041f7a8bd79be2f521f23','sale','89a81a9184594946864b99057a26f287','veh_sp_small','900e1480a9c4482b830eed25bdd37a91',-1,'2026-04-14 17:04:36'),('7115cbe62c8c4703a34c29e300e22744','sale','38916faf2e4a4b60842ac53920e1bc92','veh_sp_small','e691aa957798446eb7746f5a958833b7',-12,'2026-04-13 14:13:28'),('716395d50cc24a858b87a023714d1c86','sale','ff157037b4c44ca9abf4874d56eb4cbb','veh_sp_small','8c49f08a935a4e7d801f7baf224adfcb',12,'2026-04-16 16:15:25'),('71a8e2a489d145a396c5b4ae00a97184','sale','43a07209cb784de6b361005bad69857f','veh_sp_small','58edc8d15e5f4810a414c0941222b78a',-8,'2026-04-13 16:26:49'),('71f7c808baaa466aa6a3db051560bb20','sale','38916faf2e4a4b60842ac53920e1bc92','veh_sp_small','58edc8d15e5f4810a414c0941222b78a',-8,'2026-04-13 14:13:28'),('72c71139365a455d9a81984aaa16f740','sale','8750d5bbb4e34be4bd997566dfc732ca','veh_sp_small','900e1480a9c4482b830eed25bdd37a91',-16,'2026-04-16 08:52:10'),('73007fb5f0a0409481141a3023bc6be2','return_vehicle','14c92bfd61e34395bd089f0d1836b601','veh_sp_small','57e9c215273641e3a67f2151c07ab337',2,'2026-04-14 21:33:16'),('730c041826ad441290bded759de526db','transfer','ea0723dcb180434998b2ad13ae24438a','veh_sp_small','3030165e94604fd48375b5402474e9b3',1000,'2026-04-12 13:50:48'),('732b9b635f7c41bdad8b42e4026cde2c','transfer','38ac08372c8646cfb0b829b32ac1ddc2','main','cfdf35790cbf4ce5babfc77dfad113c8',-600,'2026-04-16 21:51:17'),('73c921148c1f4099805407008ed6f6dd','transfer','e2466cbaf52d429d86063476502cf9d7','main','aece7f5d92174de0b758d459810ffcb1',-1200,'2026-04-16 08:52:06'),('73c989f5e6994912972136e113b7ce66','return_vehicle','72352d470ca646f390cd03d8a844f522','veh_sp_small','58edc8d15e5f4810a414c0941222b78a',8,'2026-04-14 17:36:52'),('7404e315ec3e4fc897ca6044d37cd5a2','inbound','b253cb1474bd4220b57aea2058f4ee2c','main','cd2dea827fcf4895a774acd8eac4d671',8000,'2026-04-12 13:29:55'),('7416fdc1a5984572b33aff3ab9372f5c','sale','fb876bb5291e41a09632bfb069dcfffd','veh_sp_small','b676da29b65e4f7d944794f731af9d18',-1,'2026-04-15 22:39:13'),('74395048b5ec45d6ad78ffcea8e0bf6c','return_vehicle','416909e6c4c14f5eaae9e9be4c6d94af','veh_sp_small','57e9c215273641e3a67f2151c07ab337',3,'2026-04-12 20:14:48'),('7448e6c7f631468bbc9d3a49a062df93','sale','97202826452a4bb5a086ccab7263cfb7','veh_sp_small','58edc8d15e5f4810a414c0941222b78a',-8,'2026-04-16 17:36:09'),('748f898c7da04ed6b826f5a509008611','inbound','433dcd6aefb242c782c57dc63845ee40','main','84f5a14353be44aab5d762bd086a9a2b',12000,'2026-04-12 13:39:15'),('74a96504637849a5a0681db78992ccfd','transfer','ea0723dcb180434998b2ad13ae24438a','main','4b677dc8979a425293b41c77bbe14fa8',-1200,'2026-04-12 13:50:48'),('74acf2aa0b2e4631a9088dffb82a7d32','sale','a4d46d70cb2042cfb0b566fb27f8710a','veh_sp_small','cfdf35790cbf4ce5babfc77dfad113c8',-6,'2026-04-13 13:02:42'),('7503a2a7d2654da69278d0e1a52341e3','inbound','fcb83df2af564cda8952e76f2fac4838','main','0752ebd7a81b40d883f1a82e531a5606',20000,'2026-04-12 13:39:55'),('75150ccf92424300942e83316bdf2ded','sale','1887cef0fbc74740bce136619ce3ea44','veh_sp_small','cfdf35790cbf4ce5babfc77dfad113c8',12,'2026-04-13 12:01:47'),('7527e79a41af474c94bbef923c97f69d','transfer','ea0723dcb180434998b2ad13ae24438a','veh_sp_small','8e3a6f2f07dd421bad58749618c41409',1500,'2026-04-12 13:50:48'),('755aba6f012e4a4a9ffc648641dd5b5c','inbound','2fd3c70793f140c7bcf05bd589600abe','main','8e3a6f2f07dd421bad58749618c41409',15000,'2026-04-12 13:34:38'),('7603c710460c45d3affe45ff3c1f5b6a','sale','39474098ba0e46ac867c9fa3c3327a18','veh_sp_small','99e3f41e2a784934ad25a3c65a8c0f44',-1,'2026-04-12 13:54:02'),('76824d6852274ed794e93a4506a14f9c','sale','f197fbf39c2c47288fcf8d1df2a02375','veh_sp_small','bdd99bce7785474a9e6b56ffc6a5903e',-6,'2026-04-16 15:06:25'),('772b9101553046fb8dad8a2cc6eae1c9','sale','bfe67fe996914ee88d3ce9bd2db5474d','veh_sp_small','1ffb3e0518814cbb97388d8674aae90a',-1,'2026-04-12 13:54:01'),('77404ae9ce8049918b0ec102b0fb8990','sale','03a1f1c4212a49889cef24bd230c2110','veh_sp_big','053878a2ede34e459ddca41c38ac658d',-1,'2026-04-16 21:52:35'),('78009901cb704a3e9c5e2e99dd75d359','sale','373d726fa09a45b6b393a9caefb072cd','veh_sp_small','84f5a14353be44aab5d762bd086a9a2b',12,'2026-04-16 11:10:09'),('782118b11a5c4856b7e9e07482a06168','inbound','457e694e88be4d6ea0660d24adcb46f0','main','0f9dd6bec55447c7b9f393af59c3c286',10000,'2026-04-12 13:41:40'),('790e5027e83d4edb8685dd2db8c25ef2','sale','822ffd09bde64e73b7860e6733b8319b','veh_sp_small','58edc8d15e5f4810a414c0941222b78a',-8,'2026-04-16 11:11:29'),('7989516ffe584d12abb76d3ce0d2122b','sale','37bab6191ae9406786003d457e5a334b','veh_sp_small','b05cf5529def48719b9cfe7a57bb5b80',-6,'2026-04-13 15:15:08'),('79932afe099b496b9d8648653642c8b9','sale','af2d729b07c347fea0c23f2ff17a719e','veh_sp_small','e317a13efa21456db1113bb2aeb8e5f9',12,'2026-04-16 16:13:44'),('7a3f3e3714584e99960661cf9c69324e','sale','7f2dc8006efe4f03b9410b0c6c7b02a4','veh_sp_small','1ffb3e0518814cbb97388d8674aae90a',-6,'2026-04-16 13:53:49'),('7a5c6d614f4e43c0bea345f93100263d','transfer','2d68eaa946d84e9588ba191a66f5918c','main','e317a13efa21456db1113bb2aeb8e5f9',-1200,'2026-04-16 21:48:51'),('7a60dad67d384c41ba82c293a58db8a0','transfer','2d68eaa946d84e9588ba191a66f5918c','veh_sp_big','8ae1231378cc4717987a6bb6b20dd383',1500,'2026-04-16 21:48:52'),('7a93fe87fe9b406bbe7df6f2f1356463','sale','97202826452a4bb5a086ccab7263cfb7','veh_sp_small','0f9dd6bec55447c7b9f393af59c3c286',-10,'2026-04-16 17:36:09'),('7b18cdd2910448448d9440471fc76965','transfer','38ac08372c8646cfb0b829b32ac1ddc2','veh_sp_big','78e9127977ce41bca94809e78f373a89',600,'2026-04-16 21:51:17'),('7b4c9e0cb4cc41239b1547ff1ed288ff','sale','bfe67fe996914ee88d3ce9bd2db5474d','veh_sp_small','84f5a14353be44aab5d762bd086a9a2b',-1,'2026-04-12 13:54:01'),('7b66d4585ce04202b79b6d9ee49a80f5','sale','5ec9cb6b4fee46f5b729217d93076cd4','veh_sp_small','705cd0f20402438588cc6469a8f0cc94',-10,'2026-04-14 14:11:02'),('7bfe50504a0e4cc9800ba0677bee09dc','sale','f977027a616545e6a8edededd8cd8bd5','veh_sp_small','b05cf5529def48719b9cfe7a57bb5b80',-2,'2026-04-16 07:07:14'),('7c71c76ca32d4ce5b1eecde5a276eea2','sale','bb3306d40d824ba5afb98a5ee54b77f3','veh_sp_small','e0213a7bf1c04790ac037e20fb20680c',-1,'2026-04-12 13:54:01'),('7cd78ae06ed640e5b89d3786e3fedfa4','return_vehicle','4f34518cfe1a4c2ab488865ddf7e7622','veh_sp_small','900e1480a9c4482b830eed25bdd37a91',11,'2026-04-14 22:50:13'),('7cec610346364b8ea615b0eee3d1d070','sale','c91bd1dde02e49499357dfa7dd18c32e','veh_sp_small','aece7f5d92174de0b758d459810ffcb1',6,'2026-04-16 16:16:11'),('7d27a055c476419c95df94dd317a89af','sale','b9d0e6ba215e49c0abc0a387e3589156','veh_sp_small','0f9dd6bec55447c7b9f393af59c3c286',10,'2026-04-14 17:36:06'),('7dad804db3b74340a94be5f0b96b9db2','sale','e9fad5b69e824f8a95901acb52549530','veh_sp_small','bdd99bce7785474a9e6b56ffc6a5903e',-12,'2026-04-16 16:16:27'),('7db933772e4e43ebaf446d2334c4ac1d','return_vehicle','1e3dcf82d85d4348a47029ad4bd17a84','veh_sp_small','3030165e94604fd48375b5402474e9b3',3,'2026-04-16 13:56:25'),('7dcbbafe4b4144c4a855925bf4d37ced','sale','1887cef0fbc74740bce136619ce3ea44','veh_sp_small','b05cf5529def48719b9cfe7a57bb5b80',6,'2026-04-13 12:01:47'),('7de7a482d8404572b3c9f4fd89a997c1','sale','38916faf2e4a4b60842ac53920e1bc92','veh_sp_small','78e9127977ce41bca94809e78f373a89',-12,'2026-04-13 14:13:28'),('7e2ab622c1a24115800ed5ec6f097d90','sale','71313dea9ea846f2adf3e82555e97667','veh_sp_small','cfdf35790cbf4ce5babfc77dfad113c8',-6,'2026-04-13 13:03:27'),('7e685bc0a4e4412a82519a80d4e32f74','sale','1887cef0fbc74740bce136619ce3ea44','veh_sp_small','705cd0f20402438588cc6469a8f0cc94',10,'2026-04-13 12:01:47'),('7f058d31dcac485d948ba71ea7cad4f4','sale','ac16bbd5552246399e2e494b7e051bb2','veh_sp_small','900e1480a9c4482b830eed25bdd37a91',8,'2026-04-16 11:13:42'),('7f1183c7530845bc9eaf506e3369b15c','sale','bfe67fe996914ee88d3ce9bd2db5474d','veh_sp_small','458bfa78512043db9bbe57871878e7fe',-1,'2026-04-12 13:54:01'),('7f183aaefc444690aba26155d970844b','sale','a4d46d70cb2042cfb0b566fb27f8710a','veh_sp_small','b05cf5529def48719b9cfe7a57bb5b80',4,'2026-04-13 15:51:33'),('7f2b94a1faf94457973613ba27e28100','sale','ff157037b4c44ca9abf4874d56eb4cbb','veh_sp_small','84f5a14353be44aab5d762bd086a9a2b',-12,'2026-04-16 16:14:27'),('7f2dbdcbdb1c4be8bddc0715143a808e','transfer','ea0723dcb180434998b2ad13ae24438a','veh_sp_small','32d4186fd29a4311aada5b21e466de91',1000,'2026-04-12 13:50:48'),('7f3b17832b26411b97d9354c74fadec5','transfer','2d68eaa946d84e9588ba191a66f5918c','veh_sp_big','f116ee56a4804fe2bbfc8db4d3325cc0',800,'2026-04-16 21:48:52'),('7fb047fc9ee24257aa3ce8a69b30ca7e','sale','5172cc64a9244d86986ec686fcbc96bc','veh_sp_small','3030165e94604fd48375b5402474e9b3',-10,'2026-04-14 17:18:56'),('8007cdd621e44471ad2825a8e69ea24e','sale','27f0885bee3240bb98ec5e0f962789f1','veh_sp_big','p1',-1,'2026-04-06 14:00:25'),('800ecdc1d34f499fabe5dd6d3bdf398d','sale','14a58c05e91f4d6a9e641689bb3e60e1','veh_sp_big','57e9c215273641e3a67f2151c07ab337',-1,'2026-04-16 21:54:38'),('8015704f282f42a7a9f140cadc5bdb7d','sale','a1bb654dfbde4a8d8d693211b70d0ae4','veh_sp_small','0752ebd7a81b40d883f1a82e531a5606',-20,'2026-04-13 14:15:13'),('8039c1c5c39e49c9913d5f574cf4a6ab','sale','680efd3dd02a48759ea3d9d6bcd1e9d7','veh_sp_small','3030165e94604fd48375b5402474e9b3',-10,'2026-04-14 17:36:52'),('8054f47a49ad43fe9d279c651e19508a','sale','af2d729b07c347fea0c23f2ff17a719e','veh_sp_small','900e1480a9c4482b830eed25bdd37a91',-8,'2026-04-16 11:14:35'),('8064a7f896f046a3baa5e9c1263764b3','sale','bb3306d40d824ba5afb98a5ee54b77f3','veh_sp_small','053878a2ede34e459ddca41c38ac658d',-1,'2026-04-12 13:54:01'),('807a988981304dc98154919f7eef213c','transfer','2d68eaa946d84e9588ba191a66f5918c','veh_sp_big','e691aa957798446eb7746f5a958833b7',1200,'2026-04-16 21:48:51'),('8130f63e732f4f39b79ee990f99f2e51','sale','bb3306d40d824ba5afb98a5ee54b77f3','veh_sp_small','0752ebd7a81b40d883f1a82e531a5606',-1,'2026-04-12 13:54:01'),('81323c3cf2d14851a2fea80f2050b42f','sale','822ffd09bde64e73b7860e6733b8319b','veh_sp_small','e317a13efa21456db1113bb2aeb8e5f9',12,'2026-04-16 11:12:25'),('8156f1f9a40e4973a00f0e702137ebd4','return_vehicle','fc2166f036614b13848bb3de0e99c79b','veh_sp_big','p1',1,'2026-04-06 12:53:28'),('8176c0575d8d46b0b5d423ddeb577558','sale','822ffd09bde64e73b7860e6733b8319b','veh_sp_small','78e9127977ce41bca94809e78f373a89',12,'2026-04-16 11:12:25'),('818bc302a06e48c68a807ce757a56844','sale','1887cef0fbc74740bce136619ce3ea44','veh_sp_small','900e1480a9c4482b830eed25bdd37a91',-8,'2026-04-13 10:31:09'),('819416f0e39d41bbb2e609a9ef1b7434','sale','c8a39798d35a4fd6bb4720ae54048f22','veh_sp_big','243e994795ca489cb8aec60cf2bc1d97',-20,'2026-04-10 18:27:20'),('81d7ecc159ca4c19b217f65a08360171','sale','5172cc64a9244d86986ec686fcbc96bc','veh_sp_small','b676da29b65e4f7d944794f731af9d18',-10,'2026-04-14 17:18:56'),('81e52f0df7ee445b90edb7d444b6ee25','sale','38916faf2e4a4b60842ac53920e1bc92','veh_sp_small','b676da29b65e4f7d944794f731af9d18',-10,'2026-04-13 14:13:28'),('820d353dfafc426a9352673af5c72836','transfer','f05cb161ce9f49d2878f2eebe10f71f2','main','',0,'2026-04-13 10:26:09'),('82307a656b3248aa80ca6d1560f1d587','sale','ff157037b4c44ca9abf4874d56eb4cbb','veh_sp_small','58edc8d15e5f4810a414c0941222b78a',8,'2026-04-16 16:15:25'),('8283661508bd485992ad92d031bef942','sale','b9d0e6ba215e49c0abc0a387e3589156','veh_sp_small','58edc8d15e5f4810a414c0941222b78a',8,'2026-04-14 17:36:06'),('82c5afb89f914e0e8579c320072fc06c','sale','7f2dc8006efe4f03b9410b0c6c7b02a4','veh_sp_small','b05cf5529def48719b9cfe7a57bb5b80',4,'2026-04-16 16:23:17'),('82e1e40d3a0745b4bfa5137865a01297','sale','a7a2f5e222174f86857ed0317e820cdb','veh_sp_big','p10',-1,'2026-04-09 16:49:55'),('82e2a172c31d4d6091a7d248d0d9d5c3','sale','f977027a616545e6a8edededd8cd8bd5','veh_sp_small','900e1480a9c4482b830eed25bdd37a91',-3,'2026-04-16 07:07:14'),('833057d40802421fb7bce696a9d9aa7f','return_vehicle','eb748a3fa19c47a096b7b350b244030d','veh_sp_big','p10',2,'2026-04-09 19:37:01'),('835e5228bed44dc8a001ef2444eba70e','sale','a96c3603a42b44d2ab02b2fc88d95c50','veh_sp_small','78e9127977ce41bca94809e78f373a89',6,'2026-04-16 16:23:03'),('836b9e1a9e5a437995968669f4c048b6','sale','373d726fa09a45b6b393a9caefb072cd','veh_sp_small','900e1480a9c4482b830eed25bdd37a91',8,'2026-04-16 11:10:09'),('8396593789194402b918bef0b700080f','transfer','ea0723dcb180434998b2ad13ae24438a','veh_sp_small','b05cf5529def48719b9cfe7a57bb5b80',600,'2026-04-12 13:50:48'),('84f16356099748f38a4c50d9682073f8','sale','fb876bb5291e41a09632bfb069dcfffd','veh_sp_small','b05cf5529def48719b9cfe7a57bb5b80',-1,'2026-04-15 22:39:13'),('84f5eeafadd349ad88673bb57ed010da','return_vehicle','5a41b9a552e64382a5006f06731282d4','veh_sp_small','d83e34b786f04a3cbe7917fb4bf0ff15',3,'2026-04-16 16:14:27'),('853add94b65342998d294c81b581ef5e','sale','1887cef0fbc74740bce136619ce3ea44','veh_sp_small','cd2dea827fcf4895a774acd8eac4d671',-8,'2026-04-13 10:31:09'),('8547c935f5dc47e99d77d15d5399bab3','return_vehicle','ab9c79f4a045491f803f604a1e114b11','veh_sp_small','d83e34b786f04a3cbe7917fb4bf0ff15',3,'2026-04-16 16:15:46'),('8566fdd9b0ed48ac8e29b1964cd86275','sale','680efd3dd02a48759ea3d9d6bcd1e9d7','veh_sp_small','575f9a3958f84526a45a94f154f672ed',-15,'2026-04-14 17:36:52'),('85a0b8a9cf4f41fd87177fdf1374310f','transfer','2d68eaa946d84e9588ba191a66f5918c','main','871ef55e9c0a4d678b4da46520d9892a',-1200,'2026-04-16 21:48:51'),('85b0b4135f1644c2b76fae8569e70695','return_vehicle','eafc5a1b3ad54310bcaad59aeafd9e88','veh_sp_small','d83e34b786f04a3cbe7917fb4bf0ff15',3,'2026-04-16 11:14:35'),('85bb712f46884c1fbe00b404451fcabe','transfer','ea0723dcb180434998b2ad13ae24438a','veh_sp_small','4b677dc8979a425293b41c77bbe14fa8',1200,'2026-04-12 13:50:48'),('85dd20f35ebe417985393f3390a7c6bb','inbound','a7944c70d5424decb44c6b1c12917dcc','main','243e994795ca489cb8aec60cf2bc1d97',20000,'2026-04-11 23:23:39'),('85f344cdac3948fdb24ea4e31b932746','sale','b9d0e6ba215e49c0abc0a387e3589156','veh_sp_small','458bfa78512043db9bbe57871878e7fe',-12,'2026-04-14 17:21:44'),('8618b11b9e1e423d86d6b6f450ab6f2f','sale','97202826452a4bb5a086ccab7263cfb7','veh_sp_small','243e994795ca489cb8aec60cf2bc1d97',-10,'2026-04-16 17:36:09'),('86390b8f6d774f34a1114a6884ff11d9','sale','373d726fa09a45b6b393a9caefb072cd','veh_sp_small','8c49f08a935a4e7d801f7baf224adfcb',12,'2026-04-16 11:10:09'),('8666d83f8f15496f8fcfc14d37b9e1e1','transfer','ea0723dcb180434998b2ad13ae24438a','veh_sp_small','bdd99bce7785474a9e6b56ffc6a5903e',600,'2026-04-12 13:50:48'),('86dc2e903e2f43e2aaa26ae989d31348','transfer','2d68eaa946d84e9588ba191a66f5918c','veh_sp_big','243e994795ca489cb8aec60cf2bc1d97',1000,'2026-04-16 21:48:51'),('86f4f97286c64ea3b1fdf506ebc1fe9c','sale','38916faf2e4a4b60842ac53920e1bc92','veh_sp_small','900e1480a9c4482b830eed25bdd37a91',-24,'2026-04-13 14:13:28'),('87b399ec0b1a4789b19046f934220b35','sale','b9d0e6ba215e49c0abc0a387e3589156','veh_sp_small','3030165e94604fd48375b5402474e9b3',-10,'2026-04-14 17:21:44'),('87bf359bcae14c9688c63edd8418b65f','sale','8750d5bbb4e34be4bd997566dfc732ca','veh_sp_small','58edc8d15e5f4810a414c0941222b78a',-8,'2026-04-16 08:52:10'),('87d0e7b6c7fa4b28a100764cae0f086b','sale','ff157037b4c44ca9abf4874d56eb4cbb','veh_sp_small','e317a13efa21456db1113bb2aeb8e5f9',-12,'2026-04-16 16:14:27'),('8826bf322ee647afbe9ced0f3bcf6100','inbound','6be19022c819410691520d45981a5a98','main','8ae1231378cc4717987a6bb6b20dd383',7500,'2026-04-12 11:21:55'),('8856bfd34b0a4ac1898e9864b12f87dc','sale','f1e44f88444c4410aa63275cbc35ea8e','veh_sp_small','900e1480a9c4482b830eed25bdd37a91',-8,'2026-04-13 10:29:51'),('88970ce4197e40d4983190d2a567fc12','sale','7f2dc8006efe4f03b9410b0c6c7b02a4','veh_sp_small','dedb3818f0204a198eea338c1a74b48c',-4,'2026-04-16 13:53:49'),('894b41429d4d4caea86828c4fe73484f','sale','1360b23186044a7cb28fd9bf67831e28','veh_sp_big','p10',-1,'2026-04-06 12:26:33'),('895087f9d5704f12a0608e6d15501ffe','sale','e9fad5b69e824f8a95901acb52549530','veh_sp_small','84f5a14353be44aab5d762bd086a9a2b',-12,'2026-04-16 16:16:27'),('897420ede71c4fe789fbbb45ec5ac576','sale','c91bd1dde02e49499357dfa7dd18c32e','veh_sp_small','84f5a14353be44aab5d762bd086a9a2b',-12,'2026-04-16 16:15:46'),('898c97ffe16d472e863001fb8565fa8e','transfer','2d68eaa946d84e9588ba191a66f5918c','veh_sp_big','fe184c1459aa4f85b98e62d42b58f6bd',1000,'2026-04-16 21:48:52'),('899cbd0fd9204371a32d1aa035c2ba8f','sale','ff157037b4c44ca9abf4874d56eb4cbb','veh_sp_small','78e9127977ce41bca94809e78f373a89',-12,'2026-04-16 16:14:27'),('89e31f18b4a24cb0b7411fb94c6ae9eb','sale','71313dea9ea846f2adf3e82555e97667','veh_sp_small','cd2dea827fcf4895a774acd8eac4d671',-4,'2026-04-13 13:03:27'),('8a4e6f108d1d468bab1b8ebbf9626ca0','sale','38916faf2e4a4b60842ac53920e1bc92','veh_sp_small','e691aa957798446eb7746f5a958833b7',12,'2026-04-13 15:51:39'),('8a6f37f8cb3d43d390af48630ee350a7','transfer','2d68eaa946d84e9588ba191a66f5918c','main','2ee4a2a6df9d4caa8ce6b5e0c8a2d56d',-1500,'2026-04-16 21:48:51'),('8a73c779c30840f0b4d214ff8626d918','sale','b9d0e6ba215e49c0abc0a387e3589156','veh_sp_small','0752ebd7a81b40d883f1a82e531a5606',-20,'2026-04-14 17:21:44'),('8a85c6f2f14a4cc6802dd364b0400986','transfer','2d68eaa946d84e9588ba191a66f5918c','main','94c3b4a6da884f9aac9604883866cd5b',-1500,'2026-04-16 21:48:51'),('8bb0498ded294d9e98511b2ab7ae5d85','sale','a4d46d70cb2042cfb0b566fb27f8710a','veh_sp_small','dedb3818f0204a198eea338c1a74b48c',-6,'2026-04-13 13:02:42'),('8bbe20624925476da6727be1d7618462','sale','b9d0e6ba215e49c0abc0a387e3589156','veh_sp_small','900e1480a9c4482b830eed25bdd37a91',8,'2026-04-14 17:36:06'),('8bc5cd57cef84b18a86c65c6e4c9abd9','sale','37bab6191ae9406786003d457e5a334b','veh_sp_small','243e994795ca489cb8aec60cf2bc1d97',-10,'2026-04-13 15:15:08'),('8c35493bcd1b461e8dc56d9ffdc9b79f','inbound','6b0ac60beb2f4c32b534c8d905adeac3','main','99e3f41e2a784934ad25a3c65a8c0f44',24000,'2026-04-12 13:28:43'),('8d14f772c5ec400e9af46d3e97800e61','sale','aba3a0a62deb42689c5a4fc38163e8b3','veh_sp_small','0752ebd7a81b40d883f1a82e531a5606',-20,'2026-04-15 14:06:04'),('8db160b3077046c9b60efe035305ef59','sale','822ffd09bde64e73b7860e6733b8319b','veh_sp_small','8c49f08a935a4e7d801f7baf224adfcb',12,'2026-04-16 11:12:25'),('8db6a90dcef34795a67950bb9abe34e5','sale','e9fad5b69e824f8a95901acb52549530','veh_sp_small','58edc8d15e5f4810a414c0941222b78a',-8,'2026-04-16 16:16:27'),('8dca8ca5dcad4492b8d1943b1a0dcc94','return_vehicle','bd9cd092b0954ea9ac1b824429df7706','veh_sp_small','1ffb3e0518814cbb97388d8674aae90a',2,'2026-04-15 22:35:16'),('8e391f50fc414afc874162977773be8d','sale','9615ac4eaadc47baa2f4864ee14a6708','veh_sp_small','243e994795ca489cb8aec60cf2bc1d97',-30,'2026-04-12 09:13:28'),('8e3e5cc793834907b0629fb04c364732','inbound','571f5dc03e6f436fbed5fb98f9b5d8c2','main','26f4a7ebb4ae4587a5269bd32e69fa8c',10000,'2026-04-12 13:28:14'),('8e80f75aa3fe4145aa079c2a6e34f480','transfer','ea0723dcb180434998b2ad13ae24438a','veh_sp_small','17b677c9d851427bb9ee33040e0ee92b',1500,'2026-04-12 13:50:48'),('8ee576634da648d29f90513663ba4a6b','sale','8750d5bbb4e34be4bd997566dfc732ca','veh_sp_small','8c49f08a935a4e7d801f7baf224adfcb',-6,'2026-04-16 08:52:10'),('8f07cf9f42b64b949063d71c364e8d3c','transfer','ea0723dcb180434998b2ad13ae24438a','veh_sp_small','e317a13efa21456db1113bb2aeb8e5f9',1200,'2026-04-12 13:50:48'),('8f455286c9a8407285ac8e444c454d10','sale','39474098ba0e46ac867c9fa3c3327a18','veh_sp_small','4b677dc8979a425293b41c77bbe14fa8',-1,'2026-04-12 13:54:02'),('8f59259305bc4f738984c0e827470638','transfer','ea0723dcb180434998b2ad13ae24438a','veh_sp_small','b36351f34f14494db993f641267f36a5',1200,'2026-04-12 13:50:48'),('8f597cfbe8eb4f15a96ba296f8d3dc6f','inbound','4ae4845952c140eb84d7089f0d21d632','main','d83e34b786f04a3cbe7917fb4bf0ff15',1000,'2026-04-16 21:42:55'),('8f80651f3e164613af40a8aa5995db5b','sale','37bab6191ae9406786003d457e5a334b','veh_sp_small','132662dfb6f749089ab2be0d75a0e106',-12,'2026-04-13 15:15:08'),('8faccc95325941c480be61b11efbea44','sale','e9fad5b69e824f8a95901acb52549530','veh_sp_small','cfdf35790cbf4ce5babfc77dfad113c8',-12,'2026-04-16 16:16:27'),('8fcd59e26a0242e388549e30707c6e66','return_vehicle','e11a64f36e0647eda2d25a29c8d09493','veh_sp_small','d83e34b786f04a3cbe7917fb4bf0ff15',3,'2026-04-16 10:49:13'),('8ff0c75935594de9b3cb6ac702970657','transfer','f05cb161ce9f49d2878f2eebe10f71f2','veh_sp_small','',0,'2026-04-13 10:26:09'),('900d5c4fa60348838da2be67cf1f91f8','sale','37bab6191ae9406786003d457e5a334b','veh_sp_small','58edc8d15e5f4810a414c0941222b78a',-8,'2026-04-13 15:15:08'),('90793578010b4d5e846220a15fe032db','transfer','ea0723dcb180434998b2ad13ae24438a','main','e0213a7bf1c04790ac037e20fb20680c',-1600,'2026-04-12 13:50:48'),('907e5ece92d645a28414786150c1313c','sale','ffaf10c2f6b740bf8881b38ec70ee920','veh_sp_big','p11',-1,'2026-04-09 19:28:15'),('9118314cb22d4d2db9f2197ac9b11948','sale','0070a39826b749b5a29a5197b53041eb','veh_sp_small','0f9dd6bec55447c7b9f393af59c3c286',-10,'2026-04-13 11:43:39'),('911bfd4b57084002ba9f1e4a32cafcd6','sale','39474098ba0e46ac867c9fa3c3327a18','veh_sp_small','1bbd4938f0414180b6b53bea106a3ca0',-1,'2026-04-12 13:54:02'),('918095b51f814491896e950ae2f4741a','sale','3f0d33cf35a34167a6243a0b2cffa582','veh_sp_small','bdd99bce7785474a9e6b56ffc6a5903e',-6,'2026-04-16 16:06:46'),('91967140c8dc4b8c9cc1297e8fa3aeaf','transfer','ea0723dcb180434998b2ad13ae24438a','main','b05cf5529def48719b9cfe7a57bb5b80',-600,'2026-04-12 13:50:48'),('919a8b62ea0f48fabc1d43af91369c1a','sale','38916faf2e4a4b60842ac53920e1bc92','veh_sp_small','58edc8d15e5f4810a414c0941222b78a',8,'2026-04-13 15:51:39'),('91e7922c959a4fcfad27b8243523330a','sale','5172cc64a9244d86986ec686fcbc96bc','veh_sp_small','b05cf5529def48719b9cfe7a57bb5b80',-6,'2026-04-14 17:18:56'),('91f078248e854490872d1da2831521f0','sale','3c0bc3cd0f64469a9195ca62d8890aea','veh_sp_small','0f9dd6bec55447c7b9f393af59c3c286',-10,'2026-04-16 15:17:39'),('91f14a32ef6a47bbaf4189b1f6e31012','transfer','2d68eaa946d84e9588ba191a66f5918c','veh_sp_big','99e3f41e2a784934ad25a3c65a8c0f44',2400,'2026-04-16 21:48:52'),('92662ba0e6954250a3ee10bf116a53f8','return_vehicle','71f9dabf0e0e4aeeb9cf980722e5d4a7','veh_sp_small','84f5a14353be44aab5d762bd086a9a2b',3,'2026-04-14 17:18:56'),('92b36d010e624c0f8c2f377774c30754','sale','daba9badcd2d49009ab5feea6d5f0eda','veh_sp_small','705cd0f20402438588cc6469a8f0cc94',-10,'2026-04-13 17:07:18'),('92f0ac0b978242d9a2a7400355edb8c1','return_vehicle','92d060a879c44fa6b5139eea2770cc33','veh_sp_small','d83e34b786f04a3cbe7917fb4bf0ff15',3,'2026-04-16 11:12:56'),('933682e905e440659da45c924c0fe36b','transfer','d8fbdcaf12384d7bbf84dcd0a377d530','veh_sp_small','c75e167ff4a54177a7c9fd6bb10686b1',3600,'2026-04-16 13:53:44'),('9344e015ce9a474eae45a81d41a1abeb','inbound','1b43f8ef764c433dbb57209dc84bebc8','main','cfdf35790cbf4ce5babfc77dfad113c8',1200,'2026-04-13 07:32:41'),('93821f82392b409495c05a0161ea866a','inbound','bda2409cd9a542fabd8e76147318135f','main','b87a6361b74641ffa5e413dc3ce35581',1200,'2026-04-13 16:53:10'),('93e85dfe18e44ecd99a4fd6fd6b62fd8','sale','680efd3dd02a48759ea3d9d6bcd1e9d7','veh_sp_small','b05cf5529def48719b9cfe7a57bb5b80',-6,'2026-04-14 17:36:52'),('9479abeff809457cbf858b56653f5347','inbound','4ae4845952c140eb84d7089f0d21d632','main','b87a6361b74641ffa5e413dc3ce35581',1200,'2026-04-16 21:42:55'),('9490d2bdb5e1460cbbdbd8bd4691e2ac','return_vehicle','fd1cdc5a41614e8aa6a398ed281d765d','veh_sp_small','58edc8d15e5f4810a414c0941222b78a',3,'2026-04-15 21:25:14'),('94a1c589da354fd3a13dc75bf9b9f9e7','sale','efe9ef7385a848aa883fcb3f8debdad9','veh_sp_big','p10',-1,'2026-04-09 17:47:52'),('94c1664fd1ea4433863363eeeaffc131','sale','680efd3dd02a48759ea3d9d6bcd1e9d7','veh_sp_small','8e3a6f2f07dd421bad58749618c41409',-15,'2026-04-14 17:36:52'),('951e5178b1674e929979b2cb136254d7','sale','c91bd1dde02e49499357dfa7dd18c32e','veh_sp_small','78e9127977ce41bca94809e78f373a89',-12,'2026-04-16 16:15:46'),('95e09281162e4777b401675ae1e98b7f','sale','af2d729b07c347fea0c23f2ff17a719e','veh_sp_small','58edc8d15e5f4810a414c0941222b78a',-8,'2026-04-16 11:14:35'),('95f40e62b9454b9eb806c582e805b1a9','sale','e9fad5b69e824f8a95901acb52549530','veh_sp_small','cd2dea827fcf4895a774acd8eac4d671',-8,'2026-04-16 16:16:27'),('95fb4a39ba654e0da1f97f055456ed85','sale','bb3306d40d824ba5afb98a5ee54b77f3','veh_sp_small','84f5a14353be44aab5d762bd086a9a2b',-1,'2026-04-12 13:54:01'),('966dbf214eaa4acd940072b32fd2fee1','sale','8750d5bbb4e34be4bd997566dfc732ca','veh_sp_small','243e994795ca489cb8aec60cf2bc1d97',-10,'2026-04-16 08:52:10'),('96a4bc6f197d4b68880256546222549a','sale','71313dea9ea846f2adf3e82555e97667','veh_sp_small','b05cf5529def48719b9cfe7a57bb5b80',-6,'2026-04-13 13:03:27'),('96ddf7442ebd4f808f4d8e2f3924a070','inbound','571f5dc03e6f436fbed5fb98f9b5d8c2','main','32d4186fd29a4311aada5b21e466de91',10000,'2026-04-12 13:28:13'),('9707af919f8a422c8642ada51e552760','sale','a4d46d70cb2042cfb0b566fb27f8710a','veh_sp_small','cfdf35790cbf4ce5babfc77dfad113c8',6,'2026-04-13 15:51:33'),('974277e564c84d0485aa9f799d55f4ea','sale','6de5a32e52804025af12273b719000ff','veh_sp_small','132662dfb6f749089ab2be0d75a0e106',-12,'2026-04-16 13:41:08'),('974ce05e49994a8d88812856db094afc','transfer','e2466cbaf52d429d86063476502cf9d7','veh_sp_small','aece7f5d92174de0b758d459810ffcb1',1200,'2026-04-16 08:52:06'),('97917a02ec3145e4a662a693efb10e99','sale','3590a51051d24e038dfca0dae01931ba','veh_sp_small','1ffb3e0518814cbb97388d8674aae90a',-12,'2026-04-13 12:10:07'),('9800ef54e50a4b589810c53fd37123e7','sale','b9c81b6b5c1d4859aaa7d879875e0ffa','veh_sp_small','53da4c7539644b60970085acba6781a5',-6,'2026-04-13 18:04:36'),('98482fb3fa304621846577f68116b3e9','sale','c94cab9255c14dd9bc9a40ac8b30dc2e','veh_sp_big','243e994795ca489cb8aec60cf2bc1d97',-20,'2026-04-10 18:09:05'),('98aa5aecfc9e49bc9f20f45530e65354','sale','6de5a32e52804025af12273b719000ff','veh_sp_small','bdd99bce7785474a9e6b56ffc6a5903e',-6,'2026-04-16 13:41:08'),('98b40d083e904bc39e87f3cd1a6c470b','sale','c91bd1dde02e49499357dfa7dd18c32e','veh_sp_small','705cd0f20402438588cc6469a8f0cc94',-5,'2026-04-16 16:15:46'),('98efd2ce29554cdca169e35bc8fcc535','return_vehicle','c4e8c752b3a84365a7483c5034466da2','veh_sp_big','3030165e94604fd48375b5402474e9b3',1,'2026-04-16 21:54:38'),('990eb6658d12479cbf5dfd56cb812ecc','transfer','ea0723dcb180434998b2ad13ae24438a','veh_sp_small','e0213a7bf1c04790ac037e20fb20680c',1600,'2026-04-12 13:50:48'),('996b20b8d1a94ee6a93a0dd74eb5a4f6','transfer','2d68eaa946d84e9588ba191a66f5918c','main','57e9c215273641e3a67f2151c07ab337',-2000,'2026-04-16 21:48:51'),('9a50bca0d431488fb192a3c1e0bb621c','inbound','d8c05f9e6634430a9c39cc1936217a19','main','4b677dc8979a425293b41c77bbe14fa8',12000,'2026-04-12 13:29:41'),('9a881ebd0970453fa5b1061cfd96d870','sale','bb3306d40d824ba5afb98a5ee54b77f3','veh_sp_small','132662dfb6f749089ab2be0d75a0e106',-1,'2026-04-12 13:54:01'),('9aad7a02a34b4255be21edcd6a1cb8d4','sale','ff157037b4c44ca9abf4874d56eb4cbb','veh_sp_small','aece7f5d92174de0b758d459810ffcb1',6,'2026-04-16 16:15:25'),('9ac9c6d8a08e4f4caf969e09c60d7ae3','transfer','ea0723dcb180434998b2ad13ae24438a','veh_sp_small','58edc8d15e5f4810a414c0941222b78a',800,'2026-04-12 13:50:48'),('9adbf2c79e3c47bf98be9f1fbd076916','transfer','ea0723dcb180434998b2ad13ae24438a','veh_sp_small','900e1480a9c4482b830eed25bdd37a91',800,'2026-04-12 13:50:48'),('9b0cdca763c047f4b4d72d408bdccc3c','sale','f197fbf39c2c47288fcf8d1df2a02375','veh_sp_small','991d1b867e3d4c92b5723a55cb902475',-10,'2026-04-16 15:06:25'),('9b5c19760da6407aa4983a8711ac1b76','transfer','2d68eaa946d84e9588ba191a66f5918c','veh_sp_big','17b677c9d851427bb9ee33040e0ee92b',1500,'2026-04-16 21:48:52'),('9b6e298b259c4c088eacd4ae1e92c7d5','sale','5172cc64a9244d86986ec686fcbc96bc','veh_sp_small','900e1480a9c4482b830eed25bdd37a91',-8,'2026-04-14 17:18:56'),('9c261eaf04984c35a96512e1c28a18b9','inbound','2038e42728124a2180e4f735ef2ed473','main','2ee4a2a6df9d4caa8ce6b5e0c8a2d56d',15000,'2026-04-12 13:33:31'),('9c4402c2883d44a799af8f7cd81e0cba','sale','6de5a32e52804025af12273b719000ff','veh_sp_small','78e9127977ce41bca94809e78f373a89',-12,'2026-04-16 13:41:08'),('9c4652527cf74edb9a5cc11ae0a5ff05','sale','3c0bc3cd0f64469a9195ca62d8890aea','veh_sp_small','b676da29b65e4f7d944794f731af9d18',-20,'2026-04-16 15:17:39'),('9c56a5e8526048b79b867cc7517e0320','transfer','ea0723dcb180434998b2ad13ae24438a','veh_sp_small','243e994795ca489cb8aec60cf2bc1d97',1000,'2026-04-12 13:50:48'),('9c882ebac49145f2a8753fcc4d251cde','sale','af8438cc60d748578510f82cc3f1788c','veh_sp_small','0f9dd6bec55447c7b9f393af59c3c286',-10,'2026-04-14 23:20:40'),('9c9365ae432c41c6aa9bb4d15e9c4a59','sale','94872b34ba1549819cdec945396ce5f2','veh_sp_small','53da4c7539644b60970085acba6781a5',6,'2026-04-13 18:14:26'),('9d2d8090faef4c15b73955e667ebde30','transfer','2d68eaa946d84e9588ba191a66f5918c','veh_sp_big','26f4a7ebb4ae4587a5269bd32e69fa8c',1000,'2026-04-16 21:48:52'),('9d364ba7002e476c98664927bfd7b5d8','return_vehicle','9c071899398b40fcae1a08bf552a9c90','veh_sp_small','cd2dea827fcf4895a774acd8eac4d671',3,'2026-04-14 23:20:40'),('9d58738432a44661a8dfb88770a9e009','transfer','ea0723dcb180434998b2ad13ae24438a','main','6486accd8ec84ff79c7cdea3367b1ad8',0,'2026-04-12 13:50:48'),('9d9abd26487b47dc985987c7c710ee43','sale','ac16bbd5552246399e2e494b7e051bb2','veh_sp_small','58edc8d15e5f4810a414c0941222b78a',8,'2026-04-16 11:13:42'),('9dac44cec05545f2a8e2ad8fae4ea52a','sale','c91bd1dde02e49499357dfa7dd18c32e','veh_sp_small','bdd99bce7785474a9e6b56ffc6a5903e',12,'2026-04-16 16:16:11'),('9dc395c19b074507921177a2cf28873a','sale','bb3306d40d824ba5afb98a5ee54b77f3','veh_sp_small','1ffb3e0518814cbb97388d8674aae90a',-1,'2026-04-12 13:54:01'),('9ddd3d2ae3b14d05abafad663dec67fd','transfer','2d68eaa946d84e9588ba191a66f5918c','veh_sp_big','575f9a3958f84526a45a94f154f672ed',1500,'2026-04-16 21:48:51'),('9df60441b6854902b3d328ebf5b8ca35','transfer','2d68eaa946d84e9588ba191a66f5918c','main','fe184c1459aa4f85b98e62d42b58f6bd',-1000,'2026-04-16 21:48:52'),('9e83b289f1a246568b262d6d7962c718','transfer','2d68eaa946d84e9588ba191a66f5918c','main','b676da29b65e4f7d944794f731af9d18',-1000,'2026-04-16 21:48:51'),('9e8f94cb4e6a4c8ebdb5091f4445754c','sale','0070a39826b749b5a29a5197b53041eb','veh_sp_small','78e9127977ce41bca94809e78f373a89',-12,'2026-04-13 11:43:39'),('9ef50a0a202f4502bd04b3e218920959','transfer','ea0723dcb180434998b2ad13ae24438a','main','9fe73b50b85743fb8885da5a0d208f20',-1000,'2026-04-12 13:50:48'),('9efe5f9c6eb94a6fa1ab6210c3a6e5e8','sale','f6a3ad80d5394950b65662b345da4d84','veh_sp_small','dedb3818f0204a198eea338c1a74b48c',-4,'2026-04-16 16:18:40'),('9fb4ffc428c447febc5a2bc119b86f66','sale','b9d0e6ba215e49c0abc0a387e3589156','veh_sp_small','575f9a3958f84526a45a94f154f672ed',15,'2026-04-14 17:36:06'),('9fc8350014c6417297c8eb14ea15ce68','sale','bb3306d40d824ba5afb98a5ee54b77f3','veh_sp_small','99e3f41e2a784934ad25a3c65a8c0f44',-1,'2026-04-12 13:54:01'),('a0d6380ff3284b2694264c60e8f5a054','sale','43a07209cb784de6b361005bad69857f','veh_sp_small','2ee4a2a6df9d4caa8ce6b5e0c8a2d56d',-15,'2026-04-13 16:26:49'),('a150de8385be4ecd9f984806da7a5a9c','sale','f6a3ad80d5394950b65662b345da4d84','veh_sp_small','c75e167ff4a54177a7c9fd6bb10686b1',-6,'2026-04-16 16:18:40'),('a195883efd15483ca51d344af762c224','inbound','8e4f40f9aea144b1bf7ff6155079017f','main','58edc8d15e5f4810a414c0941222b78a',8000,'2026-04-12 13:29:21'),('a2207fc73c164c7d97eda9baef8f04a9','sale','39474098ba0e46ac867c9fa3c3327a18','veh_sp_small','053878a2ede34e459ddca41c38ac658d',-1,'2026-04-12 13:54:02'),('a23c144a6a2d40f88bba35d23f74482a','sale','3c0bc3cd0f64469a9195ca62d8890aea','veh_sp_small','fe184c1459aa4f85b98e62d42b58f6bd',-10,'2026-04-16 15:17:39'),('a247d5ccb67a4728b73dc62afe7d955f','transfer','2d68eaa946d84e9588ba191a66f5918c','veh_sp_big','3030165e94604fd48375b5402474e9b3',1000,'2026-04-16 21:48:51'),('a29cef436513456cbcb1d84cfb18386e','sale','a1bb654dfbde4a8d8d693211b70d0ae4','veh_sp_small','78e9127977ce41bca94809e78f373a89',-12,'2026-04-13 14:15:14'),('a2ba971f0ad74a95afd1e9422861842c','sale','c91bd1dde02e49499357dfa7dd18c32e','veh_sp_small','705cd0f20402438588cc6469a8f0cc94',5,'2026-04-16 16:16:11'),('a2dbb464713348729218f0f3ac605b19','sale','5172cc64a9244d86986ec686fcbc96bc','veh_sp_small','243e994795ca489cb8aec60cf2bc1d97',-10,'2026-04-14 17:18:56'),('a2e9638938ea4fdfa55b695dce83b58d','sale','af2d729b07c347fea0c23f2ff17a719e','veh_sp_small','705cd0f20402438588cc6469a8f0cc94',5,'2026-04-16 16:13:44'),('a2ebfec606c24719acb1f2ffb9377fe4','inbound','6c1fb1ef16114ca290f2772662914039','main','f116ee56a4804fe2bbfc8db4d3325cc0',8000,'2026-04-12 13:35:03'),('a34561839d8b461c940ef2b14f3943b3','sale','8750d5bbb4e34be4bd997566dfc732ca','veh_sp_small','132662dfb6f749089ab2be0d75a0e106',-6,'2026-04-16 08:52:10'),('a46693a9a6e543e0bf7e2d4ef2584d4a','transfer','9dd190a221f04a2f9f0b213c3f6aaa68','veh_sp_small','705cd0f20402438588cc6469a8f0cc94',10000,'2026-04-13 10:15:16'),('a4c47347e90d4ff09a892020c5317e13','sale','a96c3603a42b44d2ab02b2fc88d95c50','veh_sp_small','dedb3818f0204a198eea338c1a74b48c',4,'2026-04-16 16:23:03'),('a4edb5905e704139bd7138a73aaa82ad','return_vehicle','71f9dabf0e0e4aeeb9cf980722e5d4a7','veh_sp_small','e0213a7bf1c04790ac037e20fb20680c',6,'2026-04-14 17:18:56'),('a52df498d1584aa1b0157a6c69e42d40','sale','3c0bc3cd0f64469a9195ca62d8890aea','veh_sp_small','cd2dea827fcf4895a774acd8eac4d671',-8,'2026-04-16 15:17:39'),('a567acc194dd45a4b936fa6c5f664f89','sale','f197fbf39c2c47288fcf8d1df2a02375','veh_sp_small','2ee4a2a6df9d4caa8ce6b5e0c8a2d56d',15,'2026-04-16 15:09:59'),('a5b863ed17534fdca10d0af23e19a82f','sale','38916faf2e4a4b60842ac53920e1bc92','veh_sp_small','78e9127977ce41bca94809e78f373a89',12,'2026-04-13 15:51:39'),('a5c6fb58011f4d078318924b4835a14a','sale','ff157037b4c44ca9abf4874d56eb4cbb','veh_sp_small','bdd99bce7785474a9e6b56ffc6a5903e',12,'2026-04-16 16:15:25'),('a6ad98281b4e4c7d8eb9ac127c88d9b0','transfer','ea0723dcb180434998b2ad13ae24438a','veh_sp_small','e691aa957798446eb7746f5a958833b7',1200,'2026-04-12 13:50:48'),('a71cf9b168444578a4f85e16846cd747','transfer','2d68eaa946d84e9588ba191a66f5918c','veh_sp_big','84f5a14353be44aab5d762bd086a9a2b',1200,'2026-04-16 21:48:51'),('a74a4747a8d646ddbf0eb2f1a775d9fc','sale','1887cef0fbc74740bce136619ce3ea44','veh_sp_small','132662dfb6f749089ab2be0d75a0e106',6,'2026-04-13 12:01:47'),('a7604fb9534d4c5c85afe0bafa41e22b','return_vehicle','72352d470ca646f390cd03d8a844f522','veh_sp_small','1ffb3e0518814cbb97388d8674aae90a',8,'2026-04-14 17:36:52'),('a7ad50fa6d2646f791ca43010b902619','sale','af2d729b07c347fea0c23f2ff17a719e','veh_sp_small','8c49f08a935a4e7d801f7baf224adfcb',-12,'2026-04-16 11:14:35'),('a816289de07547efae09dba33d9ced67','sale','ff157037b4c44ca9abf4874d56eb4cbb','veh_sp_small','705cd0f20402438588cc6469a8f0cc94',-5,'2026-04-16 16:14:27'),('a826bc1716a6437ebe5f2a01ff3f4ba5','sale','f197fbf39c2c47288fcf8d1df2a02375','veh_sp_small','b05cf5529def48719b9cfe7a57bb5b80',12,'2026-04-16 15:09:59'),('a830e494ea4641209aa6eba0d826eecd','sale','fb876bb5291e41a09632bfb069dcfffd','veh_sp_small','58edc8d15e5f4810a414c0941222b78a',-1,'2026-04-15 22:39:13'),('a83d741657bf4700b80bdd2fd5061a9c','inbound','9e79836244954e96913e4ba7c09e3e4d','main','c75e167ff4a54177a7c9fd6bb10686b1',3600,'2026-04-16 10:23:20'),('a90c8106b84940779471ac27aaae439b','sale','f197fbf39c2c47288fcf8d1df2a02375','veh_sp_small','900e1480a9c4482b830eed25bdd37a91',-8,'2026-04-16 15:06:25'),('a90d11c2dd5148fa917d04031190f69b','sale','b9d0e6ba215e49c0abc0a387e3589156','veh_sp_small','cd2dea827fcf4895a774acd8eac4d671',8,'2026-04-14 17:36:06'),('a92e9fd011fc4743a6a81be3eddcaf4f','sale','f197fbf39c2c47288fcf8d1df2a02375','veh_sp_small','cfdf35790cbf4ce5babfc77dfad113c8',-12,'2026-04-16 15:06:25'),('a972984f8cda4a188e552f0fcddde6f1','sale','03a1f1c4212a49889cef24bd230c2110','veh_sp_big','132662dfb6f749089ab2be0d75a0e106',1,'2026-04-16 21:54:16'),('a977fabdb8ea4328980eddb745db3d01','sale','d359462cb2774282b59ca17a559cdd69','veh_sp_small','0f9dd6bec55447c7b9f393af59c3c286',-10,'2026-04-14 21:33:16'),('a97c5dd41e2e4ec2a1e4efdb579a951e','sale','38916faf2e4a4b60842ac53920e1bc92','veh_sp_small','cd2dea827fcf4895a774acd8eac4d671',8,'2026-04-13 15:51:39'),('a9abbe5738be446291799369c53494d2','transfer','5ce74f14981f4a2ca5981be4dc45f72d','veh_sp_small','78e9127977ce41bca94809e78f373a89',600,'2026-04-13 07:33:14'),('a9b1e43f00cd4ae1b55556bdbd22b878','sale','373d726fa09a45b6b393a9caefb072cd','veh_sp_small','cfdf35790cbf4ce5babfc77dfad113c8',12,'2026-04-16 11:10:09'),('aa1e5223ff8947a8aed41a7edabbe561','sale','a1bb654dfbde4a8d8d693211b70d0ae4','veh_sp_small','dedb3818f0204a198eea338c1a74b48c',-8,'2026-04-13 14:15:13'),('aa3bca74b7904891b9a224719db3fa5a','sale','43a07209cb784de6b361005bad69857f','veh_sp_small','b05cf5529def48719b9cfe7a57bb5b80',-12,'2026-04-13 16:26:49'),('aaeedf54d1554d439ff0d0233a6c92c1','transfer','d2bbb69fafe74f139ab0a47b5d381af1','main','243e994795ca489cb8aec60cf2bc1d97',-50,'2026-04-11 22:08:41'),('ab1ccd9655d54a289bc914b5c8d39e53','sale','bfe67fe996914ee88d3ce9bd2db5474d','veh_sp_small','53da4c7539644b60970085acba6781a5',-1,'2026-04-12 13:54:01'),('ab2e3ac2e15d498b82058abe90a19d75','sale','a96c3603a42b44d2ab02b2fc88d95c50','veh_sp_small','c75e167ff4a54177a7c9fd6bb10686b1',-6,'2026-04-16 16:18:23'),('ab3f11b683194d43a689dfc57d6db72d','sale','6de5a32e52804025af12273b719000ff','veh_sp_small','8c49f08a935a4e7d801f7baf224adfcb',-12,'2026-04-16 13:41:08'),('ab466aa3b39b46689478a2bc10706bba','sale','373d726fa09a45b6b393a9caefb072cd','veh_sp_small','8c49f08a935a4e7d801f7baf224adfcb',-12,'2026-04-16 10:49:13'),('abfc5972cdcf467590b20ddcaaa82d7c','transfer','ea0723dcb180434998b2ad13ae24438a','main','53da4c7539644b60970085acba6781a5',-1200,'2026-04-12 13:50:48'),('ac3c5536b8c340349b432545332d158f','transfer','2d68eaa946d84e9588ba191a66f5918c','main','4b677dc8979a425293b41c77bbe14fa8',-1200,'2026-04-16 21:48:52'),('ac45449c474b47669fb2706c507c43e9','return_vehicle','32facff243a44ab38296c1ad19489c94','veh_sp_small','900e1480a9c4482b830eed25bdd37a91',1,'2026-04-16 07:05:55'),('ac52a9db83a34818b12916a9fb46103a','transfer','ea0723dcb180434998b2ad13ae24438a','veh_sp_small','84f5a14353be44aab5d762bd086a9a2b',1200,'2026-04-12 13:50:48'),('ac8781b926c14dbca6003f1d57e8ac0e','transfer','2d68eaa946d84e9588ba191a66f5918c','veh_sp_big','b676da29b65e4f7d944794f731af9d18',1000,'2026-04-16 21:48:51'),('acf878dabb934757b4ada7731c4ec878','sale','f5dcf172601e49b29e5c0dd4b49d98e9','veh_sp_small','b676da29b65e4f7d944794f731af9d18',-10,'2026-04-13 11:37:58'),('ad5971a2f8cd496d8552342ad7516492','transfer','2d68eaa946d84e9588ba191a66f5918c','veh_sp_big','57e9c215273641e3a67f2151c07ab337',2000,'2026-04-16 21:48:51'),('ad8a7e4f295541d4b0ffb8048cbb1c79','sale','43a07209cb784de6b361005bad69857f','veh_sp_small','78e9127977ce41bca94809e78f373a89',-12,'2026-04-13 16:26:49'),('ae698a6610b54182be48e7f934693777','return_vehicle','659111cd76e24292951131b2723e1c3d','veh_sp_big','p1',1,'2026-04-06 12:46:25'),('ae9da0afe3d24aa7a024d6e87a876b75','sale','373d726fa09a45b6b393a9caefb072cd','veh_sp_small','78e9127977ce41bca94809e78f373a89',-12,'2026-04-16 10:49:13'),('aecbfdc2cfd944ad89e096d56c2dbd83','sale','680efd3dd02a48759ea3d9d6bcd1e9d7','veh_sp_small','132662dfb6f749089ab2be0d75a0e106',-12,'2026-04-14 17:36:52'),('aedaedeee97d440fb07791f5cbd8507d','sale','b9d0e6ba215e49c0abc0a387e3589156','veh_sp_small','f116ee56a4804fe2bbfc8db4d3325cc0',-8,'2026-04-14 17:21:44'),('af03f4755bdc4fc39d882ac38c17461e','sale','a96c3603a42b44d2ab02b2fc88d95c50','veh_sp_small','dedb3818f0204a198eea338c1a74b48c',-4,'2026-04-16 16:18:23'),('af2f26c56677475bb7380c7d0451071b','sale','ff157037b4c44ca9abf4874d56eb4cbb','veh_sp_small','cfdf35790cbf4ce5babfc77dfad113c8',-12,'2026-04-16 16:14:27'),('af5f960f372b44b2b0a24b5c25922195','sale','e9fad5b69e824f8a95901acb52549530','veh_sp_small','705cd0f20402438588cc6469a8f0cc94',-5,'2026-04-16 16:16:27'),('af9739404dc843c8b5034a395571cf63','sale','acaa301833424d0f8b32c7595dd20b06','veh_sp_small','8c49f08a935a4e7d801f7baf224adfcb',-12,'2026-04-13 17:04:31'),('afda418ace404b0b8f0f186a01944e1a','sale','5b5da23289e7471e824b2e123a73b4d0','veh_sp_small','58edc8d15e5f4810a414c0941222b78a',-2,'2026-04-16 07:05:55'),('b03588ba752d4c86b6505d6742adcf5b','sale','3c0bc3cd0f64469a9195ca62d8890aea','veh_sp_small','b05cf5529def48719b9cfe7a57bb5b80',-12,'2026-04-16 15:17:39'),('b056a71a169a4816a1108da6d876b192','sale','38916faf2e4a4b60842ac53920e1bc92','veh_sp_small','cd2dea827fcf4895a774acd8eac4d671',-8,'2026-04-13 14:13:28'),('b097bfbcf0ce4e56a51bc806789b7d93','sale','a4d46d70cb2042cfb0b566fb27f8710a','veh_sp_small','871ef55e9c0a4d678b4da46520d9892a',-12,'2026-04-13 13:02:42'),('b0c6a5f2c4064ae2a1468e52a44ecd93','sale','43a07209cb784de6b361005bad69857f','veh_sp_small','132662dfb6f749089ab2be0d75a0e106',-12,'2026-04-13 16:26:49'),('b0cec4bb3cd24adca184377518c4be52','sale','822ffd09bde64e73b7860e6733b8319b','veh_sp_small','84f5a14353be44aab5d762bd086a9a2b',-12,'2026-04-16 11:11:29'),('b0e0dfa7983c4fca8da602724c499cfa','inbound','4ae4845952c140eb84d7089f0d21d632','main','94c3b4a6da884f9aac9604883866cd5b',1500,'2026-04-16 21:42:55'),('b0e86f9426f74abeaf0bd7fa47e499bd','transfer','2d68eaa946d84e9588ba191a66f5918c','main','e0213a7bf1c04790ac037e20fb20680c',-1600,'2026-04-16 21:48:51'),('b0ee010782cc46e38cb04c8e0c22ad43','sale','822ffd09bde64e73b7860e6733b8319b','veh_sp_small','cd2dea827fcf4895a774acd8eac4d671',-8,'2026-04-16 11:11:29'),('b0f22f8e5f374f71bd5bd30749eed5ff','transfer','2d68eaa946d84e9588ba191a66f5918c','main','243e994795ca489cb8aec60cf2bc1d97',-1000,'2026-04-16 21:48:51'),('b17c09d452d34385a5375d2c44a390c5','transfer','ea0723dcb180434998b2ad13ae24438a','veh_sp_small','0f9dd6bec55447c7b9f393af59c3c286',1000,'2026-04-12 13:50:48'),('b1921ac645b24aa3a88d1bfd3f623d0f','sale','c7d227f20ad143fca1840e24af7695f8','veh_sp_small','78e9127977ce41bca94809e78f373a89',-6,'2026-04-16 13:56:25'),('b1ca5cd91388402daa4c9aacb17c8796','sale','37bab6191ae9406786003d457e5a334b','veh_sp_small','cd2dea827fcf4895a774acd8eac4d671',-8,'2026-04-13 15:15:08'),('b206c5df2a664ecc936c405874fb9348','sale','94872b34ba1549819cdec945396ce5f2','veh_sp_small','3030165e94604fd48375b5402474e9b3',-10,'2026-04-13 18:03:38'),('b22ae78705824d4ebfd4e9af09b25da9','inbound','1b43f8ef764c433dbb57209dc84bebc8','main','78e9127977ce41bca94809e78f373a89',1200,'2026-04-13 07:32:41'),('b232f297bac64d8089b2826f61387df9','return_vehicle','14c92bfd61e34395bd089f0d1836b601','veh_sp_small','705cd0f20402438588cc6469a8f0cc94',2,'2026-04-14 21:33:16'),('b28c50bd7059414f92f5523bc8536575','sale','bfe67fe996914ee88d3ce9bd2db5474d','veh_sp_small','243e994795ca489cb8aec60cf2bc1d97',-1,'2026-04-12 13:54:01'),('b2bc6a5bd0454322acc147d3550ef976','sale','f197fbf39c2c47288fcf8d1df2a02375','veh_sp_small','fe184c1459aa4f85b98e62d42b58f6bd',10,'2026-04-16 15:09:59'),('b2d3eb1621154ba5b3aa6939c87d45cb','sale','ac16bbd5552246399e2e494b7e051bb2','veh_sp_small','8c49f08a935a4e7d801f7baf224adfcb',12,'2026-04-16 11:13:42'),('b2d59a41d662481e8e18e6e3cf5aea01','transfer','ea0723dcb180434998b2ad13ae24438a','main','e317a13efa21456db1113bb2aeb8e5f9',-1200,'2026-04-12 13:50:48'),('b30cf6ed7a04488fa69ffb6af04c4b61','sale','373d726fa09a45b6b393a9caefb072cd','veh_sp_small','aece7f5d92174de0b758d459810ffcb1',-6,'2026-04-16 10:49:12'),('b30ea2a7ac00461dab81ce5d743ea66f','sale','1887cef0fbc74740bce136619ce3ea44','veh_sp_small','b05cf5529def48719b9cfe7a57bb5b80',-6,'2026-04-13 10:31:09'),('b38e5a5bc6914bdbbca62337544464b7','transfer','2d68eaa946d84e9588ba191a66f5918c','main','aece7f5d92174de0b758d459810ffcb1',-1200,'2026-04-16 21:48:51'),('b3a021a499534750a58c2a9d25909253','return_vehicle','a7a8c24b238843ef831ee45f5985b5fd','veh_sp_small','900e1480a9c4482b830eed25bdd37a91',1,'2026-04-15 21:26:28'),('b422bc04f6be42aba233cff6d55dbb78','sale','97202826452a4bb5a086ccab7263cfb7','veh_sp_small','cd2dea827fcf4895a774acd8eac4d671',-8,'2026-04-16 17:36:09'),('b430912cf08f4dd6bd779faacef7feaf','sale','bfe67fe996914ee88d3ce9bd2db5474d','veh_sp_small','2ee4a2a6df9d4caa8ce6b5e0c8a2d56d',-1,'2026-04-12 13:54:01'),('b4a9f67153f84a0682d93e4b9b04d709','sale','39474098ba0e46ac867c9fa3c3327a18','veh_sp_small','e0213a7bf1c04790ac037e20fb20680c',-1,'2026-04-12 13:54:02'),('b5b699aab4364320ab477772367219d1','sale','daba9badcd2d49009ab5feea6d5f0eda','veh_sp_small','b05cf5529def48719b9cfe7a57bb5b80',-6,'2026-04-13 17:07:18'),('b5d6a74cdef149fb81c16f35052f184b','sale','3c0bc3cd0f64469a9195ca62d8890aea','veh_sp_small','2ee4a2a6df9d4caa8ce6b5e0c8a2d56d',-15,'2026-04-16 15:17:39'),('b5e81ef3796c49ff8a689532828100eb','sale','a1bb654dfbde4a8d8d693211b70d0ae4','veh_sp_small','b05cf5529def48719b9cfe7a57bb5b80',-12,'2026-04-13 14:15:13'),('b5fc808073cb40b796e959bdaa25f178','sale','b9d0e6ba215e49c0abc0a387e3589156','veh_sp_small','b05cf5529def48719b9cfe7a57bb5b80',-6,'2026-04-14 17:21:44'),('b6647e0d05c6447b912996c3b3d00271','transfer','2d68eaa946d84e9588ba191a66f5918c','main','1bbd4938f0414180b6b53bea106a3ca0',-1500,'2026-04-16 21:48:51'),('b6829fdf7ba64a02a6c5c1abab6cdf69','sale','38916faf2e4a4b60842ac53920e1bc92','veh_sp_small','1ffb3e0518814cbb97388d8674aae90a',-12,'2026-04-13 14:13:28'),('b6f562a607834f0e8991f8210ebd94f4','sale','c7d227f20ad143fca1840e24af7695f8','veh_sp_small','b05cf5529def48719b9cfe7a57bb5b80',4,'2026-04-16 16:17:45'),('b713c2675eff4f9783ee47b0238076c9','sale','5172cc64a9244d86986ec686fcbc96bc','veh_sp_small','458bfa78512043db9bbe57871878e7fe',-12,'2026-04-14 17:18:56'),('b787652e972243fba4099d9c24f4bdbf','transfer','ea0723dcb180434998b2ad13ae24438a','main','2ee4a2a6df9d4caa8ce6b5e0c8a2d56d',-1500,'2026-04-12 13:50:48'),('b7a1d633332647d1927c609a275c3d66','inbound','bda2409cd9a542fabd8e76147318135f','main','93962c4a47664039919691eb044c3f2c',1200,'2026-04-13 16:53:10'),('b830f5309bdc498cb4b3433e8caeee28','sale','c7d227f20ad143fca1840e24af7695f8','veh_sp_small','dedb3818f0204a198eea338c1a74b48c',4,'2026-04-16 16:17:45'),('b8896297e6e0468db98c13a2a6b1b0dc','sale','ac16bbd5552246399e2e494b7e051bb2','veh_sp_small','bdd99bce7785474a9e6b56ffc6a5903e',12,'2026-04-16 11:13:42'),('b8ff8a109fb04480ac53010ebeeab583','transfer','2d68eaa946d84e9588ba191a66f5918c','main','053878a2ede34e459ddca41c38ac658d',-1500,'2026-04-16 21:48:51'),('b904ff17d8a941789ff305f92f85e153','return_vehicle','fd1cdc5a41614e8aa6a398ed281d765d','veh_sp_small','cd2dea827fcf4895a774acd8eac4d671',2,'2026-04-15 21:25:14'),('b950b1eaf7834d72b942ac3e37b02414','transfer','2d68eaa946d84e9588ba191a66f5918c','veh_sp_big','0f9dd6bec55447c7b9f393af59c3c286',1000,'2026-04-16 21:48:51'),('b99c78fa8f034e239190615a8522a1d5','sale','5172cc64a9244d86986ec686fcbc96bc','veh_sp_small','575f9a3958f84526a45a94f154f672ed',-15,'2026-04-14 17:18:56'),('b9b8ac0ea40f449fa162eb97c1463803','sale','97202826452a4bb5a086ccab7263cfb7','veh_sp_small','93962c4a47664039919691eb044c3f2c',-12,'2026-04-16 17:36:09'),('ba258302d79e4add8746332fa8993853','return_vehicle','fca7660042ad45e5923db4f66d888817','veh_sp_small','575f9a3958f84526a45a94f154f672ed',4,'2026-04-16 13:41:08'),('ba277f7bf961439f90ef340a9542f1b1','sale','b9d0e6ba215e49c0abc0a387e3589156','veh_sp_small','2ee4a2a6df9d4caa8ce6b5e0c8a2d56d',15,'2026-04-14 17:36:06'),('ba33507173fa44869c8a6639127f8022','sale','8750d5bbb4e34be4bd997566dfc732ca','veh_sp_small','cfdf35790cbf4ce5babfc77dfad113c8',-6,'2026-04-16 08:52:10'),('ba5c87cc821a470491300a58a2048376','return_vehicle','c4e8c752b3a84365a7483c5034466da2','veh_sp_big','4b677dc8979a425293b41c77bbe14fa8',3,'2026-04-16 21:54:38'),('ba7278300647441db78f56bf27657ab5','sale','e9fad5b69e824f8a95901acb52549530','veh_sp_small','aece7f5d92174de0b758d459810ffcb1',-6,'2026-04-16 16:16:27'),('ba80e8603a0c42b2b30763f349811e6e','sale','71313dea9ea846f2adf3e82555e97667','veh_sp_small','0f9dd6bec55447c7b9f393af59c3c286',-5,'2026-04-13 13:03:27'),('bb16844322324457b6cfb16122dc36db','sale','ff157037b4c44ca9abf4874d56eb4cbb','veh_sp_small','e317a13efa21456db1113bb2aeb8e5f9',12,'2026-04-16 16:15:25'),('bb1c84ddd1384d9ea45f93770305cdce','sale','7f2dc8006efe4f03b9410b0c6c7b02a4','veh_sp_small','b05cf5529def48719b9cfe7a57bb5b80',-4,'2026-04-16 13:53:49'),('bb3d232716ca447293820849bddb01d1','transfer','2d68eaa946d84e9588ba191a66f5918c','veh_sp_big','cd2dea827fcf4895a774acd8eac4d671',800,'2026-04-16 21:48:51'),('bbddd154f6bb4210bd4bdc3c93f14f90','sale','e24b3b57c08149518e4b8617e2023f11','veh_sp_big','p10',-1,'2026-04-06 11:55:32'),('bc129def3fed476399a5407a6b2a2643','sale','f5dcf172601e49b29e5c0dd4b49d98e9','veh_sp_small','bdd99bce7785474a9e6b56ffc6a5903e',6,'2026-04-13 12:01:35'),('bc3c0ee2542d4b339eef465a4b547c7a','transfer','ea0723dcb180434998b2ad13ae24438a','main','3030165e94604fd48375b5402474e9b3',-1000,'2026-04-12 13:50:48'),('bca9c4c3fba44820bfd645629b6d7168','sale','5172cc64a9244d86986ec686fcbc96bc','veh_sp_small','4b677dc8979a425293b41c77bbe14fa8',-12,'2026-04-14 17:18:56'),('bcc963b1fcb447098ff05267ef31ad32','sale','f197fbf39c2c47288fcf8d1df2a02375','veh_sp_small','991d1b867e3d4c92b5723a55cb902475',10,'2026-04-16 15:09:59'),('bd959469a6a448ad87dfdf876786c64e','sale','5172cc64a9244d86986ec686fcbc96bc','veh_sp_small','cd2dea827fcf4895a774acd8eac4d671',-8,'2026-04-14 17:18:56'),('be01a0d53f594d6c88f9796625461ef7','sale','5ca0249cd17d4947b5c08dda151597b8','veh_sp_small','0f9dd6bec55447c7b9f393af59c3c286',-5,'2026-04-13 12:49:00'),('be068dbed2414d2da330818da5a2df0b','transfer','f05cb161ce9f49d2878f2eebe10f71f2','main','8e3a6f2f07dd421bad58749618c41409',-1500,'2026-04-13 10:26:09'),('be2a066eff6747fb938907e4d36e2afa','transfer','2d68eaa946d84e9588ba191a66f5918c','veh_sp_big','458bfa78512043db9bbe57871878e7fe',1200,'2026-04-16 21:48:51'),('be5abeff53b543cd8a32d56ed7f33130','sale','f197fbf39c2c47288fcf8d1df2a02375','veh_sp_small','243e994795ca489cb8aec60cf2bc1d97',-10,'2026-04-16 15:06:25'),('bea5b641fbe846158a93384e4705ffbf','sale','f45ba8ab0a084027b633cffa873df09d','veh_sp_small','3030165e94604fd48375b5402474e9b3',-2,'2026-04-15 22:35:16'),('bf2037949b72467a8ca4e0e3247e93cf','sale','ea200b85af514ecab2fb6f024c956084','veh_sp_small','871ef55e9c0a4d678b4da46520d9892a',-12,'2026-04-12 20:13:53'),('bf2fecc8109f4dc1b0184a311e76fc75','transfer','ea0723dcb180434998b2ad13ae24438a','main','17b677c9d851427bb9ee33040e0ee92b',-1500,'2026-04-12 13:50:48'),('bfc2a004e7dc448a8e6c6efdbed027ed','sale','18ec64d3edef4219aabb0f5b4a987949','veh_sp_big','p1',-12,'2026-04-03 19:45:27'),('c0228d468bb34ffcad546b5c211ed61d','sale','97202826452a4bb5a086ccab7263cfb7','veh_sp_small','cfdf35790cbf4ce5babfc77dfad113c8',-12,'2026-04-16 17:36:09'),('c06a0dd0cf904166907f86af21f32fc3','sale','ff157037b4c44ca9abf4874d56eb4cbb','veh_sp_small','cd2dea827fcf4895a774acd8eac4d671',8,'2026-04-16 16:15:25'),('c0705dd74cde433bb81980ecdaf9644b','transfer','2d68eaa946d84e9588ba191a66f5918c','veh_sp_big','2ee4a2a6df9d4caa8ce6b5e0c8a2d56d',1500,'2026-04-16 21:48:51'),('c0d25c1bfce745a7a38a1630df8835f9','sale','bb3306d40d824ba5afb98a5ee54b77f3','veh_sp_small','53da4c7539644b60970085acba6781a5',-1,'2026-04-12 13:54:01'),('c0f32833e29f47ddb2adebf1eb984f5e','transfer','2d68eaa946d84e9588ba191a66f5918c','veh_sp_big','991d1b867e3d4c92b5723a55cb902475',1000,'2026-04-16 21:48:51'),('c1425f78981f4693839f841515660e20','sale','b9d0e6ba215e49c0abc0a387e3589156','veh_sp_small','2ee4a2a6df9d4caa8ce6b5e0c8a2d56d',-15,'2026-04-14 17:21:44'),('c165615744f14a0ab39f6434dbaf92d5','sale','66fe82bc170b4a4184a4918787f749a4','veh_sp_small','3030165e94604fd48375b5402474e9b3',-2,'2026-04-15 22:35:26'),('c1cb7713707e42b1924678b9d9359c68','transfer','2d68eaa946d84e9588ba191a66f5918c','veh_sp_big','94c3b4a6da884f9aac9604883866cd5b',1500,'2026-04-16 21:48:51'),('c1de90d674564516948581942bf0f63e','sale','97202826452a4bb5a086ccab7263cfb7','veh_sp_small','bdd99bce7785474a9e6b56ffc6a5903e',-6,'2026-04-16 17:36:09'),('c1e025382f714fc2ac51e5cd1a6c6813','return_vehicle','fd1cdc5a41614e8aa6a398ed281d765d','veh_sp_small','575f9a3958f84526a45a94f154f672ed',8,'2026-04-15 21:25:14'),('c2449007a6cf4d6d8a74d0030481f832','transfer','ea0723dcb180434998b2ad13ae24438a','main','8e3a6f2f07dd421bad58749618c41409',-1500,'2026-04-12 13:50:48'),('c29ee372c8514f07ab255d266a7f5706','sale','373d726fa09a45b6b393a9caefb072cd','veh_sp_small','cd2dea827fcf4895a774acd8eac4d671',8,'2026-04-16 11:10:09'),('c2b91659b1b44d70a2a6786859fce2b3','sale','acaa301833424d0f8b32c7595dd20b06','veh_sp_small','0f9dd6bec55447c7b9f393af59c3c286',-10,'2026-04-13 17:04:31'),('c320dd8e893e4a8e8ed5692118baddc8','sale','b9d0e6ba215e49c0abc0a387e3589156','veh_sp_small','575f9a3958f84526a45a94f154f672ed',-15,'2026-04-14 17:21:44'),('c3608b9a4712489ab2599195f3d17d40','sale','a1bb654dfbde4a8d8d693211b70d0ae4','veh_sp_small','e691aa957798446eb7746f5a958833b7',-12,'2026-04-13 14:15:14'),('c3a3455df7fa499d915904969150303b','sale','d359462cb2774282b59ca17a559cdd69','veh_sp_small','575f9a3958f84526a45a94f154f672ed',-15,'2026-04-14 21:33:16'),('c3c4906ae897414eaf15aa64315c8aa5','transfer','f54dbc4b41834d8a846f3575c2fa282c','veh_sp_big','243e994795ca489cb8aec60cf2bc1d97',200,'2026-04-10 18:08:43'),('c4505c823b014e159dc9a33e95c74582','transfer','ea0723dcb180434998b2ad13ae24438a','veh_sp_small','132662dfb6f749089ab2be0d75a0e106',1200,'2026-04-12 13:50:48'),('c45fa38eeab14106b7da4af32f5a640e','sale','43a07209cb784de6b361005bad69857f','veh_sp_small','1ffb3e0518814cbb97388d8674aae90a',-12,'2026-04-13 16:26:49'),('c4697fab92094cd2926900b8767284b6','sale','f1e44f88444c4410aa63275cbc35ea8e','veh_sp_small','b676da29b65e4f7d944794f731af9d18',-10,'2026-04-13 10:29:51'),('c46980d204d0423dbcf7d934663fc934','sale','c7d227f20ad143fca1840e24af7695f8','veh_sp_small','c75e167ff4a54177a7c9fd6bb10686b1',6,'2026-04-16 16:17:45'),('c482c99037684914b4c8c87690ff5976','sale','f5dcf172601e49b29e5c0dd4b49d98e9','veh_sp_small','132662dfb6f749089ab2be0d75a0e106',-12,'2026-04-13 11:37:58'),('c4ec557544f14ff9affbd0cf2508ae30','sale','5172cc64a9244d86986ec686fcbc96bc','veh_sp_small','1ffb3e0518814cbb97388d8674aae90a',-12,'2026-04-14 17:18:56'),('c527bc96f7d340e8ba1c1f872ed4be79','sale','f197fbf39c2c47288fcf8d1df2a02375','veh_sp_small','cfdf35790cbf4ce5babfc77dfad113c8',12,'2026-04-16 15:09:59'),('c54df4fd000748d6bb094c98071a2387','sale','38916faf2e4a4b60842ac53920e1bc92','veh_sp_small','dedb3818f0204a198eea338c1a74b48c',8,'2026-04-13 15:51:39'),('c5d5a68732d94b1cbff772675caec3ee','sale','0070a39826b749b5a29a5197b53041eb','veh_sp_small','b676da29b65e4f7d944794f731af9d18',-10,'2026-04-13 11:43:39'),('c5f11bce47e147fdb7924d1d5f5998d3','sale','a4d46d70cb2042cfb0b566fb27f8710a','veh_sp_small','243e994795ca489cb8aec60cf2bc1d97',5,'2026-04-13 15:51:33'),('c65851c6001247f29f548d4bdb9e166c','sale','a4d46d70cb2042cfb0b566fb27f8710a','veh_sp_small','78e9127977ce41bca94809e78f373a89',6,'2026-04-13 15:51:33'),('c68f21497e4e4cbf82a7727483311243','sale','1887cef0fbc74740bce136619ce3ea44','veh_sp_small','1ffb3e0518814cbb97388d8674aae90a',12,'2026-04-13 12:01:47'),('c6a9aaaca1584570a642b5ae5061ed0a','transfer','e5ea10e7007143c8b2e1b69aeb4ed650','veh_sp_small','8ae1231378cc4717987a6bb6b20dd383',600,'2026-04-12 11:22:19'),('c70033cfb78b42fcaab294eb2cb196bc','sale','7f2dc8006efe4f03b9410b0c6c7b02a4','veh_sp_small','78e9127977ce41bca94809e78f373a89',6,'2026-04-16 16:23:17'),('c76b6bb9fc6f471094bb75e5ec7d4c96','sale','680efd3dd02a48759ea3d9d6bcd1e9d7','veh_sp_small','b676da29b65e4f7d944794f731af9d18',-10,'2026-04-14 17:36:52'),('c7c12e2260364b2e9383d96eab29e7d8','return_vehicle','c62d7fdac3f140a5903b1eb3f6ee6e96','veh_sp_small','900e1480a9c4482b830eed25bdd37a91',1,'2026-04-15 21:26:37'),('c852f7b0bbda4e2ab4a4a357afe3ced7','sale','39474098ba0e46ac867c9fa3c3327a18','veh_sp_small','8e3a6f2f07dd421bad58749618c41409',-1,'2026-04-12 13:54:02'),('c8858cbaf03240b1b5846dd6e0338cd3','transfer','f05cb161ce9f49d2878f2eebe10f71f2','veh_sp_small','8e3a6f2f07dd421bad58749618c41409',1500,'2026-04-13 10:26:09'),('c8ceb6ca2a4a4fb7b8e2a5899e837bb7','transfer','2d68eaa946d84e9588ba191a66f5918c','veh_sp_big','58edc8d15e5f4810a414c0941222b78a',800,'2026-04-16 21:48:51'),('c8f4c2db70bc4389882135658411a20c','transfer','2d68eaa946d84e9588ba191a66f5918c','main','8ae1231378cc4717987a6bb6b20dd383',-1500,'2026-04-16 21:48:52'),('c8ff5c30b5ef42d491ad5ea7596ab392','transfer','2d68eaa946d84e9588ba191a66f5918c','main','988f4f00e2384732845f18f22615b743',-1500,'2026-04-16 21:48:51'),('c9a92fee0e3741819567f3fd61d0f0bb','transfer','2d68eaa946d84e9588ba191a66f5918c','main','e691aa957798446eb7746f5a958833b7',-1200,'2026-04-16 21:48:51'),('c9c6c1848db747ffad94ad613ab15660','sale','f197fbf39c2c47288fcf8d1df2a02375','veh_sp_small','0f9dd6bec55447c7b9f393af59c3c286',10,'2026-04-16 15:09:59'),('c9e72a8b02d54bdb80704e06da8f7782','sale','a4d46d70cb2042cfb0b566fb27f8710a','veh_sp_small','53da4c7539644b60970085acba6781a5',-6,'2026-04-13 13:02:42'),('ca51e851421e48ad8958472c33298c8a','sale','1887cef0fbc74740bce136619ce3ea44','veh_sp_small','705cd0f20402438588cc6469a8f0cc94',-10,'2026-04-13 10:31:09'),('ca5e94a680a944e7b28b85e0facb2ec7','sale','39474098ba0e46ac867c9fa3c3327a18','veh_sp_small','8ae1231378cc4717987a6bb6b20dd383',-1,'2026-04-12 13:54:02'),('ca7c0e104c9c4f999a6e989924c9292d','sale','7f2dc8006efe4f03b9410b0c6c7b02a4','veh_sp_small','78e9127977ce41bca94809e78f373a89',-6,'2026-04-16 13:53:49'),('ca8ea9a275a34f74be6d871484bacbd5','sale','ff157037b4c44ca9abf4874d56eb4cbb','veh_sp_small','78e9127977ce41bca94809e78f373a89',12,'2026-04-16 16:15:25'),('cabcf975436448e5a3b5eaeed6828628','return_vehicle','bd9cd092b0954ea9ac1b824429df7706','veh_sp_small','1bbd4938f0414180b6b53bea106a3ca0',2,'2026-04-15 22:35:16'),('cac07dfc28cd4b3a9b36aeb3b7f5a07e','inbound','4ae4845952c140eb84d7089f0d21d632','main','c75e167ff4a54177a7c9fd6bb10686b1',3600,'2026-04-16 21:42:55'),('cb068c949e0f472f80ace4a998b48c71','sale','97202826452a4bb5a086ccab7263cfb7','veh_sp_small','575f9a3958f84526a45a94f154f672ed',-15,'2026-04-16 17:36:09'),('cb0de5c5200649ab89dd06bee011d151','sale','b9d0e6ba215e49c0abc0a387e3589156','veh_sp_small','e317a13efa21456db1113bb2aeb8e5f9',12,'2026-04-14 17:36:06'),('cb273480acef4d5b80be3825cca71003','sale','b9d0e6ba215e49c0abc0a387e3589156','veh_sp_small','4b677dc8979a425293b41c77bbe14fa8',12,'2026-04-14 17:36:06'),('cb473d61e0704342a9df72a0167a20f3','sale','142c4075fd6b4f4ba352bf95cbe92014','veh_sp_small','b05cf5529def48719b9cfe7a57bb5b80',-2,'2026-04-16 07:07:03'),('cb6d4791f272422293fce9de450cef39','transfer','ea0723dcb180434998b2ad13ae24438a','main','0752ebd7a81b40d883f1a82e531a5606',-2000,'2026-04-12 13:50:48'),('cb9c273f07ab48d4ac101dd0e3991812','transfer','2d68eaa946d84e9588ba191a66f5918c','veh_sp_big','8c49f08a935a4e7d801f7baf224adfcb',1200,'2026-04-16 21:48:51'),('cbd37d1816cd45b2a704d891a4e89f27','inbound','433dcd6aefb242c782c57dc63845ee40','main','8c49f08a935a4e7d801f7baf224adfcb',12000,'2026-04-12 13:39:15'),('cbe0f01a4f924a02ad3a52b42a9bc63a','transfer','e5ea10e7007143c8b2e1b69aeb4ed650','main','8ae1231378cc4717987a6bb6b20dd383',-600,'2026-04-12 11:22:19'),('cc0bde07829e4b15a7bedf887888f17c','sale','a1bb654dfbde4a8d8d693211b70d0ae4','veh_sp_small','cd2dea827fcf4895a774acd8eac4d671',-8,'2026-04-13 14:15:13'),('cca6014cd75b4dedadd3babae963a41c','sale','f5dcf172601e49b29e5c0dd4b49d98e9','veh_sp_small','78e9127977ce41bca94809e78f373a89',12,'2026-04-13 12:01:35'),('ccbf68218c7d4c3cbba20e3220cd3dd4','sale','ff157037b4c44ca9abf4874d56eb4cbb','veh_sp_small','bdd99bce7785474a9e6b56ffc6a5903e',-12,'2026-04-16 16:14:27'),('ccf973bfedba40789f66ee4247e6afef','sale','bb3306d40d824ba5afb98a5ee54b77f3','veh_sp_small','988f4f00e2384732845f18f22615b743',-1,'2026-04-12 13:54:01'),('ccff0662f7a541df89be382572a8ebdf','sale','680efd3dd02a48759ea3d9d6bcd1e9d7','veh_sp_small','0752ebd7a81b40d883f1a82e531a5606',-20,'2026-04-14 17:36:52'),('cd7ed8c7d9744b1780be568cc6604bd9','sale','822ffd09bde64e73b7860e6733b8319b','veh_sp_small','aece7f5d92174de0b758d459810ffcb1',-6,'2026-04-16 11:11:29'),('ce11b49893aa401f878606b1c73b8644','sale','71313dea9ea846f2adf3e82555e97667','veh_sp_small','871ef55e9c0a4d678b4da46520d9892a',-12,'2026-04-13 13:03:27'),('ce54acfd73a844b9bf79dd4c53ab7bfb','sale','3c0bc3cd0f64469a9195ca62d8890aea','veh_sp_small','991d1b867e3d4c92b5723a55cb902475',-10,'2026-04-16 15:17:39'),('ceb68faea48f4669945ea49429414147','sale','f197fbf39c2c47288fcf8d1df2a02375','veh_sp_small','84f5a14353be44aab5d762bd086a9a2b',-18,'2026-04-16 15:06:25'),('cec9df8f234d44f6bd580f524da6bb94','sale','f1e44f88444c4410aa63275cbc35ea8e','veh_sp_small','1ffb3e0518814cbb97388d8674aae90a',-12,'2026-04-13 10:29:51'),('ced01c230d7546e3ad84d2e4501ec2e3','transfer','2d68eaa946d84e9588ba191a66f5918c','main','8e3a6f2f07dd421bad58749618c41409',-1500,'2026-04-16 21:48:52'),('ced19e8d1204450d82ab0bc9b06e87c2','sale','f6a3ad80d5394950b65662b345da4d84','veh_sp_small','0752ebd7a81b40d883f1a82e531a5606',-7,'2026-04-16 16:18:40'),('cf5e3ed0c06a424bb2238f7c50327f6b','return_vehicle','01cd2e01a758489ea0ce0a896ac88870','veh_sp_small','3030165e94604fd48375b5402474e9b3',3,'2026-04-16 16:18:40'),('cf77b903d56045bca0f312c69b0f3a26','transfer','2d68eaa946d84e9588ba191a66f5918c','main','26f4a7ebb4ae4587a5269bd32e69fa8c',-1000,'2026-04-16 21:48:52'),('cf9f517843f249029f76381d65316d87','return_vehicle','14c92bfd61e34395bd089f0d1836b601','veh_sp_small','243e994795ca489cb8aec60cf2bc1d97',2,'2026-04-14 21:33:16'),('cfbfaf7c21574c488235d59c07f95c39','sale','a4d46d70cb2042cfb0b566fb27f8710a','veh_sp_small','b676da29b65e4f7d944794f731af9d18',-5,'2026-04-13 13:02:42'),('d02fe5c0b2cb461eac1b24e7ebfbbe53','sale','af2d729b07c347fea0c23f2ff17a719e','veh_sp_small','900e1480a9c4482b830eed25bdd37a91',8,'2026-04-16 16:13:44'),('d042e213d9554bed87c57257e56c8b4a','sale','43a07209cb784de6b361005bad69857f','veh_sp_small','8c49f08a935a4e7d801f7baf224adfcb',-12,'2026-04-13 16:26:49'),('d04e4f0cafb84e61a1e6b661790c1055','sale','b9d0e6ba215e49c0abc0a387e3589156','veh_sp_small','e317a13efa21456db1113bb2aeb8e5f9',-12,'2026-04-14 17:21:44'),('d08f95098691462ab9d33251d7e6a6ed','transfer','38ac08372c8646cfb0b829b32ac1ddc2','veh_sp_big','b87a6361b74641ffa5e413dc3ce35581',1200,'2026-04-16 21:51:17'),('d0d39aeff3d24c16a656c12c748787ee','transfer','ee9d85b7035042ec8cbc72fa9c9efd10','main','b87a6361b74641ffa5e413dc3ce35581',-1200,'2026-04-13 16:53:45'),('d0e99e12a3f5426b828addd1c660ac67','transfer','ea0723dcb180434998b2ad13ae24438a','main','32d4186fd29a4311aada5b21e466de91',-1000,'2026-04-12 13:50:48'),('d1636518516b4788a7c85c235f9ce7d2','inbound','f52127390f924b1394e83365647e2e34','main','e317a13efa21456db1113bb2aeb8e5f9',12000,'2026-04-12 13:39:33'),('d1bfbee7100f461db00d7ee83c6820b2','sale','f197fbf39c2c47288fcf8d1df2a02375','veh_sp_small','b676da29b65e4f7d944794f731af9d18',20,'2026-04-16 15:09:59'),('d1d3e296dc04434090d86474089e357e','transfer','ea0723dcb180434998b2ad13ae24438a','main','1ffb3e0518814cbb97388d8674aae90a',-1200,'2026-04-12 13:50:48'),('d2384a3f08bc4eebafd92924902e82f6','sale','38916faf2e4a4b60842ac53920e1bc92','veh_sp_small','dedb3818f0204a198eea338c1a74b48c',-8,'2026-04-13 14:13:28'),('d27842bcb14e485b9e1b17ef4c311b68','return_vehicle','5444c07df7b249888f65e18764c545e3','veh_sp_small','1ffb3e0518814cbb97388d8674aae90a',2,'2026-04-15 22:35:26'),('d2a31dc795b748908e5e85410f5832e2','transfer','2d68eaa946d84e9588ba191a66f5918c','veh_sp_big','dedb3818f0204a198eea338c1a74b48c',1500,'2026-04-16 21:48:51'),('d2bbc2df72ab4544b71b66c45103d679','sale','a4d46d70cb2042cfb0b566fb27f8710a','veh_sp_small','243e994795ca489cb8aec60cf2bc1d97',-5,'2026-04-13 13:02:42'),('d3207337f58d43ef9334d0cdade371e7','sale','37bab6191ae9406786003d457e5a334b','veh_sp_small','900e1480a9c4482b830eed25bdd37a91',-16,'2026-04-13 15:15:08'),('d39114e525454e3ebebb79bfc0430947','sale','bb3306d40d824ba5afb98a5ee54b77f3','veh_sp_small','17b677c9d851427bb9ee33040e0ee92b',-1,'2026-04-12 13:54:01'),('d3a14b93e8ea4f4d8bd4970391135ac1','sale','ac16bbd5552246399e2e494b7e051bb2','veh_sp_small','aece7f5d92174de0b758d459810ffcb1',-6,'2026-04-16 11:12:55'),('d3a7d4b66a274baba88ec97fc7f05173','transfer','ea0723dcb180434998b2ad13ae24438a','veh_sp_small','57e9c215273641e3a67f2151c07ab337',2000,'2026-04-12 13:50:48'),('d4bf572e2db94a6495ba9216db90f154','sale','5ca0249cd17d4947b5c08dda151597b8','veh_sp_small','0f9dd6bec55447c7b9f393af59c3c286',5,'2026-04-13 15:51:30'),('d508f5073d9c43e98eb3224a961745f2','transfer','ee9d85b7035042ec8cbc72fa9c9efd10','veh_sp_small','b87a6361b74641ffa5e413dc3ce35581',1200,'2026-04-13 16:53:45'),('d51aa80740974e82a5eeb927883342cf','sale','6de5a32e52804025af12273b719000ff','veh_sp_small','b676da29b65e4f7d944794f731af9d18',-10,'2026-04-16 13:41:08'),('d573980e58ae469a8efb675eaeb751ea','transfer','2d68eaa946d84e9588ba191a66f5918c','main','8c49f08a935a4e7d801f7baf224adfcb',-1200,'2026-04-16 21:48:51'),('d5ad4f3a9ca74b4daf37681bfd611d5a','sale','97202826452a4bb5a086ccab7263cfb7','veh_sp_small','132662dfb6f749089ab2be0d75a0e106',-12,'2026-04-16 17:36:09'),('d605808b2c2f4652919ef9dfe02d202e','sale','f256c516329447cdb0b8c5011ab96c31','veh_sp_small','900e1480a9c4482b830eed25bdd37a91',8,'2026-04-15 14:09:32'),('d6413378af824d40a58f7a927500d44a','sale','b9d0e6ba215e49c0abc0a387e3589156','veh_sp_small','243e994795ca489cb8aec60cf2bc1d97',10,'2026-04-14 17:36:06'),('d65239212f0c470fb3e614b16302baea','transfer','2d68eaa946d84e9588ba191a66f5918c','main','b05cf5529def48719b9cfe7a57bb5b80',-600,'2026-04-16 21:48:51'),('d675d78641af447fb7941b05e30b624c','sale','03a1f1c4212a49889cef24bd230c2110','veh_sp_big','2ee4a2a6df9d4caa8ce6b5e0c8a2d56d',1,'2026-04-16 21:54:16'),('d6993491208e4cbf91948015b09d5a52','inbound','4ae4845952c140eb84d7089f0d21d632','main','93962c4a47664039919691eb044c3f2c',0,'2026-04-16 21:42:55'),('d6df9d2965ca470f89ebd02a7de10bd7','sale','af2d729b07c347fea0c23f2ff17a719e','veh_sp_small','78e9127977ce41bca94809e78f373a89',12,'2026-04-16 16:13:44'),('d6e5861839fd4fa5badd323e7cb4b2a3','sale','5172cc64a9244d86986ec686fcbc96bc','veh_sp_small','f116ee56a4804fe2bbfc8db4d3325cc0',-8,'2026-04-14 17:18:56'),('d72fc665fcde4490b304ccc5871efd91','sale','b9d0e6ba215e49c0abc0a387e3589156','veh_sp_small','705cd0f20402438588cc6469a8f0cc94',-10,'2026-04-14 17:21:44'),('d76d0b9233c1494986c0fcec3c74fd4e','sale','ff157037b4c44ca9abf4874d56eb4cbb','veh_sp_small','cd2dea827fcf4895a774acd8eac4d671',-8,'2026-04-16 16:14:27'),('d78747f57b0a47fba57f657ece222f09','transfer','ea0723dcb180434998b2ad13ae24438a','main','c4876524e53f4418be0837a94642d81f',-1500,'2026-04-12 13:50:48'),('d7d4159e544c4a04a069c09c85b90dec','transfer','2d68eaa946d84e9588ba191a66f5918c','main','900e1480a9c4482b830eed25bdd37a91',-800,'2026-04-16 21:48:52'),('d801092e041e412b9e2803f0ebb50c9b','sale','a1bb654dfbde4a8d8d693211b70d0ae4','veh_sp_small','b676da29b65e4f7d944794f731af9d18',-10,'2026-04-13 14:15:13'),('d80508c1d5304024b507e5c7ce8c4f62','sale','a4d46d70cb2042cfb0b566fb27f8710a','veh_sp_small','b676da29b65e4f7d944794f731af9d18',5,'2026-04-13 15:51:33'),('d80bcba458b34a68971241c071117798','sale','373d726fa09a45b6b393a9caefb072cd','veh_sp_small','900e1480a9c4482b830eed25bdd37a91',-8,'2026-04-16 10:49:13'),('d81f50e3f9144c5091cfb856709ecedc','transfer','5ce74f14981f4a2ca5981be4dc45f72d','main','78e9127977ce41bca94809e78f373a89',-600,'2026-04-13 07:33:14'),('d830e9f1fdd64759b5104e0a729a8cd6','sale','373d726fa09a45b6b393a9caefb072cd','veh_sp_small','84f5a14353be44aab5d762bd086a9a2b',-12,'2026-04-16 10:49:12'),('d85ee3fd8bd24e40a078ba0bd323012a','sale','daba9badcd2d49009ab5feea6d5f0eda','veh_sp_small','cd2dea827fcf4895a774acd8eac4d671',-8,'2026-04-13 17:07:18'),('d882a3b27fa74ee49296d2478abe0df1','sale','3590a51051d24e038dfca0dae01931ba','veh_sp_small','900e1480a9c4482b830eed25bdd37a91',6,'2026-04-13 15:51:25'),('d8eec7271c2f47b0b815016c39f6f13f','sale','43a07209cb784de6b361005bad69857f','veh_sp_small','cd2dea827fcf4895a774acd8eac4d671',-8,'2026-04-13 16:26:49'),('d91964cbb2884b81ba6683a43cdea248','return_vehicle','3ac8080ebae94ca09e9b8d0dee867968','veh_sp_small','94c3b4a6da884f9aac9604883866cd5b',3,'2026-04-16 15:17:39'),('d94990b6f29246ad9dab69b44d2459f3','sale','af8438cc60d748578510f82cc3f1788c','veh_sp_small','0752ebd7a81b40d883f1a82e531a5606',-20,'2026-04-14 23:20:40'),('d99f68a753a9465592ebb77f304b381d','sale','af8438cc60d748578510f82cc3f1788c','veh_sp_small','58edc8d15e5f4810a414c0941222b78a',-8,'2026-04-14 23:20:40'),('d9a25fa9e92640088d21ef66a78121d0','sale','f1e44f88444c4410aa63275cbc35ea8e','veh_sp_small','58edc8d15e5f4810a414c0941222b78a',-8,'2026-04-13 10:29:51'),('d9d9c9c987684efd9de810687ab87dd1','sale','b9d0e6ba215e49c0abc0a387e3589156','veh_sp_small','132662dfb6f749089ab2be0d75a0e106',12,'2026-04-14 17:36:06'),('dadcb12b3f34429da2c26aba6fdadb7e','sale','14a58c05e91f4d6a9e641689bb3e60e1','veh_sp_big','2ee4a2a6df9d4caa8ce6b5e0c8a2d56d',-1,'2026-04-16 21:54:38'),('db5b8ee210a54651a8ac64584d155d64','sale','0ce6f29b4ea147f1a7bcf0cc79314c45','veh_sp_small','900e1480a9c4482b830eed25bdd37a91',-2,'2026-04-15 22:40:38'),('db77eeab56b7414582f6762a6a7c002e','sale','39474098ba0e46ac867c9fa3c3327a18','veh_sp_small','243e994795ca489cb8aec60cf2bc1d97',-1,'2026-04-12 13:54:02'),('db992de280be414cb19f655b61be9d50','inbound','4d825d39756948e19aabd00b1c085eed','main','c4876524e53f4418be0837a94642d81f',15000,'2026-04-12 13:38:49'),('dc2796379f664e03a81c855345bdcedd','sale','7211a360fc844bee8aecf97c4828655f','veh_sp_small','900e1480a9c4482b830eed25bdd37a91',-16,'2026-04-15 21:25:14'),('dd896b3c441340af86beb08f7c6324c4','sale','71313dea9ea846f2adf3e82555e97667','veh_sp_small','53da4c7539644b60970085acba6781a5',-6,'2026-04-13 13:03:27'),('dda20c7577314e65bd3b929dbfc3c343','transfer','2d68eaa946d84e9588ba191a66f5918c','main','32d4186fd29a4311aada5b21e466de91',-1000,'2026-04-16 21:48:51'),('de1b269a7b91475ea4641d4a22227639','transfer','2d68eaa946d84e9588ba191a66f5918c','veh_sp_big','8e3a6f2f07dd421bad58749618c41409',1500,'2026-04-16 21:48:52'),('df76f1dc7d4b41af8b7ebfca7924c65e','sale','af2d729b07c347fea0c23f2ff17a719e','veh_sp_small','cfdf35790cbf4ce5babfc77dfad113c8',-12,'2026-04-16 11:14:35'),('df8191b26e7f43dd96ef346de5f8d4a6','sale','ff157037b4c44ca9abf4874d56eb4cbb','veh_sp_small','900e1480a9c4482b830eed25bdd37a91',-8,'2026-04-16 16:14:27'),('dfa08f0e530445379211512886ab6610','sale','f197fbf39c2c47288fcf8d1df2a02375','veh_sp_small','cd2dea827fcf4895a774acd8eac4d671',-8,'2026-04-16 15:06:25'),('dfc8f5ac8c9b4abbab2acfbd8704399f','sale','bfe67fe996914ee88d3ce9bd2db5474d','veh_sp_small','988f4f00e2384732845f18f22615b743',-1,'2026-04-12 13:54:01'),('dfcb02115ccd4ecbb5186dd378891e11','sale','38916faf2e4a4b60842ac53920e1bc92','veh_sp_small','0752ebd7a81b40d883f1a82e531a5606',-20,'2026-04-13 14:13:28'),('dfd058b5706c4f15934164721db85a15','sale','c2db5a3fc69b4d7fb9a5cd18254ef891','veh_sp_big','243e994795ca489cb8aec60cf2bc1d97',-20,'2026-04-10 18:23:03'),('dfee0a20d1554e1298ad25c4bd26bf73','transfer','2d68eaa946d84e9588ba191a66f5918c','main','0752ebd7a81b40d883f1a82e531a5606',-2000,'2026-04-16 21:48:51'),('dff1262cfe404f0db2d171ea6b375e55','transfer','d8fbdcaf12384d7bbf84dcd0a377d530','main','c75e167ff4a54177a7c9fd6bb10686b1',-3600,'2026-04-16 13:53:44'),('e0056342417b4c54a153984b2d181030','sale','a4d46d70cb2042cfb0b566fb27f8710a','veh_sp_small','705cd0f20402438588cc6469a8f0cc94',-8,'2026-04-13 13:02:42'),('e07d0b10344f447a8a0538f30d67cdfd','transfer','2d68eaa946d84e9588ba191a66f5918c','main','53da4c7539644b60970085acba6781a5',-1200,'2026-04-16 21:48:51'),('e10f50ae4f734b2fa04e02c509f74493','return_vehicle','5444c07df7b249888f65e18764c545e3','veh_sp_small','1bbd4938f0414180b6b53bea106a3ca0',2,'2026-04-15 22:35:26'),('e11172c9a7ef480897fbc0f8bb91e1d1','sale','373d726fa09a45b6b393a9caefb072cd','veh_sp_small','705cd0f20402438588cc6469a8f0cc94',6,'2026-04-16 11:10:09'),('e11fddae56324c7e91b0bd83fd2367bc','sale','373d726fa09a45b6b393a9caefb072cd','veh_sp_small','e317a13efa21456db1113bb2aeb8e5f9',12,'2026-04-16 11:10:09'),('e149014f18964ffe9e73084905ebb57b','transfer','ea0723dcb180434998b2ad13ae24438a','main','e691aa957798446eb7746f5a958833b7',-1200,'2026-04-12 13:50:48'),('e161da332d7343f8b211e4d77a4a7d86','sale','373d726fa09a45b6b393a9caefb072cd','veh_sp_small','bdd99bce7785474a9e6b56ffc6a5903e',12,'2026-04-16 11:10:09'),('e19bc70b32464082abf686b1378c6876','sale','a4d46d70cb2042cfb0b566fb27f8710a','veh_sp_small','0f9dd6bec55447c7b9f393af59c3c286',5,'2026-04-13 15:51:33'),('e1c67bf6e3a6442289030312f4a594c3','sale','b9d0e6ba215e49c0abc0a387e3589156','veh_sp_small','705cd0f20402438588cc6469a8f0cc94',10,'2026-04-14 17:36:06'),('e1df487d14fc40d4a73874c47c61c5a8','sale','c91bd1dde02e49499357dfa7dd18c32e','veh_sp_small','8c49f08a935a4e7d801f7baf224adfcb',-12,'2026-04-16 16:15:46'),('e249fa5901354690bbe75f6216e94ba6','sale','a96c3603a42b44d2ab02b2fc88d95c50','veh_sp_small','0752ebd7a81b40d883f1a82e531a5606',7,'2026-04-16 16:23:03'),('e2bf3290d4b446b7a35d9173532aca0a','sale','f5dcf172601e49b29e5c0dd4b49d98e9','veh_sp_small','84f5a14353be44aab5d762bd086a9a2b',12,'2026-04-13 12:01:35'),('e2c3a8980d07449b8b78b9e242c6fe6c','transfer','2d68eaa946d84e9588ba191a66f5918c','veh_sp_big','900e1480a9c4482b830eed25bdd37a91',800,'2026-04-16 21:48:52'),('e36da7bbda504d4d8482c7250bda84c9','sale','b9d0e6ba215e49c0abc0a387e3589156','veh_sp_small','8e3a6f2f07dd421bad58749618c41409',15,'2026-04-14 17:36:06'),('e420ee2734a84b7b8dcd30e67d8caec0','sale','f1e44f88444c4410aa63275cbc35ea8e','veh_sp_small','705cd0f20402438588cc6469a8f0cc94',-10,'2026-04-13 10:29:51'),('e436c62d3bc04123a06b07478add9f44','sale','a4d46d70cb2042cfb0b566fb27f8710a','veh_sp_small','53da4c7539644b60970085acba6781a5',6,'2026-04-13 15:51:33'),('e468fc48d8a94259b35e92de1537ae73','sale','14a58c05e91f4d6a9e641689bb3e60e1','veh_sp_big','132662dfb6f749089ab2be0d75a0e106',-1,'2026-04-16 21:54:38'),('e46d889d17044844890adef79e223884','sale','38916faf2e4a4b60842ac53920e1bc92','veh_sp_small','cfdf35790cbf4ce5babfc77dfad113c8',-12,'2026-04-13 14:13:28'),('e4be1b0238a54f0792d8285b4d14667e','sale','37bab6191ae9406786003d457e5a334b','veh_sp_small','78e9127977ce41bca94809e78f373a89',-6,'2026-04-13 15:15:08'),('e55df6549f184a40b57b4b6fcfaf0af4','sale','ac16bbd5552246399e2e494b7e051bb2','veh_sp_small','705cd0f20402438588cc6469a8f0cc94',-5,'2026-04-16 11:12:55'),('e5b1d13de4184ac3af3a2607bb073b24','sale','f197fbf39c2c47288fcf8d1df2a02375','veh_sp_small','b05cf5529def48719b9cfe7a57bb5b80',-12,'2026-04-16 15:06:25'),('e5b8d302846a42f7a39ba8445c9399f9','sale','a96c3603a42b44d2ab02b2fc88d95c50','veh_sp_small','1ffb3e0518814cbb97388d8674aae90a',6,'2026-04-16 16:23:03'),('e5e237cdced046778eb270047301c6fa','sale','7211a360fc844bee8aecf97c4828655f','veh_sp_small','57e9c215273641e3a67f2151c07ab337',-2,'2026-04-15 21:25:14'),('e60978570b9e4f34812d3928b52599b2','sale','acaa301833424d0f8b32c7595dd20b06','veh_sp_small','84f5a14353be44aab5d762bd086a9a2b',-6,'2026-04-13 17:04:31'),('e725599ee10e49dd9c25367e9987a569','sale','ca2e2547e1624a4da31411e33997adfc','veh_sp_big','p11',-1,'2026-04-06 12:45:29'),('e762acf5a71f474991f628730482b1d1','sale','39474098ba0e46ac867c9fa3c3327a18','veh_sp_small','575f9a3958f84526a45a94f154f672ed',-1,'2026-04-12 13:54:02'),('e7807e27ce1247239d8a6072522a97db','sale','39474098ba0e46ac867c9fa3c3327a18','veh_sp_small','84f5a14353be44aab5d762bd086a9a2b',-1,'2026-04-12 13:54:02'),('e7b631317fe64f3aa37d20790d7c7c7c','transfer','ea0723dcb180434998b2ad13ae24438a','main','575f9a3958f84526a45a94f154f672ed',-1500,'2026-04-12 13:50:48'),('e7e3a59b7478469dab44c359ecaac718','sale','a1bb654dfbde4a8d8d693211b70d0ae4','veh_sp_small','58edc8d15e5f4810a414c0941222b78a',-8,'2026-04-13 14:15:13'),('e8644b9d784e4a409cf1c3447d8c0c43','sale','ac16bbd5552246399e2e494b7e051bb2','veh_sp_small','84f5a14353be44aab5d762bd086a9a2b',12,'2026-04-16 11:13:42'),('e878ee08899e4a4eaae523471db0ebd4','transfer','ea0723dcb180434998b2ad13ae24438a','main','57e9c215273641e3a67f2151c07ab337',-2000,'2026-04-12 13:50:48'),('e8ff2272988f40b88aada4c16d75d299','sale','7211a360fc844bee8aecf97c4828655f','veh_sp_small','0752ebd7a81b40d883f1a82e531a5606',-40,'2026-04-15 21:25:14'),('e953f7e384ed42a392fafe6e8efc49ac','transfer','ea0723dcb180434998b2ad13ae24438a','main','900e1480a9c4482b830eed25bdd37a91',-800,'2026-04-12 13:50:48'),('e9b6905168ef449ab9fba3309341bdf0','return_vehicle','32facff243a44ab38296c1ad19489c94','veh_sp_small','2ee4a2a6df9d4caa8ce6b5e0c8a2d56d',3,'2026-04-16 07:05:55'),('e9f195f653fd49528a19ec9491984576','sale','43a07209cb784de6b361005bad69857f','veh_sp_small','dedb3818f0204a198eea338c1a74b48c',-13,'2026-04-13 16:26:49'),('ea5e222c57374585b8b9b11a053d75f3','sale','af8438cc60d748578510f82cc3f1788c','veh_sp_small','b05cf5529def48719b9cfe7a57bb5b80',-6,'2026-04-14 23:20:40'),('ea6f01bedc6545f8a75d8dee8473559a','sale','f197fbf39c2c47288fcf8d1df2a02375','veh_sp_small','8c49f08a935a4e7d801f7baf224adfcb',6,'2026-04-16 15:09:59'),('ea8f5a0aa19243eab15eeb83988e879f','inbound','4d825d39756948e19aabd00b1c085eed','main','988f4f00e2384732845f18f22615b743',15000,'2026-04-12 13:38:49'),('eab85f992ca3451b84ada8fb3ff79b3e','sale','373d726fa09a45b6b393a9caefb072cd','veh_sp_small','58edc8d15e5f4810a414c0941222b78a',8,'2026-04-16 11:10:09'),('eae54c054bb94cc0860f5cfe9308f3df','sale','880dce7bdcb64cb4ba087eaf575e38f2','veh_sp_big','p1',-1,'2026-04-04 14:59:16'),('eaf03e660fda4b23892eac07c9bb296e','sale','c91bd1dde02e49499357dfa7dd18c32e','veh_sp_small','78e9127977ce41bca94809e78f373a89',12,'2026-04-16 16:16:11'),('eb99161648494cfd9e6b81dffd46737e','sale','39474098ba0e46ac867c9fa3c3327a18','veh_sp_small','0752ebd7a81b40d883f1a82e531a5606',-1,'2026-04-12 13:54:02'),('ebf0c15d02604862902b4161d665bbac','sale','fc899889792d484283e29ca1c4ec1606','veh_sp_big','p16',-2,'2026-04-09 22:38:32'),('ec8c2e90ed1a45a898cbf328f7e4c488','sale','f5dcf172601e49b29e5c0dd4b49d98e9','veh_sp_small','0f9dd6bec55447c7b9f393af59c3c286',-10,'2026-04-13 11:37:58'),('eca2cab627f2497cb3b97ba28c190c1e','sale','373d726fa09a45b6b393a9caefb072cd','veh_sp_small','78e9127977ce41bca94809e78f373a89',12,'2026-04-16 11:10:09'),('ecd8777c4ac84d4ab59f3ebe4edabf76','sale','b9d0e6ba215e49c0abc0a387e3589156','veh_sp_small','1ffb3e0518814cbb97388d8674aae90a',12,'2026-04-14 17:36:06'),('ed12cf39eead464b8848bd4fc695e69f','sale','1887cef0fbc74740bce136619ce3ea44','veh_sp_small','900e1480a9c4482b830eed25bdd37a91',8,'2026-04-13 12:01:47'),('edc6a5a39ea04404bf7e01cc3e8134d3','transfer','ea0723dcb180434998b2ad13ae24438a','veh_sp_small','458bfa78512043db9bbe57871878e7fe',1200,'2026-04-12 13:50:48'),('edf276e4d1934db2804f2f56d7214bf8','sale','38916faf2e4a4b60842ac53920e1bc92','veh_sp_small','b676da29b65e4f7d944794f731af9d18',10,'2026-04-13 15:51:39'),('ee5dff1c88844f26a23a3e9149831a43','sale','c91bd1dde02e49499357dfa7dd18c32e','veh_sp_small','58edc8d15e5f4810a414c0941222b78a',8,'2026-04-16 16:16:11'),('eee860ecb66c4db4a828e38a5f8619f5','inbound','8a98329b586e4e4c8c4c4ff50202bfc5','main','aece7f5d92174de0b758d459810ffcb1',12000,'2026-04-16 08:51:45'),('ef199f0b2b604baaacac94503e5f8fa6','inbound','8e4f40f9aea144b1bf7ff6155079017f','main','bdd99bce7785474a9e6b56ffc6a5903e',6000,'2026-04-12 13:29:21'),('ef6ee724630147e19a80c7ea26a67d63','sale','37bab6191ae9406786003d457e5a334b','veh_sp_small','84f5a14353be44aab5d762bd086a9a2b',-12,'2026-04-13 15:15:08'),('ef81c4f4d9fd4e589edbf283e03da3e3','sale','eddbd485b77d471f9b54075d217576a8','veh_sp_small','8ae1231378cc4717987a6bb6b20dd383',-50,'2026-04-12 11:23:20'),('f029527b3e4042f8896be00da8b8a09e','sale','ac16bbd5552246399e2e494b7e051bb2','veh_sp_small','cd2dea827fcf4895a774acd8eac4d671',-8,'2026-04-16 11:12:55'),('f04c3e96084d4517a885262ae1c5b46b','transfer','ea0723dcb180434998b2ad13ae24438a','main','132662dfb6f749089ab2be0d75a0e106',-1200,'2026-04-12 13:50:48'),('f0aa2c91a6ec4571b4c353064466b1dd','sale','c91bd1dde02e49499357dfa7dd18c32e','veh_sp_small','bdd99bce7785474a9e6b56ffc6a5903e',-12,'2026-04-16 16:15:46'),('f0c9ea1173604625a2eb70933b1030be','inbound','6b0ac60beb2f4c32b534c8d905adeac3','main','871ef55e9c0a4d678b4da46520d9892a',12000,'2026-04-12 13:28:43'),('f11e510a03a74220a16ac881735db94c','sale','373d726fa09a45b6b393a9caefb072cd','veh_sp_small','e317a13efa21456db1113bb2aeb8e5f9',-12,'2026-04-16 10:49:13'),('f13509e4267c4a3ca4b97a9188f1169f','sale','bfe67fe996914ee88d3ce9bd2db5474d','veh_sp_small','8ae1231378cc4717987a6bb6b20dd383',-1,'2026-04-12 13:54:01'),('f158e016c9524b74981ab1ff8f30206f','sale','71313dea9ea846f2adf3e82555e97667','veh_sp_small','dedb3818f0204a198eea338c1a74b48c',-6,'2026-04-13 13:03:27'),('f178f542170548348df012857e3a319f','sale','ec0a8d5bc86c42dca482a043114926dd','veh_sp_small','99e3f41e2a784934ad25a3c65a8c0f44',-1,'2026-04-13 07:49:59'),('f21bc382fdeb472497e89c36bf833c45','sale','a4d46d70cb2042cfb0b566fb27f8710a','veh_sp_small','871ef55e9c0a4d678b4da46520d9892a',12,'2026-04-13 15:51:33'),('f2cbff7c4c5c499c87cf453efa995cd6','sale','f197fbf39c2c47288fcf8d1df2a02375','veh_sp_small','cd2dea827fcf4895a774acd8eac4d671',8,'2026-04-16 15:09:59'),('f2fc96c7595f4b3fbab88524292461ba','transfer','2d68eaa946d84e9588ba191a66f5918c','main','991d1b867e3d4c92b5723a55cb902475',-1000,'2026-04-16 21:48:51'),('f302d8f39c6e4663b7f26cb77d146f77','sale','3c0bc3cd0f64469a9195ca62d8890aea','veh_sp_small','cfdf35790cbf4ce5babfc77dfad113c8',-12,'2026-04-16 15:17:39'),('f364757340764a6a8e1e677c392648bf','sale','daba9badcd2d49009ab5feea6d5f0eda','veh_sp_small','0f9dd6bec55447c7b9f393af59c3c286',-10,'2026-04-13 17:07:18'),('f36fd4bb117f4bd682f6f23b5979f0ec','sale','bfe67fe996914ee88d3ce9bd2db5474d','veh_sp_small','132662dfb6f749089ab2be0d75a0e106',-1,'2026-04-12 13:54:01'),('f3a67ab54f2f4a608ba81a78d5c4f946','sale','43a07209cb784de6b361005bad69857f','veh_sp_small','bdd99bce7785474a9e6b56ffc6a5903e',-6,'2026-04-13 16:26:49'),('f3bbd6d29b2e46f583d39dc9d71cc0a5','sale','1887cef0fbc74740bce136619ce3ea44','veh_sp_small','58edc8d15e5f4810a414c0941222b78a',-8,'2026-04-13 10:31:09'),('f3fe9485706f49d9b5d188a9b2780238','sale','ac16bbd5552246399e2e494b7e051bb2','veh_sp_small','e317a13efa21456db1113bb2aeb8e5f9',12,'2026-04-16 11:13:42'),('f428b1c0fde94f3c9c93058d7c55dc32','sale','822ffd09bde64e73b7860e6733b8319b','veh_sp_small','bdd99bce7785474a9e6b56ffc6a5903e',12,'2026-04-16 11:12:25'),('f4be7702802144f890b034aa7523b115','sale','373d726fa09a45b6b393a9caefb072cd','veh_sp_small','bdd99bce7785474a9e6b56ffc6a5903e',-12,'2026-04-16 10:49:12'),('f4dcefe4612b4c5e9612b8df53fcce32','sale','3c0bc3cd0f64469a9195ca62d8890aea','veh_sp_small','bdd99bce7785474a9e6b56ffc6a5903e',-6,'2026-04-16 15:17:39'),('f5189a5dfcc245528efd9ed63ad2f902','sale','c7d227f20ad143fca1840e24af7695f8','veh_sp_small','c75e167ff4a54177a7c9fd6bb10686b1',-6,'2026-04-16 13:56:25'),('f5573297f47b458bb3e6f7ebfd6bef86','sale','1887cef0fbc74740bce136619ce3ea44','veh_sp_small','cd2dea827fcf4895a774acd8eac4d671',8,'2026-04-13 12:01:47'),('f5cd3b8e59594580a66b3a3c293aabdd','sale','af2d729b07c347fea0c23f2ff17a719e','veh_sp_small','e317a13efa21456db1113bb2aeb8e5f9',-12,'2026-04-16 11:14:35'),('f60ea008d2124c918aaa28e5835489ba','sale','f5dcf172601e49b29e5c0dd4b49d98e9','veh_sp_small','bdd99bce7785474a9e6b56ffc6a5903e',-6,'2026-04-13 11:37:58'),('f6353d8082fe43efb7341a8be3ebe8f7','sale','7f2dc8006efe4f03b9410b0c6c7b02a4','veh_sp_small','0752ebd7a81b40d883f1a82e531a5606',7,'2026-04-16 16:23:17'),('f656d809a21f4aff8e93cd0f14b0344b','sale','cbc5f5f479cf46f993b86e05d044218e','veh_sp_small','243e994795ca489cb8aec60cf2bc1d97',-60,'2026-04-11 23:55:14'),('f68554f4f2b04c5ca486057a9848940a','inbound','623296d60bb549e483dbd6d32ebaddb0','main','e0213a7bf1c04790ac037e20fb20680c',16000,'2026-04-12 13:35:33'),('f6a816326c634d4f8d30564f230819f1','transfer','2d68eaa946d84e9588ba191a66f5918c','main','99e3f41e2a784934ad25a3c65a8c0f44',-2400,'2026-04-16 21:48:52'),('f782db95b391478d9487a4bcb8f4bafe','sale','6de5a32e52804025af12273b719000ff','veh_sp_small','84f5a14353be44aab5d762bd086a9a2b',-12,'2026-04-16 13:41:08'),('f78355f8e9f34e3190af15e4a9430b25','transfer','ea0723dcb180434998b2ad13ae24438a','main','99e3f41e2a784934ad25a3c65a8c0f44',-2400,'2026-04-12 13:50:48'),('f7a89665a2d340fcbd159711135b35bc','sale','680efd3dd02a48759ea3d9d6bcd1e9d7','veh_sp_small','0f9dd6bec55447c7b9f393af59c3c286',-10,'2026-04-14 17:36:52'),('f84f7c4db7574a51b3d084e29107f89e','sale','f45ba8ab0a084027b633cffa873df09d','veh_sp_small','900e1480a9c4482b830eed25bdd37a91',-3,'2026-04-15 22:35:16'),('f895b2ca85db438e8828863ea9317019','sale','f5dcf172601e49b29e5c0dd4b49d98e9','veh_sp_small','900e1480a9c4482b830eed25bdd37a91',8,'2026-04-13 12:01:35'),('f8ac904a12a64b28942251f92a0dfd80','sale','acaa301833424d0f8b32c7595dd20b06','veh_sp_small','84f5a14353be44aab5d762bd086a9a2b',6,'2026-04-13 18:14:33'),('f8b51dd09cff40c183f05ab440f03dce','transfer','ea0723dcb180434998b2ad13ae24438a','main','b676da29b65e4f7d944794f731af9d18',-1000,'2026-04-12 13:50:48'),('f8bd2d534a3945ffa8498e8c0beb170a','sale','f6a3ad80d5394950b65662b345da4d84','veh_sp_small','78e9127977ce41bca94809e78f373a89',-6,'2026-04-16 16:18:40'),('f8e3d433eb9d4887a9fd5b9b23e43dc7','transfer','9ec74a8c3dc3403fa94349b686abb5d0','main','dedb3818f0204a198eea338c1a74b48c',-1500,'2026-04-13 11:32:47'),('f8f1c75e07e041b38a93205ae6fbf19a','sale','c91bd1dde02e49499357dfa7dd18c32e','veh_sp_small','58edc8d15e5f4810a414c0941222b78a',-8,'2026-04-16 16:15:46'),('f90e0d5c57d040c88af4be907b6ecfb5','return_vehicle','23f9be348af74cd1adaad47e9b0dd56f','veh_sp_small','900e1480a9c4482b830eed25bdd37a91',1,'2026-04-15 22:39:13'),('f9187eac6d754f54ad99d759f51131b3','sale','f5dcf172601e49b29e5c0dd4b49d98e9','veh_sp_small','58edc8d15e5f4810a414c0941222b78a',8,'2026-04-13 12:01:35'),('f98838b99f4e4aa784ddac761f0b1896','sale','c7d227f20ad143fca1840e24af7695f8','veh_sp_small','b05cf5529def48719b9cfe7a57bb5b80',-4,'2026-04-16 13:56:25'),('f99dd836c7c74ebaae93bf70db797c46','sale','af2d729b07c347fea0c23f2ff17a719e','veh_sp_small','bdd99bce7785474a9e6b56ffc6a5903e',12,'2026-04-16 16:13:44'),('f9e60fca927a474e9b1fa537363809b5','sale','814af535e8de4123a2ad1a5738c0cb36','veh_sp_big','p10',-1,'2026-04-09 18:06:13'),('fa00a190183144b28a3d94f425e896c7','inbound','85bcb21546ec4bcba1000ad89937a054','main','243e994795ca489cb8aec60cf2bc1d97',1000,'2026-04-10 17:31:01'),('fa0fc3e7c2f1416b96bf0579ecc00893','sale','ea200b85af514ecab2fb6f024c956084','veh_sp_small','243e994795ca489cb8aec60cf2bc1d97',10,'2026-04-13 15:52:20'),('fa780d8432984d2aa404fe8f968ab56a','transfer','ea0723dcb180434998b2ad13ae24438a','veh_sp_small','1bbd4938f0414180b6b53bea106a3ca0',1500,'2026-04-12 13:50:48'),('fa78e0ac18f945f88bfb64fc6fb8297a','sale','822ffd09bde64e73b7860e6733b8319b','veh_sp_small','78e9127977ce41bca94809e78f373a89',-12,'2026-04-16 11:11:29'),('fa9083f3d0324088a56fa5b847c8063e','sale','8750d5bbb4e34be4bd997566dfc732ca','veh_sp_small','b676da29b65e4f7d944794f731af9d18',-6,'2026-04-16 08:52:10'),('fa9a29e54990482a992a8f60df783236','sale','e6a70c723c994638b4278fe2ca7a739d','veh_sp_small','705cd0f20402438588cc6469a8f0cc94',-2,'2026-04-14 14:06:23'),('fabc77610375457684b5cccc9c529446','inbound','e81aa84c04124eddbb52e977372ffde4','main','132662dfb6f749089ab2be0d75a0e106',12000,'2026-04-12 13:34:26'),('facb96636e2045928197b0f0d2249f5c','sale','39474098ba0e46ac867c9fa3c3327a18','veh_sp_small','17b677c9d851427bb9ee33040e0ee92b',-1,'2026-04-12 13:54:02'),('fb521a36ffdc4bd1a7824fb90d2ca7ad','sale','a4d46d70cb2042cfb0b566fb27f8710a','veh_sp_small','705cd0f20402438588cc6469a8f0cc94',8,'2026-04-13 15:51:33'),('fb576b97aec64a02a50666e667f11929','sale','1887cef0fbc74740bce136619ce3ea44','veh_sp_small','bdd99bce7785474a9e6b56ffc6a5903e',-6,'2026-04-13 10:31:09'),('fb88768e5646497aa44cd510ef3b63bf','sale','bfe67fe996914ee88d3ce9bd2db5474d','veh_sp_small','0752ebd7a81b40d883f1a82e531a5606',-1,'2026-04-12 13:54:01'),('fba7252224c84bcdb1860b318e6a5f3c','sale','c91bd1dde02e49499357dfa7dd18c32e','veh_sp_small','cd2dea827fcf4895a774acd8eac4d671',8,'2026-04-16 16:16:11'),('fbccedbec770478692ffde04c3b4f1f3','sale','680efd3dd02a48759ea3d9d6bcd1e9d7','veh_sp_small','1ffb3e0518814cbb97388d8674aae90a',-12,'2026-04-14 17:36:52'),('fc78bfc2376d483e8d2f88bfdb095061','return_vehicle','1e3dcf82d85d4348a47029ad4bd17a84','veh_sp_small','99e3f41e2a784934ad25a3c65a8c0f44',3,'2026-04-16 13:56:25'),('fca871af304846d3a1817e9a9ef87c0b','inbound','2edd7da35e204e72853da4626738a610','main','dedb3818f0204a198eea338c1a74b48c',15000,'2026-04-13 11:32:26'),('fcc534e3bada416096ac1e78a8f03983','sale','5172cc64a9244d86986ec686fcbc96bc','veh_sp_small','2ee4a2a6df9d4caa8ce6b5e0c8a2d56d',-15,'2026-04-14 17:18:56'),('fcdc35a38fb74a39ac73f96d6c3c1874','sale','f5dcf172601e49b29e5c0dd4b49d98e9','veh_sp_small','900e1480a9c4482b830eed25bdd37a91',-8,'2026-04-13 11:37:58'),('fd302617eaeb456aa432af1a60afa122','sale','5172cc64a9244d86986ec686fcbc96bc','veh_sp_small','132662dfb6f749089ab2be0d75a0e106',-12,'2026-04-14 17:18:56'),('fd42b74565724431a2f1c2b522dbb794','sale','c91bd1dde02e49499357dfa7dd18c32e','veh_sp_small','cfdf35790cbf4ce5babfc77dfad113c8',12,'2026-04-16 16:16:11'),('fd460a56cfad4d63a42faebe1989cc31','sale','ff157037b4c44ca9abf4874d56eb4cbb','veh_sp_small','84f5a14353be44aab5d762bd086a9a2b',12,'2026-04-16 16:15:25'),('fda6adbc867445f88c510ac43bceffed','transfer','ea0723dcb180434998b2ad13ae24438a','veh_sp_small','9fe73b50b85743fb8885da5a0d208f20',1000,'2026-04-12 13:50:48'),('fe01d25697cc4a72bf72bd5d531dc6ad','sale','43a07209cb784de6b361005bad69857f','veh_sp_small','b676da29b65e4f7d944794f731af9d18',-10,'2026-04-13 16:26:49'),('fe21810a0c58415096f71a573f718e0c','sale','a1bb654dfbde4a8d8d693211b70d0ae4','veh_sp_small','1ffb3e0518814cbb97388d8674aae90a',-12,'2026-04-13 14:15:14'),('fe284f7bf97949428b35b75832f8639a','sale','f1e44f88444c4410aa63275cbc35ea8e','veh_sp_small','cd2dea827fcf4895a774acd8eac4d671',-8,'2026-04-13 10:29:51'),('fe5de16714204bda96710d362cae8413','sale','f197fbf39c2c47288fcf8d1df2a02375','veh_sp_small','e317a13efa21456db1113bb2aeb8e5f9',-12,'2026-04-16 15:06:25'),('feb508e1aced499b9668c410686909ed','sale','680efd3dd02a48759ea3d9d6bcd1e9d7','veh_sp_small','243e994795ca489cb8aec60cf2bc1d97',-10,'2026-04-14 17:36:52'),('ff8da8b37fef4bf69d50b1a39f7b3222','sale','3c0bc3cd0f64469a9195ca62d8890aea','veh_sp_small','8c49f08a935a4e7d801f7baf224adfcb',-6,'2026-04-16 15:17:39'),('ff9ce29f80e34f88af360ba3dbca307d','sale','38916faf2e4a4b60842ac53920e1bc92','veh_sp_small','705cd0f20402438588cc6469a8f0cc94',10,'2026-04-13 15:51:39'),('ffaab8800a2c4ba39a42306b165c33fa','sale','94872b34ba1549819cdec945396ce5f2','veh_sp_small','3030165e94604fd48375b5402474e9b3',10,'2026-04-13 18:14:26'),('ffe46ad6f29e42079beb4940455b073b','sale','af8438cc60d748578510f82cc3f1788c','veh_sp_small','458bfa78512043db9bbe57871878e7fe',-12,'2026-04-14 23:20:40');
/*!40000 ALTER TABLE `wh_ledger` ENABLE KEYS */;
UNLOCK TABLES;

--
-- Table structure for table `wh_outbound_doc`
--

DROP TABLE IF EXISTS `wh_outbound_doc`;
/*!40101 SET @saved_cs_client     = @@character_set_client */;
/*!50503 SET character_set_client = utf8mb4 */;
CREATE TABLE `wh_outbound_doc` (
  `id` varchar(32) NOT NULL COMMENT '主键ID',
  `code` varchar(50) NOT NULL COMMENT '单据编号',
  `salesperson_id` varchar(32) NOT NULL COMMENT '业务员账户ID',
  `warehouse_id` varchar(32) NOT NULL COMMENT '出库仓库ID',
  `doc_date` date NOT NULL COMMENT '单据日期',
  `remark` varchar(500) DEFAULT NULL COMMENT '备注',
  `status` varchar(10) NOT NULL DEFAULT 'draft' COMMENT '状态: draft/posted/voided',
  `total_qty` int DEFAULT '0' COMMENT '总袋数',
  `total_amount` decimal(12,2) DEFAULT '0.00' COMMENT '总金额',
  `created_at` datetime NOT NULL DEFAULT CURRENT_TIMESTAMP COMMENT '创建时间',
  `updated_at` datetime NOT NULL DEFAULT CURRENT_TIMESTAMP ON UPDATE CURRENT_TIMESTAMP COMMENT '更新时间',
  PRIMARY KEY (`id`),
  UNIQUE KEY `uk_code` (`code`),
  KEY `idx_salesperson_id` (`salesperson_id`),
  KEY `idx_warehouse_id` (`warehouse_id`),
  KEY `idx_doc_date` (`doc_date`),
  KEY `idx_status` (`status`)
) ENGINE=InnoDB DEFAULT CHARSET=utf8mb4 COLLATE=utf8mb4_0900_ai_ci COMMENT='出库单主表';
/*!40101 SET character_set_client = @saved_cs_client */;

--
-- Dumping data for table `wh_outbound_doc`
--

LOCK TABLES `wh_outbound_doc` WRITE;
/*!40000 ALTER TABLE `wh_outbound_doc` DISABLE KEYS */;
INSERT INTO `wh_outbound_doc` VALUES ('01b458de8ee949e195a1770078c7cb84','OUT1775813485264','sp_big','main','2026-04-09','大车4.10号装车','posted',200,0.00,'2026-04-10 17:31:25','2026-04-10 17:31:25');
/*!40000 ALTER TABLE `wh_outbound_doc` ENABLE KEYS */;
UNLOCK TABLES;

--
-- Table structure for table `wh_outbound_line`
--

DROP TABLE IF EXISTS `wh_outbound_line`;
/*!40101 SET @saved_cs_client     = @@character_set_client */;
/*!50503 SET character_set_client = utf8mb4 */;
CREATE TABLE `wh_outbound_line` (
  `id` varchar(32) NOT NULL COMMENT '主键ID',
  `doc_id` varchar(32) NOT NULL COMMENT '出库单ID',
  `product_id` varchar(32) NOT NULL COMMENT '商品ID',
  `box_qty` int DEFAULT '0' COMMENT '箱数',
  `qty` int NOT NULL DEFAULT '0' COMMENT '袋数',
  `price` decimal(10,2) NOT NULL DEFAULT '0.00' COMMENT '单价',
  `amount` decimal(12,2) NOT NULL DEFAULT '0.00' COMMENT '金额',
  PRIMARY KEY (`id`),
  KEY `idx_doc_id` (`doc_id`),
  KEY `idx_product_id` (`product_id`)
) ENGINE=InnoDB DEFAULT CHARSET=utf8mb4 COLLATE=utf8mb4_0900_ai_ci COMMENT='出库单明细表';
/*!40101 SET character_set_client = @saved_cs_client */;

--
-- Dumping data for table `wh_outbound_line`
--

LOCK TABLES `wh_outbound_line` WRITE;
/*!40000 ALTER TABLE `wh_outbound_line` DISABLE KEYS */;
INSERT INTO `wh_outbound_line` VALUES ('57e72678d4044a9690bb871c335c22cf','01b458de8ee949e195a1770078c7cb84','243e994795ca489cb8aec60cf2bc1d97',20,200,0.00,0.00);
/*!40000 ALTER TABLE `wh_outbound_line` ENABLE KEYS */;
UNLOCK TABLES;

--
-- Table structure for table `wh_product`
--

DROP TABLE IF EXISTS `wh_product`;
/*!40101 SET @saved_cs_client     = @@character_set_client */;
/*!50503 SET character_set_client = utf8mb4 */;
CREATE TABLE `wh_product` (
  `id` varchar(32) NOT NULL COMMENT '主键ID',
  `code` varchar(50) NOT NULL COMMENT '商品编码',
  `name` varchar(200) NOT NULL COMMENT '商品名称',
  `image_url` varchar(500) DEFAULT NULL COMMENT '商品图片地址',
  `barcode` varchar(64) DEFAULT NULL COMMENT '条形码',
  `supplier_id` varchar(32) DEFAULT NULL COMMENT '供应商ID',
  `unit` varchar(20) DEFAULT '袋' COMMENT '基础单位(袋)',
  `box_qty` int DEFAULT '1' COMMENT '每箱袋数',
  `shelf_days` int DEFAULT '365' COMMENT '保质期(天)',
  `purchase_price` decimal(10,2) DEFAULT '0.00' COMMENT '采购价',
  `sale_price` decimal(10,2) DEFAULT '0.00' COMMENT '销售价',
  `status` varchar(10) NOT NULL DEFAULT 'active' COMMENT '状态: active/inactive',
  `created_at` datetime NOT NULL DEFAULT CURRENT_TIMESTAMP COMMENT '创建时间',
  `updated_at` datetime NOT NULL DEFAULT CURRENT_TIMESTAMP ON UPDATE CURRENT_TIMESTAMP COMMENT '更新时间',
  PRIMARY KEY (`id`),
  UNIQUE KEY `uk_code` (`code`),
  KEY `idx_supplier_id` (`supplier_id`)
) ENGINE=InnoDB DEFAULT CHARSET=utf8mb4 COLLATE=utf8mb4_0900_ai_ci COMMENT='商品表';
/*!40101 SET character_set_client = @saved_cs_client */;

--
-- Dumping data for table `wh_product`
--

LOCK TABLES `wh_product` WRITE;
/*!40000 ALTER TABLE `wh_product` DISABLE KEYS */;
INSERT INTO `wh_product` VALUES ('053878a2ede34e459ddca41c38ac658d','SP1775905594906','长条酥',NULL,'6974409460458','9c1f60cd6546479ca6112759dc4a6e59','袋',15,270,0.00,7.50,'active','2026-04-11 19:06:34','2026-04-11 19:06:34'),('0752ebd7a81b40d883f1a82e531a5606','SP1775803516897','400克钙饼干',NULL,'6971334870710','bf7dabd448b747028fdf133a353d5173','袋',20,270,0.00,4.00,'active','2026-04-10 14:45:16','2026-04-10 14:45:16'),('0f9dd6bec55447c7b9f393af59c3c286','SP1775802858789','芋头酥',NULL,'6973778930012','cb2833c7279949da92d3ade6a01747fc','袋',10,180,0.00,8.00,'active','2026-04-10 14:34:18','2026-04-10 14:34:18'),('132662dfb6f749089ab2be0d75a0e106','SP1775802741930','无糖蛋糕',NULL,'6975673500499','78e8110121744f1c9d30c74a2db08527','袋',12,150,0.00,8.00,'active','2026-04-10 14:32:21','2026-04-10 14:32:21'),('17b677c9d851427bb9ee33040e0ee92b','SP1775905629715','荞麦酥',NULL,'6974409460359','9c1f60cd6546479ca6112759dc4a6e59','袋',15,270,0.00,7.50,'active','2026-04-11 19:07:09','2026-04-11 19:07:09'),('1bbd4938f0414180b6b53bea106a3ca0','SP1775971577558','米花糖白糖',NULL,'6974409460472','9c1f60cd6546479ca6112759dc4a6e59','袋',15,270,0.00,7.50,'active','2026-04-12 13:26:17','2026-04-12 13:26:17'),('1ffb3e0518814cbb97388d8674aae90a','SP1775803860098','袋桃酥',NULL,'6975109590001','93bc2cec18524c3797b0da764b094b61','袋',12,270,0.00,8.00,'active','2026-04-10 14:51:00','2026-04-10 14:51:00'),('243e994795ca489cb8aec60cf2bc1d97','SP1775803668514','手工麻花',NULL,'6973781260007','11657ed09ad64624ba23fcb3ca81fbfc','袋',10,120,0.00,8.00,'active','2026-04-10 14:47:48','2026-04-10 14:47:48'),('26f4a7ebb4ae4587a5269bd32e69fa8c','SP1775971211737','多情果蜂蜜葡萄味',NULL,'6973501443666','0bd3ffe963d043ab8dcd23b5c4a94bb8','袋',10,365,0.00,3.50,'active','2026-04-12 13:20:11','2026-04-12 13:20:11'),('2ee4a2a6df9d4caa8ce6b5e0c8a2d56d','SP1775971503951','绿豆酥',NULL,'6975605530662','4f8618d91c3142b09db86e87e76cb637','袋',15,120,0.00,7.50,'active','2026-04-12 13:25:03','2026-04-12 13:25:03'),('3030165e94604fd48375b5402474e9b3','SP1775803323739','小老面包',NULL,'6970465610691','da3aa220c9c44f408f41fc1a6a4a146c','袋',10,180,0.00,4.00,'active','2026-04-10 14:42:03','2026-04-10 14:42:03'),('32d4186fd29a4311aada5b21e466de91','SP1775971152950','多情果荔枝味',NULL,'6973501443673','0bd3ffe963d043ab8dcd23b5c4a94bb8','袋',10,365,0.00,3.50,'active','2026-04-12 13:19:12','2026-04-12 13:19:12'),('458bfa78512043db9bbe57871878e7fe','SP1775803416560','红枣蛋糕',NULL,'6931669887302','4ae1681683704bdcae01201af511992e','袋',12,150,0.00,4.00,'active','2026-04-10 14:43:36','2026-04-10 14:43:36'),('4b677dc8979a425293b41c77bbe14fa8','SP1775803024943','小米面包',NULL,'6970935120088','44f2579fd1d047afb43abc1474d2ad93','袋',12,180,0.00,8.00,'active','2026-04-10 14:37:04','2026-04-10 14:37:04'),('53da4c7539644b60970085acba6781a5','SP1775905061204','白芝麻',NULL,'6972266120898','63ad1e1acd544ac189d92b92810f4419','袋',12,270,0.00,7.50,'active','2026-04-11 18:57:41','2026-04-11 18:57:41'),('575f9a3958f84526a45a94f154f672ed','SP1775971528173','板栗酥',NULL,'6975605530990','4f8618d91c3142b09db86e87e76cb637','袋',15,120,0.00,7.50,'active','2026-04-12 13:25:28','2026-04-12 13:25:28'),('57e9c215273641e3a67f2151c07ab337','SP1775803560463','500克钙饼干',NULL,'6971334870208','bf7dabd448b747028fdf133a353d5173','袋',20,180,0.00,4.50,'active','2026-04-10 14:46:00','2026-04-10 14:46:00'),('58edc8d15e5f4810a414c0941222b78a','SP1775905477533','牛奶面包',NULL,'6979207570071','29cfb6efd20045c5ba4813b5c46f7b14','袋',8,180,0.00,7.50,'active','2026-04-11 19:04:37','2026-04-11 19:04:37'),('6486accd8ec84ff79c7cdea3367b1ad8','SP1775972589991','散称桃酥7斤',NULL,'1','93bc2cec18524c3797b0da764b094b61','袋',1,180,0.00,35.00,'active','2026-04-12 13:43:09','2026-04-12 13:43:09'),('705cd0f20402438588cc6469a8f0cc94','SP1775803106947','大切片',NULL,'6971696851006','deb210891e434f9f9aceb7846a7434f2','袋',10,150,0.00,8.00,'active','2026-04-10 14:38:26','2026-04-10 14:38:26'),('78e9127977ce41bca94809e78f373a89','SP1776036692504','坚果贝贝蛋糕',NULL,'6975016763000','ca6d0b836b4b41edbb182ce1d6632bb8','袋',12,365,0.00,7.50,'active','2026-04-13 07:31:32','2026-04-13 07:31:32'),('84f5a14353be44aab5d762bd086a9a2b','SP1775867617568','迷你蛋皮海苔',NULL,'6974678031663','a1af724950a54684ba64a630dfbc73b6','袋',12,120,0.00,8.00,'active','2026-04-11 08:33:37','2026-04-11 08:33:37'),('871ef55e9c0a4d678b4da46520d9892a','SP1775803381337','江米条',NULL,'6973634890030','0eaebd148164479ba3599cb2b2d88cbf','袋',12,180,0.00,4.00,'active','2026-04-10 14:43:01','2026-04-10 14:43:01'),('8ae1231378cc4717987a6bb6b20dd383','SP1775867377774','牛抵头',NULL,'6927180110000','3ef7ecc47289472e95bd602ac84dcc98','袋',15,270,0.00,3.50,'active','2026-04-11 08:29:37','2026-04-11 08:29:37'),('8c49f08a935a4e7d801f7baf224adfcb','SP1775970845284','迷你蛋皮肉松',NULL,'6974678031656','a1af724950a54684ba64a630dfbc73b6','袋',12,120,0.00,8.00,'active','2026-04-12 13:14:05','2026-04-12 13:14:05'),('8e3a6f2f07dd421bad58749618c41409','SP1775803713169','馓子',NULL,'6974976260215','82015d2060114bb59c8e4b70bd0dfc90','袋',15,120,0.00,8.00,'active','2026-04-10 14:48:33','2026-04-10 14:48:33'),('900e1480a9c4482b830eed25bdd37a91','SP1775803156647','大老面包',NULL,'6970465610707','da3aa220c9c44f408f41fc1a6a4a146c','袋',8,120,0.00,8.00,'active','2026-04-10 14:39:16','2026-04-10 14:39:16'),('93962c4a47664039919691eb044c3f2c','SP1775971029474','芝麻酥红糖',NULL,'6975807470704','cd47670970554cd1901dd78bc6c47255','袋',12,180,0.00,7.50,'active','2026-04-12 13:17:09','2026-04-12 13:17:09'),('94c3b4a6da884f9aac9604883866cd5b','SP1776323598033','利庄村烧饼',NULL,'6979308350015','cd47670970554cd1901dd78bc6c47255','袋',15,240,0.00,7.50,'active','2026-04-16 15:13:18','2026-04-16 15:13:18'),('988f4f00e2384732845f18f22615b743','SP1775804070099','韩式爆米花',NULL,'6974409460045','9c1f60cd6546479ca6112759dc4a6e59','袋',15,270,0.00,7.50,'active','2026-04-10 14:54:30','2026-04-10 14:54:30'),('991d1b867e3d4c92b5723a55cb902475','SP1775971181889','多情果蜂蜜',NULL,'6973501443697','0bd3ffe963d043ab8dcd23b5c4a94bb8','袋',10,365,0.00,3.50,'active','2026-04-12 13:19:41','2026-04-12 13:19:41'),('99e3f41e2a784934ad25a3c65a8c0f44','SP1775804004640','沙其玛',NULL,'6973634890016','0eaebd148164479ba3599cb2b2d88cbf','袋',24,180,0.00,4.00,'active','2026-04-10 14:53:24','2026-04-10 14:53:24'),('9fe73b50b85743fb8885da5a0d208f20','SP1775905675043','小蛋糕',NULL,'6931669801308','4ae1681683704bdcae01201af511992e','袋',10,150,0.00,4.50,'active','2026-04-11 19:07:55','2026-04-11 19:07:55'),('aece7f5d92174de0b758d459810ffcb1','SP1776048415276','拉丝小米面包',NULL,'6970935120040','44f2579fd1d047afb43abc1474d2ad93','袋',12,150,0.00,8.00,'active','2026-04-13 10:46:55','2026-04-13 10:46:55'),('b05cf5529def48719b9cfe7a57bb5b80','SP1775803240723','鲜面包',NULL,'6976732772345','ed4e16d937e345a5b47dd0b4bd9bf92c','袋',6,120,0.00,8.00,'active','2026-04-10 14:40:40','2026-04-10 14:40:40'),('b36351f34f14494db993f641267f36a5','SP1775803288277','海绵蛋糕',NULL,'6931669800028','4ae1681683704bdcae01201af511992e','袋',12,150,0.00,4.00,'active','2026-04-10 14:41:28','2026-04-10 14:41:28'),('b676da29b65e4f7d944794f731af9d18','SP1775803200147','糟子糕',NULL,'6976027310016','b320727132e543f7940d8c3704aa5df6','袋',10,150,0.00,8.00,'active','2026-04-10 14:40:00','2026-04-10 14:40:00'),('b87a6361b74641ffa5e413dc3ce35581','SP1775905283144','芝麻酥椒盐',NULL,'6975807470629','cd47670970554cd1901dd78bc6c47255','袋',12,180,0.00,7.50,'active','2026-04-11 19:01:23','2026-04-11 19:01:23'),('bdd99bce7785474a9e6b56ffc6a5903e','SP1775803613246','蜂蜜蛋糕',NULL,'6979207570026','29cfb6efd20045c5ba4813b5c46f7b14','袋',6,180,0.00,7.50,'active','2026-04-10 14:46:53','2026-04-10 14:46:53'),('bf056893846741c3b1b8e25f219b2781','SP1776048669898','蛋卷',NULL,'6977181720066','8aa10abdff954120b435b6ba55156314','袋',8,180,0.00,7.50,'active','2026-04-13 10:51:09','2026-04-13 10:51:09'),('c4876524e53f4418be0837a94642d81f','SP1775971604084','米花糖黑糖',NULL,'6974409460465','9c1f60cd6546479ca6112759dc4a6e59','袋',15,270,0.00,7.50,'active','2026-04-12 13:26:44','2026-04-12 13:26:44'),('c75e167ff4a54177a7c9fd6bb10686b1','SP1776306182691','芝麻酥饼',NULL,'6976033900003','cd47670970554cd1901dd78bc6c47255','袋',36,180,0.00,5.50,'active','2026-04-16 10:23:02','2026-04-16 10:23:02'),('cd2dea827fcf4895a774acd8eac4d671','SP1775802938111','麻叶',NULL,'6974741891118','46c94ae8ed3e46058af9eeb2047874fe','袋',8,70,0.00,8.00,'active','2026-04-10 14:35:38','2026-04-10 14:35:38'),('ce484eae8b974f448f8316d0323b3826','SP1775972175405','老婆饼',NULL,'1','8caa85d23bc84410a86c5ee1b09e7f68','袋',1,180,0.00,45.00,'active','2026-04-12 13:36:15','2026-04-12 13:36:15'),('cfdf35790cbf4ce5babfc77dfad113c8','SP1776036738192','芋泥味奶贝蛋糕',NULL,'6975016762041','ca6d0b836b4b41edbb182ce1d6632bb8','袋',12,365,0.00,7.50,'active','2026-04-13 07:32:18','2026-04-13 07:32:18'),('d75c5c564e2e4cd9be68ee4e68db643c','SP1775972463767','散称桃酥14斤',NULL,'1','9fc4460ccf2246fc9c694bb65d63fbbc','袋',1,180,0.00,80.00,'active','2026-04-12 13:41:03','2026-04-12 13:41:03'),('d83e34b786f04a3cbe7917fb4bf0ff15','SP1776307597846','芝麻酥白芝麻',NULL,'6979308350008','cd47670970554cd1901dd78bc6c47255','袋',10,240,0.00,7.50,'active','2026-04-16 10:46:37','2026-04-16 10:46:37'),('dedb3818f0204a198eea338c1a74b48c','SP1776048318086','馓子',NULL,'6974976260000','82015d2060114bb59c8e4b70bd0dfc90','袋',15,120,0.00,8.00,'active','2026-04-13 10:45:18','2026-04-13 10:45:18'),('e0213a7bf1c04790ac037e20fb20680c','SP1775971877985','休闲果子',NULL,'1','49e26943eb934caea60a8647f38d7678','袋',16,180,0.00,4.00,'active','2026-04-12 13:31:17','2026-04-12 13:31:17'),('e317a13efa21456db1113bb2aeb8e5f9','SP1775803756889','大月饼',NULL,'6976027310238','b320727132e543f7940d8c3704aa5df6','袋',12,180,0.00,8.00,'active','2026-04-10 14:49:16','2026-04-10 14:49:16'),('e691aa957798446eb7746f5a958833b7','SP1775905033235','黑芝麻',NULL,'6972266120881','63ad1e1acd544ac189d92b92810f4419','袋',12,270,0.00,7.50,'active','2026-04-11 18:57:13','2026-04-11 18:57:13'),('f116ee56a4804fe2bbfc8db4d3325cc0','SP1775803898427','蛋卷',NULL,'6977181880070','8aa10abdff954120b435b6ba55156314','袋',8,180,0.00,7.50,'active','2026-04-10 14:51:38','2026-04-10 14:51:38'),('fe184c1459aa4f85b98e62d42b58f6bd','SP1775971234336','多情果蜂蜜草莓味',NULL,'6973501444250','0bd3ffe963d043ab8dcd23b5c4a94bb8','袋',10,365,0.00,3.50,'active','2026-04-12 13:20:34','2026-04-12 13:20:34');
/*!40000 ALTER TABLE `wh_product` ENABLE KEYS */;
UNLOCK TABLES;

--
-- Table structure for table `wh_return_doc`
--

DROP TABLE IF EXISTS `wh_return_doc`;
/*!40101 SET @saved_cs_client     = @@character_set_client */;
/*!50503 SET character_set_client = utf8mb4 */;
CREATE TABLE `wh_return_doc` (
  `id` varchar(32) NOT NULL COMMENT '主键ID',
  `code` varchar(50) NOT NULL COMMENT '单据编号',
  `salesperson_id` varchar(32) NOT NULL COMMENT '业务员账户ID',
  `store_id` varchar(32) NOT NULL COMMENT '门店ID',
  `doc_date` date NOT NULL COMMENT '单据日期',
  `return_type` varchar(20) NOT NULL DEFAULT 'vehicle_return' COMMENT '退货类型',
  `from_warehouse_id` varchar(32) DEFAULT NULL COMMENT '退货来源仓库',
  `to_warehouse_id` varchar(32) DEFAULT NULL COMMENT '退货目标仓库',
  `remark` varchar(500) DEFAULT NULL COMMENT '备注',
  `status` varchar(10) NOT NULL DEFAULT 'draft' COMMENT '状态: draft/posted/voided',
  `total_qty` int DEFAULT '0' COMMENT '总袋数',
  `total_amount` decimal(12,2) DEFAULT '0.00' COMMENT '总金额',
  `created_at` datetime NOT NULL DEFAULT CURRENT_TIMESTAMP COMMENT '创建时间',
  `updated_at` datetime NOT NULL DEFAULT CURRENT_TIMESTAMP ON UPDATE CURRENT_TIMESTAMP COMMENT '更新时间',
  PRIMARY KEY (`id`),
  UNIQUE KEY `uk_code` (`code`),
  KEY `idx_salesperson_id` (`salesperson_id`),
  KEY `idx_store_id` (`store_id`),
  KEY `idx_doc_date` (`doc_date`),
  KEY `idx_status` (`status`)
) ENGINE=InnoDB DEFAULT CHARSET=utf8mb4 COLLATE=utf8mb4_0900_ai_ci COMMENT='退货单主表';
/*!40101 SET character_set_client = @saved_cs_client */;

--
-- Dumping data for table `wh_return_doc`
--

LOCK TABLES `wh_return_doc` WRITE;
/*!40000 ALTER TABLE `wh_return_doc` DISABLE KEYS */;
INSERT INTO `wh_return_doc` VALUES ('01cd2e01a758489ea0ce0a896ac88870','RT1776327520317','sp_small','4ba2876d636c45fc9a3c5d47dd176e91','2026-04-15','vehicle_return','veh_sp_small',NULL,NULL,'posted',8,32.00,'2026-04-16 16:18:40','2026-04-16 16:18:40'),('13257ffc439a406bb8c658847d9d3fd4','RT1776327387072','sp_small','bb385a5ac4e245799d15ded1cc2548f9','2026-04-15','vehicle_return','veh_sp_small',NULL,NULL,'posted',3,22.50,'2026-04-16 16:16:27','2026-04-16 16:16:27'),('14c92bfd61e34395bd089f0d1836b601','RT1776173596485','sp_small','bf601b29031e4096bc49d7c0ab37860b','2026-04-13','vehicle_return','veh_sp_small',NULL,NULL,'posted',6,41.00,'2026-04-14 21:33:16','2026-04-14 21:33:16'),('1e3dcf82d85d4348a47029ad4bd17a84','RT1776318985775','sp_small','4ba2876d636c45fc9a3c5d47dd176e91','2026-04-15','vehicle_return','veh_sp_small',NULL,NULL,'posted',8,32.00,'2026-04-16 13:56:25','2026-04-16 13:56:25'),('23f9be348af74cd1adaad47e9b0dd56f','RT1776263953529','sp_small','7f673c69c99b4637b139e7a0df5f42ef','2026-04-14','vehicle_return','veh_sp_small',NULL,NULL,'posted',5,32.00,'2026-04-15 22:39:13','2026-04-15 22:39:13'),('3269c5f415b540c0a52a2ee12416ed46','RT1775745212088','sp_big','st12','2026-04-08','vehicle_return','veh_sp_big',NULL,NULL,'posted',2,90.00,'2026-04-09 22:33:32','2026-04-09 22:33:32'),('32facff243a44ab38296c1ad19489c94','RT1776294355292','sp_small','1f290d389faf44b5a135cf3f7bdee09b','2026-04-15','vehicle_return','veh_sp_small',NULL,NULL,'posted',4,30.50,'2026-04-16 07:05:55','2026-04-16 07:05:55'),('3ac8080ebae94ca09e9b8d0dee867968','RT1776323859615','sp_small','5451607fb03c437a826f26e9e0d6539a','2026-04-15','vehicle_return','veh_sp_small',NULL,NULL,'posted',3,22.50,'2026-04-16 15:17:39','2026-04-16 15:17:39'),('3f44464f027a45d5a40e39d92392cba7','RT1776294423878','sp_small','1f290d389faf44b5a135cf3f7bdee09b','2026-04-15','vehicle_return','veh_sp_small',NULL,NULL,'posted',1,8.00,'2026-04-16 07:07:03','2026-04-16 07:07:03'),('416909e6c4c14f5eaae9e9be4c6d94af','RT1775996088086','sp_small','d463b4b16e644cb4a72e4fa84f624a90','2026-04-11','vehicle_return','veh_sp_small',NULL,NULL,'posted',3,13.50,'2026-04-12 20:14:48','2026-04-12 20:14:48'),('4f34518cfe1a4c2ab488865ddf7e7622','RT1776178213639','sp_small','bf601b29031e4096bc49d7c0ab37860b','2026-04-13','vehicle_return','veh_sp_small',NULL,NULL,'posted',11,88.00,'2026-04-14 22:50:13','2026-04-14 22:50:13'),('5444c07df7b249888f65e18764c545e3','RT1776263726586','sp_small','7f673c69c99b4637b139e7a0df5f42ef','2026-04-14','vehicle_return','veh_sp_small',NULL,NULL,'posted',4,31.00,'2026-04-15 22:35:26','2026-04-15 22:35:26'),('5a41b9a552e64382a5006f06731282d4','RT1776327267867','sp_small','bb385a5ac4e245799d15ded1cc2548f9','2026-04-15','vehicle_return','veh_sp_small',NULL,NULL,'posted',3,22.50,'2026-04-16 16:14:27','2026-04-16 16:14:27'),('659111cd76e24292951131b2723e1c3d','RT1775450785347','sp_big','st1','2026-04-05','vehicle_return','veh_sp_big',NULL,NULL,'posted',1,45.00,'2026-04-06 12:46:25','2026-04-06 12:46:25'),('71f9dabf0e0e4aeeb9cf980722e5d4a7','RT1776158336348','sp_small','bf601b29031e4096bc49d7c0ab37860b','2026-04-13','vehicle_return','veh_sp_small',NULL,NULL,'posted',19,83.00,'2026-04-14 17:18:56','2026-04-14 17:18:56'),('72352d470ca646f390cd03d8a844f522','RT1776159412894','sp_small','bf601b29031e4096bc49d7c0ab37860b','2026-04-13','vehicle_return','veh_sp_small',NULL,NULL,'posted',31,236.50,'2026-04-14 17:36:52','2026-04-14 17:36:52'),('92b1da3bf2884cb195a07b7053668cc6','RT1776294434320','sp_small','1f290d389faf44b5a135cf3f7bdee09b','2026-04-15','vehicle_return','veh_sp_small',NULL,NULL,'posted',1,8.00,'2026-04-16 07:07:14','2026-04-16 07:07:14'),('92d060a879c44fa6b5139eea2770cc33','RT1776309175997','sp_small','bb385a5ac4e245799d15ded1cc2548f9','2026-04-15','vehicle_return','veh_sp_small',NULL,NULL,'posted',3,22.50,'2026-04-16 11:12:55','2026-04-16 11:12:55'),('9870464e7e814dcf8f505e2492cb7343','RT1776327503445','sp_small','4ba2876d636c45fc9a3c5d47dd176e91','2026-04-15','vehicle_return','veh_sp_small',NULL,NULL,'posted',8,32.00,'2026-04-16 16:18:23','2026-04-16 16:18:23'),('9c071899398b40fcae1a08bf552a9c90','RT1776180040711','sp_small','bf601b29031e4096bc49d7c0ab37860b','2026-04-13','vehicle_return','veh_sp_small',NULL,NULL,'posted',9,72.00,'2026-04-14 23:20:40','2026-04-14 23:20:40'),('a7a8c24b238843ef831ee45f5985b5fd','RT1776259588242','sp_small','7f673c69c99b4637b139e7a0df5f42ef','2026-04-14','vehicle_return','veh_sp_small',NULL,NULL,'posted',1,8.00,'2026-04-15 21:26:28','2026-04-15 21:26:28'),('ab9c79f4a045491f803f604a1e114b11','RT1776327346311','sp_small','bb385a5ac4e245799d15ded1cc2548f9','2026-04-15','vehicle_return','veh_sp_small',NULL,NULL,'posted',3,22.50,'2026-04-16 16:15:46','2026-04-16 16:15:46'),('bd9cd092b0954ea9ac1b824429df7706','RT1776263716535','sp_small','7f673c69c99b4637b139e7a0df5f42ef','2026-04-14','vehicle_return','veh_sp_small',NULL,NULL,'posted',4,31.00,'2026-04-15 22:35:16','2026-04-15 22:35:16'),('c4e8c752b3a84365a7483c5034466da2','RT1776347678589','sp_big','94837a015ca248a7933cfdb10a77c940','2026-04-15','vehicle_return','veh_sp_big',NULL,NULL,'posted',6,44.00,'2026-04-16 21:54:38','2026-04-16 21:54:38'),('c62d7fdac3f140a5903b1eb3f6ee6e96','RT1776259597605','sp_small','7f673c69c99b4637b139e7a0df5f42ef','2026-04-14','vehicle_return','veh_sp_small',NULL,NULL,'posted',1,8.00,'2026-04-15 21:26:37','2026-04-15 21:26:37'),('cf1cf41086a44ee1ac74fc077f5392a1','RT1776309089315','sp_small','bb385a5ac4e245799d15ded1cc2548f9','2026-04-15','vehicle_return','veh_sp_small',NULL,NULL,'posted',3,22.50,'2026-04-16 11:11:29','2026-04-16 11:11:29'),('d71273087edf4c419d587b866ae87250','RT1775983544211','sp_small','d82fe95243104849baecea0700907a0e','2026-04-11','vehicle_return','veh_sp_small',NULL,NULL,'posted',24,192.00,'2026-04-12 16:45:44','2026-04-12 16:45:44'),('e11a64f36e0647eda2d25a29c8d09493','RT1776307753108','sp_small','bb385a5ac4e245799d15ded1cc2548f9','2026-04-15','vehicle_return','veh_sp_small',NULL,NULL,'posted',3,22.50,'2026-04-16 10:49:13','2026-04-16 10:49:13'),('e3d655935645468cb613d2d17de5a5fd','RT1776158504227','sp_small','bf601b29031e4096bc49d7c0ab37860b','2026-04-13','vehicle_return','veh_sp_small',NULL,NULL,'posted',19,83.00,'2026-04-14 17:21:44','2026-04-14 17:21:44'),('eafc5a1b3ad54310bcaad59aeafd9e88','RT1776309275440','sp_small','bb385a5ac4e245799d15ded1cc2548f9','2026-04-15','vehicle_return','veh_sp_small',NULL,NULL,'posted',3,22.50,'2026-04-16 11:14:35','2026-04-16 11:14:35'),('eb748a3fa19c47a096b7b350b244030d','RT1775734620902','sp_big','st10','2026-04-08','vehicle_return','veh_sp_big',NULL,NULL,'posted',2,74.00,'2026-04-09 19:37:00','2026-04-09 19:37:00'),('f3034a90abd34418bb5a83c4d63ddad7','RT1776233164541','sp_small','bf601b29031e4096bc49d7c0ab37860b','2026-04-14','vehicle_return','veh_sp_small',NULL,NULL,'posted',2,16.00,'2026-04-15 14:06:04','2026-04-15 14:06:04'),('fc2166f036614b13848bb3de0e99c79b','RT1775451208539','sp_big','st1','2026-04-05','vehicle_return','veh_sp_big',NULL,NULL,'posted',1,45.00,'2026-04-06 12:53:28','2026-04-06 12:53:28'),('fca7660042ad45e5923db4f66d888817','RT1776318068653','sp_small','b4650eed52c340cab737c545f06185f0','2026-04-15','vehicle_return','veh_sp_small',NULL,NULL,'posted',9,67.50,'2026-04-16 13:41:08','2026-04-16 13:41:08'),('fd1cdc5a41614e8aa6a398ed281d765d','RT1776259514879','sp_small','7f673c69c99b4637b139e7a0df5f42ef','2026-04-14','vehicle_return','veh_sp_small',NULL,NULL,'posted',13,98.50,'2026-04-15 21:25:14','2026-04-15 21:25:14');
/*!40000 ALTER TABLE `wh_return_doc` ENABLE KEYS */;
UNLOCK TABLES;

--
-- Table structure for table `wh_return_line`
--

DROP TABLE IF EXISTS `wh_return_line`;
/*!40101 SET @saved_cs_client     = @@character_set_client */;
/*!50503 SET character_set_client = utf8mb4 */;
CREATE TABLE `wh_return_line` (
  `id` varchar(32) NOT NULL COMMENT '主键ID',
  `doc_id` varchar(32) NOT NULL COMMENT '退货单ID',
  `product_id` varchar(32) NOT NULL COMMENT '商品ID',
  `box_qty` int DEFAULT '0' COMMENT '箱数',
  `qty` int NOT NULL DEFAULT '0' COMMENT '袋数',
  `price` decimal(10,2) NOT NULL DEFAULT '0.00' COMMENT '单价',
  `amount` decimal(12,2) NOT NULL DEFAULT '0.00' COMMENT '金额',
  PRIMARY KEY (`id`),
  KEY `idx_doc_id` (`doc_id`),
  KEY `idx_product_id` (`product_id`)
) ENGINE=InnoDB DEFAULT CHARSET=utf8mb4 COLLATE=utf8mb4_0900_ai_ci COMMENT='退货单明细表';
/*!40101 SET character_set_client = @saved_cs_client */;

--
-- Dumping data for table `wh_return_line`
--

LOCK TABLES `wh_return_line` WRITE;
/*!40000 ALTER TABLE `wh_return_line` DISABLE KEYS */;
INSERT INTO `wh_return_line` VALUES ('0acad8d4574a4b93b87d56dfd6a90b10','01cd2e01a758489ea0ce0a896ac88870','99e3f41e2a784934ad25a3c65a8c0f44',0,3,4.00,12.00),('129751d89c7a43b3a961a29caf3db2d4','23f9be348af74cd1adaad47e9b0dd56f','57e9c215273641e3a67f2151c07ab337',0,2,4.50,9.00),('132dca04888e437888de7ee0276bbc9d','5444c07df7b249888f65e18764c545e3','1bbd4938f0414180b6b53bea106a3ca0',0,2,7.50,15.00),('26839821457d4cdfa4b6d5e4e740b2f7','fca7660042ad45e5923db4f66d888817','17b677c9d851427bb9ee33040e0ee92b',0,4,7.50,30.00),('2dd7cbc366154bf09aaa71fc7041e4b9','e3d655935645468cb613d2d17de5a5fd','84f5a14353be44aab5d762bd086a9a2b',0,3,8.00,24.00),('311f1faf8cea482d8a38d351f0f2d7b2','72352d470ca646f390cd03d8a844f522','1ffb3e0518814cbb97388d8674aae90a',0,8,8.00,64.00),('338519c38c8f478dab1802905d2384db','1e3dcf82d85d4348a47029ad4bd17a84','99e3f41e2a784934ad25a3c65a8c0f44',0,3,4.00,12.00),('340c8d554ac74b21a67a20f346f6f95b','14c92bfd61e34395bd089f0d1836b601','243e994795ca489cb8aec60cf2bc1d97',0,2,8.00,16.00),('4868f61d118c4e72875ce04b5dadfc0a','01cd2e01a758489ea0ce0a896ac88870','871ef55e9c0a4d678b4da46520d9892a',0,2,4.00,8.00),('498d4190ae4d4a688af6648bf2cfa080','e3d655935645468cb613d2d17de5a5fd','e0213a7bf1c04790ac037e20fb20680c',0,6,4.00,24.00),('5367a777967b4a339e15725d945b09d5','72352d470ca646f390cd03d8a844f522','58edc8d15e5f4810a414c0941222b78a',1,8,7.50,60.00),('58269785c555410e944f3e2d08e6eebb','3269c5f415b540c0a52a2ee12416ed46','p1',0,2,45.00,90.00),('5db14bea85c24e43aec3f5f915fa4768','c4e8c752b3a84365a7483c5034466da2','4b677dc8979a425293b41c77bbe14fa8',0,3,8.00,24.00),('653b686687194f9088a4fe13ba183b13','13257ffc439a406bb8c658847d9d3fd4','d83e34b786f04a3cbe7917fb4bf0ff15',0,3,7.50,22.50),('685be39b091548ff925293d013496280','23f9be348af74cd1adaad47e9b0dd56f','58edc8d15e5f4810a414c0941222b78a',0,2,7.50,15.00),('69407717b2634706b54d3eae3af05b46','9870464e7e814dcf8f505e2492cb7343','99e3f41e2a784934ad25a3c65a8c0f44',0,3,4.00,12.00),('6ab8e6800af04102bb691a9e632a4475','fd1cdc5a41614e8aa6a398ed281d765d','cd2dea827fcf4895a774acd8eac4d671',0,2,8.00,16.00),('7a9838938d304b76bf0ee1dd23b89f24','5a41b9a552e64382a5006f06731282d4','d83e34b786f04a3cbe7917fb4bf0ff15',0,3,7.50,22.50),('7bdf5f40e1c740cf89e2e3c09c87bf3c','3f44464f027a45d5a40e39d92392cba7','900e1480a9c4482b830eed25bdd37a91',0,1,8.00,8.00),('80bf3d45b1ca44a7bd6658af31859075','5444c07df7b249888f65e18764c545e3','1ffb3e0518814cbb97388d8674aae90a',0,2,8.00,16.00),('819f31eadf704f5890d183b284f9a95d','c4e8c752b3a84365a7483c5034466da2','3030165e94604fd48375b5402474e9b3',0,1,4.00,4.00),('84457f36cf9b4401ad08ccf5a16c3782','a7a8c24b238843ef831ee45f5985b5fd','900e1480a9c4482b830eed25bdd37a91',0,1,8.00,8.00),('85ddb75394e2468ebd34f04c2866cc77','1e3dcf82d85d4348a47029ad4bd17a84','871ef55e9c0a4d678b4da46520d9892a',0,2,4.00,8.00),('8623979675b94de3a5e91a0f90248183','9c071899398b40fcae1a08bf552a9c90','0f9dd6bec55447c7b9f393af59c3c286',0,6,8.00,48.00),('8de79e0aa49a43f490434c2882b024e5','bd9cd092b0954ea9ac1b824429df7706','1bbd4938f0414180b6b53bea106a3ca0',0,2,7.50,15.00),('8e51c23bb81349228b6ed7edcee82ce8','bd9cd092b0954ea9ac1b824429df7706','1ffb3e0518814cbb97388d8674aae90a',0,2,8.00,16.00),('92aa04bf3e984eee971f3c57d66b1c06','71f9dabf0e0e4aeeb9cf980722e5d4a7','84f5a14353be44aab5d762bd086a9a2b',0,3,8.00,24.00),('9529a1a2189845b5adb700e32bbdc08f','14c92bfd61e34395bd089f0d1836b601','57e9c215273641e3a67f2151c07ab337',0,2,4.50,9.00),('9b52b2bb89454aa6ab639e176ab85982','eb748a3fa19c47a096b7b350b244030d','p10',0,2,37.00,74.00),('9b8b53e6cf0540f9b06a35db6d02c701','92b1da3bf2884cb195a07b7053668cc6','900e1480a9c4482b830eed25bdd37a91',0,1,8.00,8.00),('9fde9234760944ec8dbb4b98558b67c5','71f9dabf0e0e4aeeb9cf980722e5d4a7','e0213a7bf1c04790ac037e20fb20680c',0,6,4.00,24.00),('a035f82b8111464eac6783ae42334d2d','c4e8c752b3a84365a7483c5034466da2','1ffb3e0518814cbb97388d8674aae90a',0,2,8.00,16.00),('a180c943b26d4b1f9342f37bbfd78845','416909e6c4c14f5eaae9e9be4c6d94af','57e9c215273641e3a67f2151c07ab337',0,3,4.50,13.50),('a231e43d8bfe463b9912a4612cc338cc','32facff243a44ab38296c1ad19489c94','2ee4a2a6df9d4caa8ce6b5e0c8a2d56d',0,3,7.50,22.50),('a45ca63dabd04539a26e337d01d3e82b','eafc5a1b3ad54310bcaad59aeafd9e88','d83e34b786f04a3cbe7917fb4bf0ff15',0,3,7.50,22.50),('a5259b08538649d8829897e62dcd1deb','e3d655935645468cb613d2d17de5a5fd','991d1b867e3d4c92b5723a55cb902475',1,10,3.50,35.00),('aacfbf0e947a4c77a8fe2e697499d69d','4f34518cfe1a4c2ab488865ddf7e7622','900e1480a9c4482b830eed25bdd37a91',0,11,8.00,88.00),('ac608df1c8104166b460e35cfcbf454f','f3034a90abd34418bb5a83c4d63ddad7','900e1480a9c4482b830eed25bdd37a91',0,2,8.00,16.00),('b065377a2b55489bb8c21c35956f9b85','fd1cdc5a41614e8aa6a398ed281d765d','575f9a3958f84526a45a94f154f672ed',0,8,7.50,60.00),('b20ec04ab8f14c9089c52a2ca7f35433','fca7660042ad45e5923db4f66d888817','575f9a3958f84526a45a94f154f672ed',0,4,7.50,30.00),('b3d80b85de8a4f68a78244483895bc67','e11a64f36e0647eda2d25a29c8d09493','d83e34b786f04a3cbe7917fb4bf0ff15',0,3,7.50,22.50),('b5ad00e92bbe4d6a8c88a61ec4e5b3e6','92d060a879c44fa6b5139eea2770cc33','d83e34b786f04a3cbe7917fb4bf0ff15',0,3,7.50,22.50),('ba463cbe961a4e4a91950a89cf9e4360','c62d7fdac3f140a5903b1eb3f6ee6e96','900e1480a9c4482b830eed25bdd37a91',0,1,8.00,8.00),('bbe64aa1b44e491e93e0861c10f9759a','9c071899398b40fcae1a08bf552a9c90','cd2dea827fcf4895a774acd8eac4d671',0,3,8.00,24.00),('c150e554513645cda947144f4439cfb3','659111cd76e24292951131b2723e1c3d','p1',0,1,45.00,45.00),('c5f2ea8ff77a48208bc6a5fb3381e6f8','9870464e7e814dcf8f505e2492cb7343','871ef55e9c0a4d678b4da46520d9892a',0,2,4.00,8.00),('c9a3e9902e414d759785184c9503be51','fca7660042ad45e5923db4f66d888817','58edc8d15e5f4810a414c0941222b78a',0,1,7.50,7.50),('cd839048be0e4d01b94301d6155f9981','9870464e7e814dcf8f505e2492cb7343','3030165e94604fd48375b5402474e9b3',0,3,4.00,12.00),('d9d9d16238324fd9917c509df0a67d6e','d71273087edf4c419d587b866ae87250','1ffb3e0518814cbb97388d8674aae90a',2,24,8.00,192.00),('db476cf58282491295168f4e6b417565','fd1cdc5a41614e8aa6a398ed281d765d','58edc8d15e5f4810a414c0941222b78a',0,3,7.50,22.50),('db66b66b351e45eca1db85daee37f3d2','01cd2e01a758489ea0ce0a896ac88870','3030165e94604fd48375b5402474e9b3',0,3,4.00,12.00),('dc9c24d70adb483ebdb45663da02bd28','32facff243a44ab38296c1ad19489c94','900e1480a9c4482b830eed25bdd37a91',0,1,8.00,8.00),('e969bafb061044bca73ba95bd79fb6c1','14c92bfd61e34395bd089f0d1836b601','705cd0f20402438588cc6469a8f0cc94',0,2,8.00,16.00),('ecd7d77903324031b8f2dad6faa73aad','cf1cf41086a44ee1ac74fc077f5392a1','d83e34b786f04a3cbe7917fb4bf0ff15',0,3,7.50,22.50),('f53bfc8ae23944f784d4d6b6abd36ca7','72352d470ca646f390cd03d8a844f522','2ee4a2a6df9d4caa8ce6b5e0c8a2d56d',1,15,7.50,112.50),('f5d9fe2255044d6a9fb8c115670d2ab6','1e3dcf82d85d4348a47029ad4bd17a84','3030165e94604fd48375b5402474e9b3',0,3,4.00,12.00),('fb283f6d5f604b85bd640548d731b681','fc2166f036614b13848bb3de0e99c79b','p1',0,1,45.00,45.00),('fb47906dc823494bb72ee08aad2ba2ad','71f9dabf0e0e4aeeb9cf980722e5d4a7','991d1b867e3d4c92b5723a55cb902475',1,10,3.50,35.00),('fdff4654d7ff47cfaeaadcdce5868dd1','ab9c79f4a045491f803f604a1e114b11','d83e34b786f04a3cbe7917fb4bf0ff15',0,3,7.50,22.50),('fecd3d4344804fda9cc6a41056038229','3ac8080ebae94ca09e9b8d0dee867968','94c3b4a6da884f9aac9604883866cd5b',0,3,7.50,22.50),('fed9de9033f74fe8acb346251deb9153','23f9be348af74cd1adaad47e9b0dd56f','900e1480a9c4482b830eed25bdd37a91',0,1,8.00,8.00);
/*!40000 ALTER TABLE `wh_return_line` ENABLE KEYS */;
UNLOCK TABLES;

--
-- Table structure for table `wh_sale_doc`
--

DROP TABLE IF EXISTS `wh_sale_doc`;
/*!40101 SET @saved_cs_client     = @@character_set_client */;
/*!50503 SET character_set_client = utf8mb4 */;
CREATE TABLE `wh_sale_doc` (
  `id` varchar(32) NOT NULL COMMENT '主键ID',
  `code` varchar(50) NOT NULL COMMENT '单据编号',
  `salesperson_id` varchar(32) NOT NULL COMMENT '业务员账户ID',
  `store_id` varchar(32) NOT NULL COMMENT '门店ID',
  `warehouse_id` varchar(32) DEFAULT NULL COMMENT '出库车库ID',
  `doc_date` date NOT NULL COMMENT '单据日期',
  `remark` varchar(500) DEFAULT NULL COMMENT '备注',
  `status` varchar(10) NOT NULL DEFAULT 'draft' COMMENT '状态: draft/posted/voided',
  `doc_type` varchar(20) NOT NULL DEFAULT 'sale' COMMENT '单据类型: sale/gift',
  `settled` tinyint NOT NULL DEFAULT '0' COMMENT '货款状态: 0=未收款 1=已收款',
  `settled_at` datetime DEFAULT NULL COMMENT '收款确认时间',
  `settled_by` varchar(32) DEFAULT NULL COMMENT '确认收款操作人ID',
  `total_qty` int DEFAULT '0' COMMENT '总袋数',
  `total_amount` decimal(12,2) DEFAULT '0.00' COMMENT '总金额',
  `created_at` datetime NOT NULL DEFAULT CURRENT_TIMESTAMP COMMENT '创建时间',
  `updated_at` datetime NOT NULL DEFAULT CURRENT_TIMESTAMP ON UPDATE CURRENT_TIMESTAMP COMMENT '更新时间',
  PRIMARY KEY (`id`),
  UNIQUE KEY `uk_code` (`code`),
  KEY `idx_salesperson_id` (`salesperson_id`),
  KEY `idx_store_id` (`store_id`),
  KEY `idx_warehouse_id` (`warehouse_id`),
  KEY `idx_doc_date` (`doc_date`),
  KEY `idx_status` (`status`),
  KEY `idx_settled` (`settled`)
) ENGINE=InnoDB DEFAULT CHARSET=utf8mb4 COLLATE=utf8mb4_0900_ai_ci COMMENT='销售单主表';
/*!40101 SET character_set_client = @saved_cs_client */;

--
-- Dumping data for table `wh_sale_doc`
--

LOCK TABLES `wh_sale_doc` WRITE;
/*!40000 ALTER TABLE `wh_sale_doc` DISABLE KEYS */;
INSERT INTO `wh_sale_doc` VALUES ('0070a39826b749b5a29a5197b53041eb','XS1776051819026','sp_small','4294acdb95fa48338410aa7380a81d36','veh_sp_small','2026-04-12',NULL,'posted','sale',0,NULL,NULL,100,781.00,'2026-04-13 11:43:39','2026-04-13 11:43:39'),('03a1f1c4212a49889cef24bd230c2110','XS1776347555628','sp_big','94837a015ca248a7933cfdb10a77c940','veh_sp_big','2026-04-15',NULL,'voided','sale',0,NULL,NULL,4,27.50,'2026-04-16 21:52:35','2026-04-16 21:52:35'),('0ae127bfd31e4dd7b6d45e78fae65b54','XS1776379360691','sp_big','0c0aea9b372c4c87b37ae2e7db10fd96','veh_sp_big','2026-04-16',NULL,'draft','sale',0,NULL,NULL,1,7.50,'2026-04-17 06:42:40','2026-04-17 06:42:40'),('0ce6f29b4ea147f1a7bcf0cc79314c45','XS1776264038961','sp_small','7f673c69c99b4637b139e7a0df5f42ef','veh_sp_small','2026-04-14',NULL,'posted','sale',0,NULL,NULL,2,16.00,'2026-04-15 22:40:38','2026-04-15 22:40:38'),('1360b23186044a7cb28fd9bf67831e28','XS1775449593722','sp_big','st1','veh_sp_big','2026-04-05',NULL,'posted','sale',0,NULL,NULL,1,37.00,'2026-04-06 12:26:33','2026-04-06 12:26:33'),('142c4075fd6b4f4ba352bf95cbe92014','XS1776294423791','sp_small','1f290d389faf44b5a135cf3f7bdee09b','veh_sp_small','2026-04-15',NULL,'posted','sale',0,NULL,NULL,5,40.00,'2026-04-16 07:07:03','2026-04-16 07:07:03'),('14a58c05e91f4d6a9e641689bb3e60e1','XS1776347678444','sp_big','94837a015ca248a7933cfdb10a77c940','veh_sp_big','2026-04-15',NULL,'posted','sale',0,NULL,NULL,4,27.50,'2026-04-16 21:54:38','2026-04-16 21:54:38'),('14c28c40589c4beeb019037ef77fd65b','XS1775300027765','sp_big','st63','veh_sp_big','2026-04-03',NULL,'posted','sale',0,NULL,NULL,1,71.00,'2026-04-04 18:53:47','2026-04-04 18:53:47'),('1887cef0fbc74740bce136619ce3ea44','XS1776047469635','sp_small','ed5fc24832904fda8cdc5fda5c7d7536','veh_sp_small','2026-04-12',NULL,'voided','sale',0,NULL,NULL,98,765.00,'2026-04-13 10:31:09','2026-04-13 10:31:09'),('18ec64d3edef4219aabb0f5b4a987949','XS1775216727927','sp_big','st18','veh_sp_big','2026-04-02','','posted','sale',0,NULL,NULL,12,540.00,'2026-04-03 19:45:27','2026-04-03 19:45:27'),('1c46b5a2d17e4ce998cae56da18cc268','XS1775453231386','sp_big','st12','veh_sp_big','2026-04-05',NULL,'posted','sale',0,NULL,NULL,1,45.00,'2026-04-06 13:27:11','2026-04-06 13:27:11'),('23fd5656238d48d59e7dfbcdfae86959','XS1775967491699','sp_small','d3827b459fdf4a478bf804dbbf6a8ca7','veh_sp_small','2026-04-11',NULL,'posted','sale',0,NULL,NULL,50,175.00,'2026-04-12 12:18:11','2026-04-12 12:18:11'),('27f0885bee3240bb98ec5e0f962789f1','XS1775455225687','sp_big','st12','veh_sp_big','2026-04-05',NULL,'posted','sale',0,NULL,NULL,1,45.00,'2026-04-06 14:00:25','2026-04-06 14:00:25'),('2b4f22f65a3d4cc791a4a3e4a70f3f55','XS1775728476532','sp_big','st10','veh_sp_big','2026-04-08',NULL,'posted','sale',0,NULL,NULL,1,37.00,'2026-04-09 17:54:36','2026-04-09 17:54:36'),('2f046b8f0e0e401e9b15445c630d9201','XS1776259597529','sp_small','7f673c69c99b4637b139e7a0df5f42ef','veh_sp_small','2026-04-14',NULL,'draft','sale',0,NULL,NULL,1,8.00,'2026-04-15 21:26:37','2026-04-15 21:26:37'),('308d127dff664f4ebbf8409dacae1bab','XS1775730767356','sp_big','st11','veh_sp_big','2026-04-08',NULL,'posted','sale',0,NULL,NULL,30,2070.00,'2026-04-09 18:32:47','2026-04-09 18:32:47'),('3590a51051d24e038dfca0dae01931ba','XS1776053407111','sp_small','c84c1d2a11f24e32be4d0b6ea40c1648','veh_sp_small','2026-04-12',NULL,'voided','sale',0,NULL,NULL,18,144.00,'2026-04-13 12:10:07','2026-04-13 12:10:07'),('373d726fa09a45b6b393a9caefb072cd','XS1776307752880','sp_small','bb385a5ac4e245799d15ded1cc2548f9','veh_sp_small','2026-04-15',NULL,'voided','sale',0,NULL,NULL,108,842.00,'2026-04-16 10:49:12','2026-04-16 10:49:12'),('37bab6191ae9406786003d457e5a334b','XS1776064508264','sp_small','7c0d695b47ba4e1c9ed42bdd6317ebfa','veh_sp_small','2026-04-12',NULL,'posted','sale',0,NULL,NULL,100,787.00,'2026-04-13 15:15:08','2026-04-13 15:15:08'),('38916faf2e4a4b60842ac53920e1bc92','XS1776060808825','sp_small','64f303a298fb41e58b6b875aeebf693b','veh_sp_small','2026-04-12',NULL,'voided','sale',0,NULL,NULL,160,1178.00,'2026-04-13 14:13:28','2026-04-13 14:13:28'),('39474098ba0e46ac867c9fa3c3327a18','XS1775973242214','sp_small','d82fe95243104849baecea0700907a0e','veh_sp_small','2026-04-11',NULL,'posted','sale',0,NULL,NULL,20,132.00,'2026-04-12 13:54:02','2026-04-12 13:54:02'),('3c0bc3cd0f64469a9195ca62d8890aea','XS1776323859436','sp_small','5451607fb03c437a826f26e9e0d6539a','veh_sp_small','2026-04-15',NULL,'posted','sale',0,NULL,NULL,169,1245.50,'2026-04-16 15:17:39','2026-04-16 15:17:39'),('3f0d33cf35a34167a6243a0b2cffa582','XS1776326806259','sp_small','d2600ba548fc4e5c893ba1e286a5a2af','veh_sp_small','2026-04-15',NULL,'posted','sale',0,NULL,NULL,42,329.00,'2026-04-16 16:06:46','2026-04-16 16:06:46'),('43a07209cb784de6b361005bad69857f','XS1776068809708','sp_small','513af953bccb4540bdc3f7e7d9ea7aba','veh_sp_small','2026-04-12',NULL,'posted','sale',0,NULL,NULL,130,1019.50,'2026-04-13 16:26:49','2026-04-13 16:26:49'),('471859f04bf94befaba9bd542335728e','XS1775916576169','sp_small','eddf8cfb94a4450db82650c21b1405c6','veh_sp_small','2026-04-10',NULL,'posted','sale',0,NULL,NULL,50,400.00,'2026-04-11 22:09:36','2026-04-11 22:09:36'),('4a452ddc4fee4dbebbb1e4f6fa3fb73d','XS1775817571105','sp_big','eddf8cfb94a4450db82650c21b1405c6','veh_sp_big','2026-04-09',NULL,'posted','sale',0,NULL,NULL,10,80.00,'2026-04-10 18:39:31','2026-04-10 18:39:31'),('5172cc64a9244d86986ec686fcbc96bc','XS1776158336183','sp_small','bf601b29031e4096bc49d7c0ab37860b','veh_sp_small','2026-04-13',NULL,'posted','sale',0,NULL,NULL,213,1513.00,'2026-04-14 17:18:56','2026-04-14 17:18:56'),('5b5da23289e7471e824b2e123a73b4d0','XS1776294355224','sp_small','1f290d389faf44b5a135cf3f7bdee09b','veh_sp_small','2026-04-15',NULL,'posted','sale',0,NULL,NULL,4,31.00,'2026-04-16 07:05:55','2026-04-16 07:05:55'),('5ca0249cd17d4947b5c08dda151597b8','XS1776055740494','sp_small','5a3767c69c1d4b1ebd0f0c06df6cb23b','veh_sp_small','2026-04-12',NULL,'voided','sale',0,NULL,NULL,5,40.00,'2026-04-13 12:49:00','2026-04-13 12:49:00'),('5ec9cb6b4fee46f5b729217d93076cd4','XS1776147062867','sp_small','4294acdb95fa48338410aa7380a81d36','veh_sp_small','2026-04-13',NULL,'voided','sale',0,NULL,NULL,10,80.00,'2026-04-14 14:11:02','2026-04-14 14:11:02'),('66fe82bc170b4a4184a4918787f749a4','XS1776263726432','sp_small','7f673c69c99b4637b139e7a0df5f42ef','veh_sp_small','2026-04-14',NULL,'draft','sale',0,NULL,NULL,9,64.00,'2026-04-15 22:35:26','2026-04-15 22:35:26'),('680efd3dd02a48759ea3d9d6bcd1e9d7','XS1776159412678','sp_small','bf601b29031e4096bc49d7c0ab37860b','veh_sp_small','2026-04-13',NULL,'posted','sale',0,NULL,NULL,213,1513.00,'2026-04-14 17:36:52','2026-04-14 17:36:52'),('6b374ba54dc64a2e9e6cb304a37bbc80','XS1775285962604','sp_big','st12','veh_sp_big','2026-04-03',NULL,'draft','sale',0,NULL,NULL,1,45.00,'2026-04-04 14:59:22','2026-04-04 14:59:22'),('6de5a32e52804025af12273b719000ff','XS1776318068411','sp_small','b4650eed52c340cab737c545f06185f0','veh_sp_small','2026-04-15',NULL,'posted','sale',0,NULL,NULL,76,593.00,'2026-04-16 13:41:08','2026-04-16 13:41:08'),('71313dea9ea846f2adf3e82555e97667','XS1776056607339','sp_small','5a3767c69c1d4b1ebd0f0c06df6cb23b','veh_sp_small','2026-04-12',NULL,'posted','sale',0,NULL,NULL,69,495.00,'2026-04-13 13:03:27','2026-04-13 13:03:27'),('7211a360fc844bee8aecf97c4828655f','XS1776259514801','sp_small','7f673c69c99b4637b139e7a0df5f42ef','veh_sp_small','2026-04-14',NULL,'draft','sale',0,NULL,NULL,90,553.00,'2026-04-15 21:25:14','2026-04-15 21:25:14'),('7899271f4c5f4ecd87341809c7c27887','XS1775965094748','sp_small','d82fe95243104849baecea0700907a0e','veh_sp_small','2026-04-11',NULL,'posted','sale',0,NULL,NULL,30,105.00,'2026-04-12 11:38:14','2026-04-12 11:38:14'),('7f2dc8006efe4f03b9410b0c6c7b02a4','XS1776318829226','sp_small','4ba2876d636c45fc9a3c5d47dd176e91','veh_sp_small','2026-04-15',NULL,'voided','sale',0,NULL,NULL,33,218.00,'2026-04-16 13:53:49','2026-04-16 13:53:49'),('814af535e8de4123a2ad1a5738c0cb36','XS1775729173154','sp_big','st100','veh_sp_big','2026-04-08',NULL,'posted','sale',0,NULL,NULL,1,37.00,'2026-04-09 18:06:13','2026-04-09 18:06:13'),('822ffd09bde64e73b7860e6733b8319b','XS1776309089045','sp_small','bb385a5ac4e245799d15ded1cc2548f9','veh_sp_small','2026-04-15',NULL,'voided','sale',0,NULL,NULL,107,834.00,'2026-04-16 11:11:29','2026-04-16 11:11:29'),('8750d5bbb4e34be4bd997566dfc732ca','XS1776300729951','sp_small','6b4ca0a14bcc4aaaa4c312efa752e095','veh_sp_small','2026-04-15',NULL,'posted','sale',0,NULL,NULL,104,819.00,'2026-04-16 08:52:09','2026-04-16 08:52:09'),('880dce7bdcb64cb4ba087eaf575e38f2','XS1775285956463','sp_big','st12','veh_sp_big','2026-04-03',NULL,'posted','sale',0,NULL,NULL,1,45.00,'2026-04-04 14:59:16','2026-04-04 14:59:16'),('89a81a9184594946864b99057a26f287','XS1776157476401','sp_small','bf601b29031e4096bc49d7c0ab37860b','veh_sp_small','2026-04-13',NULL,'posted','gift',0,NULL,NULL,1,8.00,'2026-04-14 17:04:36','2026-04-14 17:04:36'),('94872b34ba1549819cdec945396ce5f2','XS1776074618751','sp_small','bf601b29031e4096bc49d7c0ab37860b','veh_sp_small','2026-04-12',NULL,'voided','sale',0,NULL,NULL,24,149.00,'2026-04-13 18:03:38','2026-04-13 18:03:38'),('9615ac4eaadc47baa2f4864ee14a6708','XS1775956408785','sp_small','eddf8cfb94a4450db82650c21b1405c6','veh_sp_small','2026-04-11',NULL,'posted','sale',0,NULL,NULL,30,240.00,'2026-04-12 09:13:28','2026-04-12 09:13:28'),('97202826452a4bb5a086ccab7263cfb7','XS1776332169519','sp_small','bf5b4776550749d3a14aaf7e5f72cf63','veh_sp_small','2026-04-15',NULL,'posted','sale',0,NULL,NULL,115,893.50,'2026-04-16 17:36:09','2026-04-16 17:36:09'),('9f8cd2c29b3c45e8a0a8b07755b52b84','XS1775921053296','sp_small','eddf8cfb94a4450db82650c21b1405c6','veh_sp_small','2026-04-10',NULL,'posted','sale',0,NULL,NULL,60,480.00,'2026-04-11 23:24:13','2026-04-11 23:24:13'),('a1bb654dfbde4a8d8d693211b70d0ae4','XS1776060913890','sp_small','64f303a298fb41e58b6b875aeebf693b','veh_sp_small','2026-04-12',NULL,'posted','sale',0,NULL,NULL,185,1370.50,'2026-04-13 14:15:13','2026-04-13 14:15:13'),('a4d46d70cb2042cfb0b566fb27f8710a','XS1776056562413','sp_small','5a3767c69c1d4b1ebd0f0c06df6cb23b','veh_sp_small','2026-04-12',NULL,'voided','sale',0,NULL,NULL,67,479.00,'2026-04-13 13:02:42','2026-04-13 13:02:42'),('a4feccf0c058417d8d7e970df5c1f867','XS1775285963488','sp_big','st12','veh_sp_big','2026-04-03',NULL,'draft','sale',0,NULL,NULL,1,45.00,'2026-04-04 14:59:23','2026-04-04 14:59:23'),('a7a2f5e222174f86857ed0317e820cdb','XS1775724595853','sp_big','st1','veh_sp_big','2026-04-08',NULL,'posted','sale',0,NULL,NULL,1,37.00,'2026-04-09 16:49:55','2026-04-09 16:49:55'),('a96c3603a42b44d2ab02b2fc88d95c50','XS1776327503275','sp_small','4ba2876d636c45fc9a3c5d47dd176e91','veh_sp_small','2026-04-15',NULL,'voided','sale',0,NULL,NULL,33,218.00,'2026-04-16 16:18:23','2026-04-16 16:18:23'),('aba3a0a62deb42689c5a4fc38163e8b3','XS1776233164439','sp_small','bf601b29031e4096bc49d7c0ab37860b','veh_sp_small','2026-04-14',NULL,'draft','sale',0,NULL,NULL,20,80.00,'2026-04-15 14:06:04','2026-04-15 14:06:04'),('ac16bbd5552246399e2e494b7e051bb2','XS1776309175801','sp_small','bb385a5ac4e245799d15ded1cc2548f9','veh_sp_small','2026-04-15',NULL,'voided','sale',0,NULL,NULL,107,834.00,'2026-04-16 11:12:55','2026-04-16 11:12:55'),('acaa301833424d0f8b32c7595dd20b06','XS1776071071016','sp_small','7671e0aa0e5c4cacb7b08cdf10654353','veh_sp_small','2026-04-12',NULL,'voided','sale',0,NULL,NULL,52,416.00,'2026-04-13 17:04:31','2026-04-13 17:04:31'),('aed0daa3ce04459c9914d710da071ee5','XS1776379355559','sp_big','0c0aea9b372c4c87b37ae2e7db10fd96','veh_sp_big','2026-04-16',NULL,'draft','sale',0,NULL,NULL,1,7.50,'2026-04-17 06:42:35','2026-04-17 06:42:35'),('af2d729b07c347fea0c23f2ff17a719e','XS1776309275207','sp_small','bb385a5ac4e245799d15ded1cc2548f9','veh_sp_small','2026-04-15',NULL,'voided','sale',0,NULL,NULL,107,834.00,'2026-04-16 11:14:35','2026-04-16 11:14:35'),('af8438cc60d748578510f82cc3f1788c','XS1776180040572','sp_small','bf601b29031e4096bc49d7c0ab37860b','veh_sp_small','2026-04-13',NULL,'draft','sale',0,NULL,NULL,103,684.50,'2026-04-14 23:20:40','2026-04-14 23:20:40'),('b31c1fdfd66549db9aab490267087882','XS1776233380480','sp_small','1f290d389faf44b5a135cf3f7bdee09b','veh_sp_small','2026-04-14',NULL,'posted','sale',1,'2026-04-15 13:28:33',NULL,7,56.00,'2026-04-15 14:09:40','2026-04-15 14:09:40'),('b9c81b6b5c1d4859aaa7d879875e0ffa','XS1776074676900','sp_small','bf601b29031e4096bc49d7c0ab37860b','veh_sp_small','2026-04-12',NULL,'posted','sale',0,NULL,NULL,30,173.00,'2026-04-13 18:04:36','2026-04-13 18:04:36'),('b9d0e6ba215e49c0abc0a387e3589156','XS1776158504075','sp_small','bf601b29031e4096bc49d7c0ab37860b','veh_sp_small','2026-04-13',NULL,'voided','sale',0,NULL,NULL,213,1513.00,'2026-04-14 17:21:44','2026-04-14 17:21:44'),('bb3306d40d824ba5afb98a5ee54b77f3','XS1775973241883','sp_small','d82fe95243104849baecea0700907a0e','veh_sp_small','2026-04-11',NULL,'posted','sale',0,NULL,NULL,20,132.00,'2026-04-12 13:54:01','2026-04-12 13:54:01'),('bfe67fe996914ee88d3ce9bd2db5474d','XS1775973241564','sp_small','d82fe95243104849baecea0700907a0e','veh_sp_small','2026-04-11',NULL,'posted','sale',0,NULL,NULL,20,132.00,'2026-04-12 13:54:01','2026-04-12 13:54:01'),('c2db5a3fc69b4d7fb9a5cd18254ef891','XS1775816583387','sp_big','eddf8cfb94a4450db82650c21b1405c6','veh_sp_big','2026-04-09',NULL,'posted','sale',0,NULL,NULL,20,160.00,'2026-04-10 18:23:03','2026-04-10 18:23:03'),('c7d227f20ad143fca1840e24af7695f8','XS1776318985450','sp_small','4ba2876d636c45fc9a3c5d47dd176e91','veh_sp_small','2026-04-15',NULL,'voided','sale',0,NULL,NULL,33,218.00,'2026-04-16 13:56:25','2026-04-16 13:56:25'),('c8a39798d35a4fd6bb4720ae54048f22','XS1775816840337','sp_big','eddf8cfb94a4450db82650c21b1405c6','veh_sp_big','2026-04-09',NULL,'posted','sale',0,NULL,NULL,20,160.00,'2026-04-10 18:27:20','2026-04-10 18:27:20'),('c91bd1dde02e49499357dfa7dd18c32e','XS1776327346088','sp_small','bb385a5ac4e245799d15ded1cc2548f9','veh_sp_small','2026-04-15',NULL,'voided','sale',0,NULL,NULL,107,834.00,'2026-04-16 16:15:46','2026-04-16 16:15:46'),('c94cab9255c14dd9bc9a40ac8b30dc2e','XS1775815745118','sp_big','eddf8cfb94a4450db82650c21b1405c6','veh_sp_big','2026-04-09',NULL,'posted','sale',0,NULL,NULL,20,160.00,'2026-04-10 18:09:05','2026-04-10 18:09:05'),('ca2e2547e1624a4da31411e33997adfc','XS1775450729394','sp_big','st1','veh_sp_big','2026-04-05',NULL,'posted','sale',0,NULL,NULL,1,69.00,'2026-04-06 12:45:29','2026-04-06 12:45:29'),('cbc5f5f479cf46f993b86e05d044218e','XS1775922914496','sp_small','2229c9a75b1a42798e6d5284d0f096c8','veh_sp_small','2026-04-10',NULL,'posted','sale',0,NULL,NULL,60,480.00,'2026-04-11 23:55:14','2026-04-11 23:55:14'),('d359462cb2774282b59ca17a559cdd69','XS1776173596373','sp_small','bf601b29031e4096bc49d7c0ab37860b','veh_sp_small','2026-04-13',NULL,'draft','sale',0,NULL,NULL,75,522.50,'2026-04-14 21:33:16','2026-04-14 21:33:16'),('d53080e2d1844ca9a9940dd21148c5ea','XS1776259588118','sp_small','7f673c69c99b4637b139e7a0df5f42ef','veh_sp_small','2026-04-14',NULL,'draft','sale',0,NULL,NULL,1,8.00,'2026-04-15 21:26:28','2026-04-15 21:26:28'),('d6541890cb9b48c29536822f2bcbbf84','XS1775984931854','sp_small','dd2629677a874247a271da940e1cc57d','veh_sp_small','2026-04-11',NULL,'voided','sale',0,NULL,NULL,20,80.00,'2026-04-12 17:08:51','2026-04-12 17:08:51'),('daba9badcd2d49009ab5feea6d5f0eda','XS1776071238836','sp_small','7671e0aa0e5c4cacb7b08cdf10654353','veh_sp_small','2026-04-12',NULL,'posted','sale',0,NULL,NULL,62,496.00,'2026-04-13 17:07:18','2026-04-13 17:07:18'),('e24b3b57c08149518e4b8617e2023f11','XS1775447731970','sp_big','st1','veh_sp_big','2026-04-05',NULL,'posted','sale',0,NULL,NULL,1,37.00,'2026-04-06 11:55:31','2026-04-06 11:55:31'),('e6a70c723c994638b4278fe2ca7a739d','XS1776146783794','sp_small','5a3767c69c1d4b1ebd0f0c06df6cb23b','veh_sp_small','2026-04-13',NULL,'posted','sale',0,NULL,NULL,2,16.00,'2026-04-14 14:06:23','2026-04-14 14:06:23'),('e9fad5b69e824f8a95901acb52549530','XS1776327386913','sp_small','bb385a5ac4e245799d15ded1cc2548f9','veh_sp_small','2026-04-15',NULL,'posted','sale',0,NULL,NULL,107,834.00,'2026-04-16 16:16:26','2026-04-16 16:16:26'),('ea200b85af514ecab2fb6f024c956084','XS1775996033688','sp_small','d463b4b16e644cb4a72e4fa84f624a90','veh_sp_small','2026-04-11',NULL,'voided','sale',0,NULL,NULL,22,128.00,'2026-04-12 20:13:53','2026-04-12 20:13:53'),('eb28e78953df4cab828c6e8bb4ca6cf0','XS1776178213570','sp_small','bf601b29031e4096bc49d7c0ab37860b','veh_sp_small','2026-04-13',NULL,'draft','sale',0,NULL,NULL,222,1776.00,'2026-04-14 22:50:13','2026-04-14 22:50:13'),('ec04174681c74f7cab84865d9020d9ad','XS1775727652515','sp_big','st12','veh_sp_big','2026-04-08',NULL,'posted','sale',0,NULL,NULL,1,37.00,'2026-04-09 17:40:52','2026-04-09 17:40:52'),('ec0a8d5bc86c42dca482a043114926dd','XS1776037799857','sp_small','3b861193cf2943f087a564938269a2b3','veh_sp_small','2026-04-12',NULL,'voided','sale',0,NULL,NULL,1,4.00,'2026-04-13 07:49:59','2026-04-13 07:49:59'),('eddbd485b77d471f9b54075d217576a8','XS1775964199979','sp_small','d82fe95243104849baecea0700907a0e','veh_sp_small','2026-04-11',NULL,'posted','sale',0,NULL,NULL,50,175.00,'2026-04-12 11:23:19','2026-04-12 11:23:19'),('efe9ef7385a848aa883fcb3f8debdad9','XS1775728072298','sp_big','st10','veh_sp_big','2026-04-08',NULL,'posted','sale',0,NULL,NULL,1,37.00,'2026-04-09 17:47:52','2026-04-09 17:47:52'),('f197fbf39c2c47288fcf8d1df2a02375','XS1776323185070','sp_small','5451607fb03c437a826f26e9e0d6539a','veh_sp_small','2026-04-15',NULL,'voided','sale',0,NULL,NULL,169,1245.50,'2026-04-16 15:06:25','2026-04-16 15:06:25'),('f1e44f88444c4410aa63275cbc35ea8e','XS1776047391663','sp_small','ed5fc24832904fda8cdc5fda5c7d7536','veh_sp_small','2026-04-12',NULL,'posted','sale',0,NULL,NULL,98,765.00,'2026-04-13 10:29:51','2026-04-13 10:29:51'),('f256c516329447cdb0b8c5011ab96c31','XS1776233354074','sp_small','1f290d389faf44b5a135cf3f7bdee09b','veh_sp_small','2026-04-14',NULL,'voided','sale',0,NULL,NULL,8,64.00,'2026-04-15 14:09:14','2026-04-15 14:09:14'),('f45ba8ab0a084027b633cffa873df09d','XS1776263716320','sp_small','7f673c69c99b4637b139e7a0df5f42ef','veh_sp_small','2026-04-14',NULL,'draft','sale',0,NULL,NULL,9,64.00,'2026-04-15 22:35:16','2026-04-15 22:35:16'),('f5dcf172601e49b29e5c0dd4b49d98e9','XS1776051478084','sp_small','4294acdb95fa48338410aa7380a81d36','veh_sp_small','2026-04-12',NULL,'voided','sale',0,NULL,NULL,100,701.00,'2026-04-13 11:37:58','2026-04-13 11:37:58'),('f6a3ad80d5394950b65662b345da4d84','XS1776327520157','sp_small','4ba2876d636c45fc9a3c5d47dd176e91','veh_sp_small','2026-04-15',NULL,'posted','sale',0,NULL,NULL,33,218.00,'2026-04-16 16:18:40','2026-04-16 16:18:40'),('f977027a616545e6a8edededd8cd8bd5','XS1776294434263','sp_small','1f290d389faf44b5a135cf3f7bdee09b','veh_sp_small','2026-04-15',NULL,'posted','sale',0,NULL,NULL,5,40.00,'2026-04-16 07:07:14','2026-04-16 07:07:14'),('fb876bb5291e41a09632bfb069dcfffd','XS1776263953392','sp_small','7f673c69c99b4637b139e7a0df5f42ef','veh_sp_small','2026-04-14',NULL,'draft','sale',0,NULL,NULL,5,39.50,'2026-04-15 22:39:13','2026-04-15 22:39:13'),('fc899889792d484283e29ca1c4ec1606','XS1775745512479','sp_big','st13','veh_sp_big','2026-04-08',NULL,'posted','sale',0,NULL,NULL,2,142.00,'2026-04-09 22:38:32','2026-04-09 22:38:32'),('ff157037b4c44ca9abf4874d56eb4cbb','XS1776327267699','sp_small','bb385a5ac4e245799d15ded1cc2548f9','veh_sp_small','2026-04-15',NULL,'voided','sale',0,NULL,NULL,107,834.00,'2026-04-16 16:14:27','2026-04-16 16:14:27'),('ffaf10c2f6b740bf8881b38ec70ee920','XS1775734095028','sp_big','st100','veh_sp_big','2026-04-08',NULL,'posted','sale',0,NULL,NULL,1,69.00,'2026-04-09 19:28:15','2026-04-09 19:28:15'),('sa1','SA00000001','sp_big','st1',NULL,'2026-04-01','','posted','sale',0,NULL,NULL,72,3576.00,'2026-04-03 19:17:34','2026-04-03 19:17:34'),('sa2','SA00000002','sp_big','st1',NULL,'2026-03-29','','posted','sale',0,NULL,NULL,36,1620.00,'2026-04-03 19:17:34','2026-04-03 19:17:34'),('sa3','SA00000003','sp_big','st2',NULL,'2026-03-31','','posted','sale',0,NULL,NULL,36,2088.00,'2026-04-03 19:17:34','2026-04-03 19:17:34'),('sa4','SA00000004','sp_small','st3',NULL,'2026-04-02','','posted','sale',0,NULL,NULL,100,4080.00,'2026-04-03 19:17:34','2026-04-03 19:17:34'),('sa5','SA00000005','sp_small','st4',NULL,'2026-03-27','','posted','sale',0,NULL,NULL,12,180.00,'2026-04-03 19:17:34','2026-04-03 19:17:34'),('sa6','SA00000006','sp_third','st5',NULL,'2026-03-30','','posted','sale',0,NULL,NULL,96,4176.00,'2026-04-03 19:17:34','2026-04-03 19:17:34');
/*!40000 ALTER TABLE `wh_sale_doc` ENABLE KEYS */;
UNLOCK TABLES;

--
-- Table structure for table `wh_sale_line`
--

DROP TABLE IF EXISTS `wh_sale_line`;
/*!40101 SET @saved_cs_client     = @@character_set_client */;
/*!50503 SET character_set_client = utf8mb4 */;
CREATE TABLE `wh_sale_line` (
  `id` varchar(32) NOT NULL COMMENT '主键ID',
  `doc_id` varchar(32) NOT NULL COMMENT '销售单ID',
  `product_id` varchar(32) NOT NULL COMMENT '商品ID',
  `box_qty` int DEFAULT '0' COMMENT '箱数',
  `qty` int NOT NULL DEFAULT '0' COMMENT '袋数',
  `price` decimal(10,2) NOT NULL DEFAULT '0.00' COMMENT '单价',
  `amount` decimal(12,2) NOT NULL DEFAULT '0.00' COMMENT '金额',
  PRIMARY KEY (`id`),
  KEY `idx_doc_id` (`doc_id`),
  KEY `idx_product_id` (`product_id`)
) ENGINE=InnoDB DEFAULT CHARSET=utf8mb4 COLLATE=utf8mb4_0900_ai_ci COMMENT='销售单明细表';
/*!40101 SET character_set_client = @saved_cs_client */;

--
-- Dumping data for table `wh_sale_line`
--

LOCK TABLES `wh_sale_line` WRITE;
/*!40000 ALTER TABLE `wh_sale_line` DISABLE KEYS */;
INSERT INTO `wh_sale_line` VALUES ('00060d88dc5f46c481239d625ae37b69','a1bb654dfbde4a8d8d693211b70d0ae4','0752ebd7a81b40d883f1a82e531a5606',1,20,4.00,80.00),('00336db26ec749e690109a5807231cb8','6de5a32e52804025af12273b719000ff','84f5a14353be44aab5d762bd086a9a2b',1,12,8.00,96.00),('00607450f3dd40659dc3e871f30b7feb','814af535e8de4123a2ad1a5738c0cb36','p10',0,1,37.00,37.00),('006e961fea8a4628a7f6fc667df1eb9a','7f2dc8006efe4f03b9410b0c6c7b02a4','b05cf5529def48719b9cfe7a57bb5b80',0,4,8.00,32.00),('016f48065dc54b438ecf6443c1da3e20','ff157037b4c44ca9abf4874d56eb4cbb','cd2dea827fcf4895a774acd8eac4d671',1,8,8.00,64.00),('01955523b2784581a042fd998f2ef197','37bab6191ae9406786003d457e5a334b','243e994795ca489cb8aec60cf2bc1d97',1,10,8.00,80.00),('02b5ee6b71b54b15946a4d09e15cf295','bfe67fe996914ee88d3ce9bd2db5474d','84f5a14353be44aab5d762bd086a9a2b',0,1,8.00,8.00),('044e9eb9e81b44f48910379e10ee041b','89a81a9184594946864b99057a26f287','900e1480a9c4482b830eed25bdd37a91',0,1,8.00,8.00),('05abd25ec0e14d7c9da924236129fd55','5172cc64a9244d86986ec686fcbc96bc','1ffb3e0518814cbb97388d8674aae90a',1,12,8.00,96.00),('062da3b885a94234b2779b4621ff56d9','1887cef0fbc74740bce136619ce3ea44','132662dfb6f749089ab2be0d75a0e106',0,6,8.00,48.00),('0839b5283f824363b7d79e170605f70b','7f2dc8006efe4f03b9410b0c6c7b02a4','78e9127977ce41bca94809e78f373a89',0,6,7.50,45.00),('083df19fd6b4493a963a17b720bb39d9','ac16bbd5552246399e2e494b7e051bb2','78e9127977ce41bca94809e78f373a89',1,12,7.50,90.00),('0880fc0a641e44a687aad8fbf075fa45','39474098ba0e46ac867c9fa3c3327a18','1bbd4938f0414180b6b53bea106a3ca0',0,1,7.50,7.50),('08e4b0a4554a429f94ac916f16f03abe','f45ba8ab0a084027b633cffa873df09d','1ffb3e0518814cbb97388d8674aae90a',0,2,8.00,16.00),('096633f11f294d5fa7c375c32b92d0a5','822ffd09bde64e73b7860e6733b8319b','8c49f08a935a4e7d801f7baf224adfcb',1,12,8.00,96.00),('09b63ed44ba444dcbbe90b67c074be60','ac16bbd5552246399e2e494b7e051bb2','bdd99bce7785474a9e6b56ffc6a5903e',2,12,7.50,90.00),('0a93e91b0ac2466881234cbf5e6367bf','e9fad5b69e824f8a95901acb52549530','aece7f5d92174de0b758d459810ffcb1',0,6,8.00,48.00),('0acd6d54f86241feb91ac303ba20aed4','3c0bc3cd0f64469a9195ca62d8890aea','0f9dd6bec55447c7b9f393af59c3c286',1,10,8.00,80.00),('0b31b25459b849fb836d0342e17c55e7','ff157037b4c44ca9abf4874d56eb4cbb','e317a13efa21456db1113bb2aeb8e5f9',1,12,8.00,96.00),('0bcaa7af708d4854b21d964ba4b202bb','66fe82bc170b4a4184a4918787f749a4','3030165e94604fd48375b5402474e9b3',0,2,4.00,8.00),('0bd0512319c94ff1887a8756672a643d','5172cc64a9244d86986ec686fcbc96bc','b05cf5529def48719b9cfe7a57bb5b80',1,6,8.00,48.00),('0bfd03f26884443db431c6c474c5cbd4','bb3306d40d824ba5afb98a5ee54b77f3','132662dfb6f749089ab2be0d75a0e106',0,1,8.00,8.00),('0dfd599f7e264b11a420c5aa14325da2','43a07209cb784de6b361005bad69857f','bdd99bce7785474a9e6b56ffc6a5903e',1,6,7.50,45.00),('0ed89ad195dc4f6cb2ffc9615708a318','373d726fa09a45b6b393a9caefb072cd','e317a13efa21456db1113bb2aeb8e5f9',1,12,8.00,96.00),('0fff94437203494a95a896d514322160','8750d5bbb4e34be4bd997566dfc732ca','8c49f08a935a4e7d801f7baf224adfcb',0,6,8.00,48.00),('10edd545113d4d26b984c932f1f38001','c7d227f20ad143fca1840e24af7695f8','78e9127977ce41bca94809e78f373a89',0,6,7.50,45.00),('10f21bac36a340d48e2193f236372840','71313dea9ea846f2adf3e82555e97667','871ef55e9c0a4d678b4da46520d9892a',1,12,4.00,48.00),('116426f7afae4792bab2065e1027f853','d359462cb2774282b59ca17a559cdd69','575f9a3958f84526a45a94f154f672ed',1,15,7.50,112.50),('11d89488c6344d6bbf674952845d3301','94872b34ba1549819cdec945396ce5f2','3030165e94604fd48375b5402474e9b3',1,10,4.00,40.00),('12bd8631db794ee9a108f375560c3b74','71313dea9ea846f2adf3e82555e97667','dedb3818f0204a198eea338c1a74b48c',0,6,8.00,48.00),('1496d0278fa54401ae975555bb803201','680efd3dd02a48759ea3d9d6bcd1e9d7','b676da29b65e4f7d944794f731af9d18',1,10,8.00,80.00),('1503c224fe92449dbb8cd24270f480e4','39474098ba0e46ac867c9fa3c3327a18','e0213a7bf1c04790ac037e20fb20680c',0,1,4.00,4.00),('15898155922e4ad8a0c4b70036ebc842','bb3306d40d824ba5afb98a5ee54b77f3','53da4c7539644b60970085acba6781a5',0,1,7.50,7.50),('170e20fdcc5f46dc99ff4cfd666e75c3','e6a70c723c994638b4278fe2ca7a739d','705cd0f20402438588cc6469a8f0cc94',0,2,8.00,16.00),('172d9382a7a4454886c1cb67f1aad2cc','ff157037b4c44ca9abf4874d56eb4cbb','84f5a14353be44aab5d762bd086a9a2b',1,12,8.00,96.00),('19cca2990c114108ad680bcb4abdeb90','b9d0e6ba215e49c0abc0a387e3589156','3030165e94604fd48375b5402474e9b3',1,10,4.00,40.00),('1a1f007ebd824deb926eb0c559d8cb38','71313dea9ea846f2adf3e82555e97667','243e994795ca489cb8aec60cf2bc1d97',0,5,8.00,40.00),('1a4696be721a43e392f399d9344b0dd8','373d726fa09a45b6b393a9caefb072cd','84f5a14353be44aab5d762bd086a9a2b',1,12,8.00,96.00),('1a60c02bdf5040d2816ce40f53921743','e9fad5b69e824f8a95901acb52549530','bdd99bce7785474a9e6b56ffc6a5903e',2,12,7.50,90.00),('1aa0be7e66984cf6ab0a71991c6cc313','5172cc64a9244d86986ec686fcbc96bc','243e994795ca489cb8aec60cf2bc1d97',1,10,8.00,80.00),('1bb2cedd2a0542598986d6e1f6e00e53','daba9badcd2d49009ab5feea6d5f0eda','cd2dea827fcf4895a774acd8eac4d671',1,8,8.00,64.00),('1c348ab218fd46e69659db63a7e0910c','f256c516329447cdb0b8c5011ab96c31','900e1480a9c4482b830eed25bdd37a91',1,8,8.00,64.00),('1c992663ea1c4cb1b14b54ff49b36cf2','b9d0e6ba215e49c0abc0a387e3589156','cd2dea827fcf4895a774acd8eac4d671',1,8,8.00,64.00),('1d4e2ab725e842218dc0e987662f252d','a1bb654dfbde4a8d8d693211b70d0ae4','705cd0f20402438588cc6469a8f0cc94',1,10,8.00,80.00),('1d588a6c57af4fc8b97982c362369274','97202826452a4bb5a086ccab7263cfb7','132662dfb6f749089ab2be0d75a0e106',1,12,8.00,96.00),('1eae4210b2c14448a4e523bda797d41b','822ffd09bde64e73b7860e6733b8319b','bdd99bce7785474a9e6b56ffc6a5903e',2,12,7.50,90.00),('1f0b2984dfc647b39288072ba2fa6fa0','a1bb654dfbde4a8d8d693211b70d0ae4','2ee4a2a6df9d4caa8ce6b5e0c8a2d56d',1,15,7.50,112.50),('1f5220c42250495e84a5b45260ae5b63','b9d0e6ba215e49c0abc0a387e3589156','458bfa78512043db9bbe57871878e7fe',1,12,4.00,48.00),('1fbdb73fc78b4d4f84b314e863ebce0c','b9d0e6ba215e49c0abc0a387e3589156','132662dfb6f749089ab2be0d75a0e106',1,12,8.00,96.00),('201f420dc2f94891997ebedadcee64a5','bfe67fe996914ee88d3ce9bd2db5474d','132662dfb6f749089ab2be0d75a0e106',0,1,8.00,8.00),('207a551711614418b7e4a7d6fd35ba2c','c2db5a3fc69b4d7fb9a5cd18254ef891','243e994795ca489cb8aec60cf2bc1d97',0,20,8.00,160.00),('2135c91c87f941fcb5bce71e09db1949','3c0bc3cd0f64469a9195ca62d8890aea','8c49f08a935a4e7d801f7baf224adfcb',0,6,8.00,48.00),('2192c9f90d4b45ec96c28853b8712679','ac16bbd5552246399e2e494b7e051bb2','cfdf35790cbf4ce5babfc77dfad113c8',1,12,7.50,90.00),('2217269f8479463cb82f5055aeccc550','ec0a8d5bc86c42dca482a043114926dd','99e3f41e2a784934ad25a3c65a8c0f44',0,1,4.00,4.00),('229938c74d70422dbc0c2df53465ff2e','a96c3603a42b44d2ab02b2fc88d95c50','b05cf5529def48719b9cfe7a57bb5b80',0,4,8.00,32.00),('2358cc16ae0748c0bf83bada271caa92','af2d729b07c347fea0c23f2ff17a719e','8c49f08a935a4e7d801f7baf224adfcb',1,12,8.00,96.00),('2379816f0b834dfd8306b89f2de0aa65','7f2dc8006efe4f03b9410b0c6c7b02a4','dedb3818f0204a198eea338c1a74b48c',0,4,8.00,32.00),('238b83d996f94889a230f9b6603b55db','a1bb654dfbde4a8d8d693211b70d0ae4','b676da29b65e4f7d944794f731af9d18',1,10,8.00,80.00),('239b7098162d439c9cc4f01d6b4a1821','6de5a32e52804025af12273b719000ff','b676da29b65e4f7d944794f731af9d18',1,10,8.00,80.00),('242165ee131d437c80301e8225cf8a6d','b9d0e6ba215e49c0abc0a387e3589156','4b677dc8979a425293b41c77bbe14fa8',1,12,8.00,96.00),('243fee16311a4fc09305cfa7a207e6a6','6de5a32e52804025af12273b719000ff','78e9127977ce41bca94809e78f373a89',1,12,7.50,90.00),('24fef04a071e4a9cbc56932a7eca15b9','97202826452a4bb5a086ccab7263cfb7','93962c4a47664039919691eb044c3f2c',1,12,7.50,90.00),('253a484817e043848ff72ef51738117f','e9fad5b69e824f8a95901acb52549530','58edc8d15e5f4810a414c0941222b78a',1,8,7.50,60.00),('269e12f06e174107a76482286e772b28','71313dea9ea846f2adf3e82555e97667','705cd0f20402438588cc6469a8f0cc94',0,8,8.00,64.00),('273bca2f291b41debbc80ded4bcfd3df','f5dcf172601e49b29e5c0dd4b49d98e9','132662dfb6f749089ab2be0d75a0e106',1,12,8.00,96.00),('27f149d082c540e1a9c96ce302ced2da','e24b3b57c08149518e4b8617e2023f11','p10',0,1,37.00,37.00),('28d64185fe08499b876ef740bd60dd4f','aed0daa3ce04459c9914d710da071ee5','053878a2ede34e459ddca41c38ac658d',0,1,7.50,7.50),('28ea9507f56c42339f773166bb34e20c','5172cc64a9244d86986ec686fcbc96bc','4b677dc8979a425293b41c77bbe14fa8',1,12,8.00,96.00),('2955b01bfc9c4954842b9f348ba4a386','fb876bb5291e41a09632bfb069dcfffd','58edc8d15e5f4810a414c0941222b78a',0,1,7.50,7.50),('2aa388df1b3d413f98b6196be9b57286','cbc5f5f479cf46f993b86e05d044218e','243e994795ca489cb8aec60cf2bc1d97',0,60,8.00,480.00),('2ad03b5a371249bc90bec91a401a41cd','680efd3dd02a48759ea3d9d6bcd1e9d7','1ffb3e0518814cbb97388d8674aae90a',1,12,8.00,96.00),('2c258770237342dda41e66bc3a2faf2a','c91bd1dde02e49499357dfa7dd18c32e','705cd0f20402438588cc6469a8f0cc94',0,5,8.00,40.00),('2c530de9ca4c4c6a9700a20a1db3803b','f1e44f88444c4410aa63275cbc35ea8e','1ffb3e0518814cbb97388d8674aae90a',1,12,8.00,96.00),('2c57717295ff4518a77e035d85986878','bb3306d40d824ba5afb98a5ee54b77f3','8ae1231378cc4717987a6bb6b20dd383',0,1,3.50,3.50),('2c72cdfe074c4425aaf73e4688f3c271','a1bb654dfbde4a8d8d693211b70d0ae4','cfdf35790cbf4ce5babfc77dfad113c8',1,12,7.50,90.00),('2d81c577c80b4dc9bfeb8aa68b7fecf2','ff157037b4c44ca9abf4874d56eb4cbb','705cd0f20402438588cc6469a8f0cc94',0,5,8.00,40.00),('2e8d7267e5b14ea092c3d2aa9d3a3479','b9d0e6ba215e49c0abc0a387e3589156','0752ebd7a81b40d883f1a82e531a5606',1,20,4.00,80.00),('2ed593c430954740873aa3da6f29e4fc','1887cef0fbc74740bce136619ce3ea44','cfdf35790cbf4ce5babfc77dfad113c8',1,12,7.50,90.00),('2f0d2fa786514e3b82b9d3afdbcabade','822ffd09bde64e73b7860e6733b8319b','aece7f5d92174de0b758d459810ffcb1',0,6,8.00,48.00),('2f97396a3a794e49a1c4f45ed8786ab5','39474098ba0e46ac867c9fa3c3327a18','8ae1231378cc4717987a6bb6b20dd383',0,1,3.50,3.50),('2fa3c0cffb494882a3e59670093e53fe','38916faf2e4a4b60842ac53920e1bc92','cd2dea827fcf4895a774acd8eac4d671',1,8,8.00,64.00),('2fd6acfe90ae4a44a63f0ee6731fcd96','a4d46d70cb2042cfb0b566fb27f8710a','cd2dea827fcf4895a774acd8eac4d671',0,4,8.00,32.00),('311167a7bf804826b57c9507441c9103','f197fbf39c2c47288fcf8d1df2a02375','bdd99bce7785474a9e6b56ffc6a5903e',1,6,7.50,45.00),('31b786e595fb42f2a19ea3ea3d489e5f','8750d5bbb4e34be4bd997566dfc732ca','bdd99bce7785474a9e6b56ffc6a5903e',1,6,7.50,45.00),('31b944cc7cc1461599df3a671796df4a','14a58c05e91f4d6a9e641689bb3e60e1','132662dfb6f749089ab2be0d75a0e106',0,1,8.00,8.00),('32248604ce2442d0b3acc2d6cc2b8a7a','ff157037b4c44ca9abf4874d56eb4cbb','aece7f5d92174de0b758d459810ffcb1',0,6,8.00,48.00),('32585d4fdda4436abe93c576a7f3776f','71313dea9ea846f2adf3e82555e97667','cd2dea827fcf4895a774acd8eac4d671',0,4,8.00,32.00),('32d5f43b3ffd465ab4ea57b11d72c0c7','c7d227f20ad143fca1840e24af7695f8','dedb3818f0204a198eea338c1a74b48c',0,4,8.00,32.00),('3581b1bc8aaa43b3a28e61e3a3ba4a06','daba9badcd2d49009ab5feea6d5f0eda','1ffb3e0518814cbb97388d8674aae90a',0,10,8.00,80.00),('35e103203ca74767b9b140db063798dc','b9c81b6b5c1d4859aaa7d879875e0ffa','458bfa78512043db9bbe57871878e7fe',0,6,4.00,24.00),('36c1302ed935406f863f66c91613f64b','1c46b5a2d17e4ce998cae56da18cc268','p1',0,1,45.00,45.00),('36cecf8c662e405d8d6ddba21dad77f2','d359462cb2774282b59ca17a559cdd69','0f9dd6bec55447c7b9f393af59c3c286',1,10,8.00,80.00),('375386e19d5c4c009139f63323ca3b6c','680efd3dd02a48759ea3d9d6bcd1e9d7','4b677dc8979a425293b41c77bbe14fa8',1,12,8.00,96.00),('37582708ec114c55ab652db556ece84b','b31c1fdfd66549db9aab490267087882','900e1480a9c4482b830eed25bdd37a91',0,7,8.00,56.00),('3781d4be56d94b01bbf01a0da423db25','97202826452a4bb5a086ccab7263cfb7','575f9a3958f84526a45a94f154f672ed',1,15,7.50,112.50),('37cd6e2955564e49ba2240019dc765e7','ea200b85af514ecab2fb6f024c956084','243e994795ca489cb8aec60cf2bc1d97',1,10,8.00,80.00),('3819bd0a3c7a4558a55d50b7461d0327','43a07209cb784de6b361005bad69857f','243e994795ca489cb8aec60cf2bc1d97',1,10,8.00,80.00),('39094821df844ed7a26fbf76f669c5ba','bb3306d40d824ba5afb98a5ee54b77f3','575f9a3958f84526a45a94f154f672ed',0,1,7.50,7.50),('39993962d0dd4af588100c0b021e68c8','daba9badcd2d49009ab5feea6d5f0eda','705cd0f20402438588cc6469a8f0cc94',1,10,8.00,80.00),('39bf3ba0cd644468a79413f9f46fceac','0070a39826b749b5a29a5197b53041eb','dedb3818f0204a198eea338c1a74b48c',0,10,8.00,80.00),('3a1522d07d1e4e2f851ff99d15d2317e','39474098ba0e46ac867c9fa3c3327a18','2ee4a2a6df9d4caa8ce6b5e0c8a2d56d',0,1,7.50,7.50),('3a3777ebe7794b4eb060135007f40624','3f0d33cf35a34167a6243a0b2cffa582','58edc8d15e5f4810a414c0941222b78a',1,8,7.50,60.00),('3b24d8b4cfc245158a66ac5e379eacf9','7f2dc8006efe4f03b9410b0c6c7b02a4','c75e167ff4a54177a7c9fd6bb10686b1',0,6,5.50,33.00),('3b4523380469466aaaf7d0d3d6023de1','bfe67fe996914ee88d3ce9bd2db5474d','988f4f00e2384732845f18f22615b743',0,1,7.50,7.50),('3baa4950b8534e3094a498e6e2ce9b4f','b9d0e6ba215e49c0abc0a387e3589156','58edc8d15e5f4810a414c0941222b78a',1,8,7.50,60.00),('3c290f4dbdcf46ac9710afed342ad7d5','43a07209cb784de6b361005bad69857f','78e9127977ce41bca94809e78f373a89',1,12,7.50,90.00),('3c774313fc184528a5c164d218ffbca0','373d726fa09a45b6b393a9caefb072cd','aece7f5d92174de0b758d459810ffcb1',0,6,8.00,48.00),('3c8fa883df964614b35479da60f2ae08','39474098ba0e46ac867c9fa3c3327a18','053878a2ede34e459ddca41c38ac658d',0,1,7.50,7.50),('3caab225e0c0498a9c33586410bcad39','37bab6191ae9406786003d457e5a334b','b676da29b65e4f7d944794f731af9d18',1,10,8.00,80.00),('3cd0bff4d8424be4b2e15fde45e3b927','fb876bb5291e41a09632bfb069dcfffd','b05cf5529def48719b9cfe7a57bb5b80',0,1,8.00,8.00),('3d5d73d83e044cd09b05b60eb42a8542','39474098ba0e46ac867c9fa3c3327a18','99e3f41e2a784934ad25a3c65a8c0f44',0,1,4.00,4.00),('3e2515524b5e463b82569f99db76d5c5','5ec9cb6b4fee46f5b729217d93076cd4','705cd0f20402438588cc6469a8f0cc94',1,10,8.00,80.00),('3eb456308f0949768bdd2dabe4a93e92','ff157037b4c44ca9abf4874d56eb4cbb','78e9127977ce41bca94809e78f373a89',1,12,7.50,90.00),('3ee936f72b304e74b045658931b66794','5172cc64a9244d86986ec686fcbc96bc','cd2dea827fcf4895a774acd8eac4d671',1,8,8.00,64.00),('3efae37fade54f449939ca6d8be7d435','680efd3dd02a48759ea3d9d6bcd1e9d7','132662dfb6f749089ab2be0d75a0e106',1,12,8.00,96.00),('3eff7776b5f747f0aef0590edb09838f','f197fbf39c2c47288fcf8d1df2a02375','cfdf35790cbf4ce5babfc77dfad113c8',1,12,7.50,90.00),('3f2882e87eb54a5aa166d8a7b6bb1293','f45ba8ab0a084027b633cffa873df09d','132662dfb6f749089ab2be0d75a0e106',0,2,8.00,16.00),('3f3e9fdd3ebd4ebda5aa6c535a5be162','18ec64d3edef4219aabb0f5b4a987949','p1',1,12,45.00,540.00),('401184467bf3469593661d45d60ba7b3','f6a3ad80d5394950b65662b345da4d84','0752ebd7a81b40d883f1a82e531a5606',0,7,4.00,28.00),('4072aab6a09b4788aff9a362b2eb7236','822ffd09bde64e73b7860e6733b8319b','705cd0f20402438588cc6469a8f0cc94',0,5,8.00,40.00),('40c116e91ee74c5a8126827060af5a87','f6a3ad80d5394950b65662b345da4d84','1ffb3e0518814cbb97388d8674aae90a',0,6,8.00,48.00),('412e7b06a1a14ac1b00c42da33f5b685','d6541890cb9b48c29536822f2bcbbf84','99e3f41e2a784934ad25a3c65a8c0f44',0,20,4.00,80.00),('4181898d23ed4be2898c91ad56c6dfe4','43a07209cb784de6b361005bad69857f','b05cf5529def48719b9cfe7a57bb5b80',2,12,8.00,96.00),('421e127a990c49a8ae811c0dc7fb56d4','373d726fa09a45b6b393a9caefb072cd','bdd99bce7785474a9e6b56ffc6a5903e',2,12,7.50,90.00),('4226e91207734fa6833b977bebb60009','7211a360fc844bee8aecf97c4828655f','b05cf5529def48719b9cfe7a57bb5b80',2,12,8.00,96.00),('42508f7129bd43eb854738883ac49847','38916faf2e4a4b60842ac53920e1bc92','78e9127977ce41bca94809e78f373a89',1,12,7.50,90.00),('431d2cb44b484e80999507a54da44852','bb3306d40d824ba5afb98a5ee54b77f3','243e994795ca489cb8aec60cf2bc1d97',0,1,8.00,8.00),('438c62017180440f9cbff48b07a03b5e','5172cc64a9244d86986ec686fcbc96bc','58edc8d15e5f4810a414c0941222b78a',1,8,7.50,60.00),('442146cf491f45f0942bf7a574823216','a96c3603a42b44d2ab02b2fc88d95c50','dedb3818f0204a198eea338c1a74b48c',0,4,8.00,32.00),('446429005ce34bfeb637b25c2478e49e','5172cc64a9244d86986ec686fcbc96bc','0f9dd6bec55447c7b9f393af59c3c286',1,10,8.00,80.00),('44c52b45363c44b9b6f2b0fe8c0c4bf3','efe9ef7385a848aa883fcb3f8debdad9','p10',0,1,37.00,37.00),('44cce52d5f3f4c2382e84004efd9d834','b9d0e6ba215e49c0abc0a387e3589156','900e1480a9c4482b830eed25bdd37a91',1,8,8.00,64.00),('45154403c28c408cacf44c5327cad7cb','03a1f1c4212a49889cef24bd230c2110','132662dfb6f749089ab2be0d75a0e106',0,1,8.00,8.00),('45fa3d341cf04283a79841af9bfe7c19','43a07209cb784de6b361005bad69857f','8c49f08a935a4e7d801f7baf224adfcb',1,12,8.00,96.00),('46704cc1241f44b1920317912edbc725','a4d46d70cb2042cfb0b566fb27f8710a','243e994795ca489cb8aec60cf2bc1d97',0,5,8.00,40.00),('468c1e3a4b56407798387f20a9023000','1887cef0fbc74740bce136619ce3ea44','78e9127977ce41bca94809e78f373a89',1,12,7.50,90.00),('46b929da4e6946298c0ce2900aa46fee','680efd3dd02a48759ea3d9d6bcd1e9d7','243e994795ca489cb8aec60cf2bc1d97',1,10,8.00,80.00),('46f624fe1ebb4d3fb9f6bf5b8e1cca14','43a07209cb784de6b361005bad69857f','58edc8d15e5f4810a414c0941222b78a',1,8,7.50,60.00),('4712008cac5e4d5b9a100e8536735d80','6de5a32e52804025af12273b719000ff','132662dfb6f749089ab2be0d75a0e106',1,12,8.00,96.00),('47b22ceb04e541fba32fd04f93bb66ef','acaa301833424d0f8b32c7595dd20b06','0f9dd6bec55447c7b9f393af59c3c286',1,10,8.00,80.00),('488265181fee4e95be667968b0744b16','f5dcf172601e49b29e5c0dd4b49d98e9','58edc8d15e5f4810a414c0941222b78a',1,8,7.50,60.00),('48ad30c5b765403d8efef9c6c09262ef','38916faf2e4a4b60842ac53920e1bc92','0752ebd7a81b40d883f1a82e531a5606',1,20,4.00,80.00),('498dd39360a34540836d02a227b36944','a1bb654dfbde4a8d8d693211b70d0ae4','132662dfb6f749089ab2be0d75a0e106',1,12,8.00,96.00),('49a4babfbfb04eb28c105d8704b346dc','ac16bbd5552246399e2e494b7e051bb2','e317a13efa21456db1113bb2aeb8e5f9',1,12,8.00,96.00),('4b356352986e403db35ff5d6159c9bd5','471859f04bf94befaba9bd542335728e','243e994795ca489cb8aec60cf2bc1d97',5,50,8.00,400.00),('4b42cb367b4841fd880563e7e3f9fbf5','5172cc64a9244d86986ec686fcbc96bc','575f9a3958f84526a45a94f154f672ed',1,15,7.50,112.50),('4c7e1db9ac724b16b0796c18d24f89f4','c91bd1dde02e49499357dfa7dd18c32e','cd2dea827fcf4895a774acd8eac4d671',1,8,8.00,64.00),('4cd170291d9d4a03b2e87bfa1f356fa8','f197fbf39c2c47288fcf8d1df2a02375','900e1480a9c4482b830eed25bdd37a91',1,8,8.00,64.00),('4cf07e601e28497a85f3f9dadedcd5c1','af2d729b07c347fea0c23f2ff17a719e','900e1480a9c4482b830eed25bdd37a91',1,8,8.00,64.00),('4d50a34d71a94c16babd921864941135','97202826452a4bb5a086ccab7263cfb7','243e994795ca489cb8aec60cf2bc1d97',1,10,8.00,80.00),('4d65d1fe95f0412db4792d9d15c732c6','a1bb654dfbde4a8d8d693211b70d0ae4','900e1480a9c4482b830eed25bdd37a91',3,24,8.00,192.00),('4e669ecfd2b844d18acc76660e749a68','f5dcf172601e49b29e5c0dd4b49d98e9','84f5a14353be44aab5d762bd086a9a2b',1,12,8.00,96.00),('4e73689fc98e4c5198355762844ea8bc','fb876bb5291e41a09632bfb069dcfffd','b676da29b65e4f7d944794f731af9d18',0,1,8.00,8.00),('4f0190a58cd04a1b9e41fc8973862238','97202826452a4bb5a086ccab7263cfb7','bdd99bce7785474a9e6b56ffc6a5903e',1,6,7.50,45.00),('4f0cfbd6d3c3425496db7b99b63f5a86','fb876bb5291e41a09632bfb069dcfffd','0f9dd6bec55447c7b9f393af59c3c286',0,1,8.00,8.00),('5002879de2884136bd087f343ed12ec3','f197fbf39c2c47288fcf8d1df2a02375','2ee4a2a6df9d4caa8ce6b5e0c8a2d56d',1,15,7.50,112.50),('50b1b2dd082e4a249731f353ab555e25','c91bd1dde02e49499357dfa7dd18c32e','78e9127977ce41bca94809e78f373a89',1,12,7.50,90.00),('517324512abf4df29e12dd7ec66a8940','acaa301833424d0f8b32c7595dd20b06','8c49f08a935a4e7d801f7baf224adfcb',1,12,8.00,96.00),('53794fe7214844c49ec0eb8b1013f0d9','a4d46d70cb2042cfb0b566fb27f8710a','871ef55e9c0a4d678b4da46520d9892a',1,12,4.00,48.00),('53969ea78340436191452f67362e4793','3f0d33cf35a34167a6243a0b2cffa582','900e1480a9c4482b830eed25bdd37a91',1,8,8.00,64.00),('53b47c3ac159436393bd628a33b07176','680efd3dd02a48759ea3d9d6bcd1e9d7','0752ebd7a81b40d883f1a82e531a5606',1,20,4.00,80.00),('53d971cec6e24260800361fe483085f8','6de5a32e52804025af12273b719000ff','cfdf35790cbf4ce5babfc77dfad113c8',1,12,7.50,90.00),('5471562cf6be42b68bea6d1596b17deb','a1bb654dfbde4a8d8d693211b70d0ae4','dedb3818f0204a198eea338c1a74b48c',0,8,8.00,64.00),('55695db6f0e343fa8f007d160174ed93','0070a39826b749b5a29a5197b53041eb','cfdf35790cbf4ce5babfc77dfad113c8',1,12,7.50,90.00),('55fe37a28b764b2db6e6a5d76f8738d7','bfe67fe996914ee88d3ce9bd2db5474d','17b677c9d851427bb9ee33040e0ee92b',0,1,7.50,7.50),('5658b30b54a14b7ca68c9b02f94e8ae4','37bab6191ae9406786003d457e5a334b','84f5a14353be44aab5d762bd086a9a2b',1,12,8.00,96.00),('5667fcb4d41f49fb84248805eff851f0','f197fbf39c2c47288fcf8d1df2a02375','243e994795ca489cb8aec60cf2bc1d97',1,10,8.00,80.00),('56c0d8f286674805b14457864da80413','f197fbf39c2c47288fcf8d1df2a02375','0f9dd6bec55447c7b9f393af59c3c286',1,10,8.00,80.00),('576ab306a20e4a45a594baedaaf0d06d','0070a39826b749b5a29a5197b53041eb','900e1480a9c4482b830eed25bdd37a91',1,8,8.00,64.00),('581c130a6bc84c1aba3ae871325f7405','1887cef0fbc74740bce136619ce3ea44','bdd99bce7785474a9e6b56ffc6a5903e',1,6,7.50,45.00),('58f1094b6a8946c8bda349dfe91fd808','acaa301833424d0f8b32c7595dd20b06','cd2dea827fcf4895a774acd8eac4d671',1,8,8.00,64.00),('595863735c6f4e3998dd2127d89f9ee8','7211a360fc844bee8aecf97c4828655f','0752ebd7a81b40d883f1a82e531a5606',2,40,4.00,160.00),('5b386c81e74843afa53cdd575f565138','bb3306d40d824ba5afb98a5ee54b77f3','84f5a14353be44aab5d762bd086a9a2b',0,1,8.00,8.00),('5b9e8b5becf94c678bac3613a21a0b29','3590a51051d24e038dfca0dae01931ba','1ffb3e0518814cbb97388d8674aae90a',1,12,8.00,96.00),('5bf005be0b7d40fcb0a10c9b24f4d96d','0070a39826b749b5a29a5197b53041eb','58edc8d15e5f4810a414c0941222b78a',1,8,7.50,60.00),('5cd15fba92b64792a54e8a23d6cbb3df','af2d729b07c347fea0c23f2ff17a719e','e317a13efa21456db1113bb2aeb8e5f9',1,12,8.00,96.00),('5ceb29dca97a462f944e417502db3f78','a96c3603a42b44d2ab02b2fc88d95c50','0752ebd7a81b40d883f1a82e531a5606',0,7,4.00,28.00),('5db76b9e6eea439eba5b55723de6b456','5172cc64a9244d86986ec686fcbc96bc','b676da29b65e4f7d944794f731af9d18',1,10,8.00,80.00),('5eb0f7e5c85c4f219a8fa3988a76e777','a1bb654dfbde4a8d8d693211b70d0ae4','cd2dea827fcf4895a774acd8eac4d671',1,8,8.00,64.00),('5eb4787bc5f44c18ae0df1455553d7fd','39474098ba0e46ac867c9fa3c3327a18','458bfa78512043db9bbe57871878e7fe',0,1,4.00,4.00),('5eff8258ff8447c995f571f7af0a1b30','e9fad5b69e824f8a95901acb52549530','900e1480a9c4482b830eed25bdd37a91',1,8,8.00,64.00),('5f30d0544e9b4afb80fecbbedaa0839d','4a452ddc4fee4dbebbb1e4f6fa3fb73d','243e994795ca489cb8aec60cf2bc1d97',1,10,8.00,80.00),('5f4bd653feac45cdb933bc03c6e41b2c','3c0bc3cd0f64469a9195ca62d8890aea','bdd99bce7785474a9e6b56ffc6a5903e',1,6,7.50,45.00),('5f5a86f4da104ea9b165de09eff8eb59','1887cef0fbc74740bce136619ce3ea44','705cd0f20402438588cc6469a8f0cc94',1,10,8.00,80.00),('5f90bc68cb18420cb2064f01003c9811','f6a3ad80d5394950b65662b345da4d84','dedb3818f0204a198eea338c1a74b48c',0,4,8.00,32.00),('601876eb5972418cac4d8cab050bf85f','97202826452a4bb5a086ccab7263cfb7','0f9dd6bec55447c7b9f393af59c3c286',1,10,8.00,80.00),('60d2a02cbded4ad8bd9b5855eabb75d4','af2d729b07c347fea0c23f2ff17a719e','cd2dea827fcf4895a774acd8eac4d671',1,8,8.00,64.00),('60e4c42fd88c428c8efd9a1b1bfa9ce2','bfe67fe996914ee88d3ce9bd2db5474d','053878a2ede34e459ddca41c38ac658d',0,1,7.50,7.50),('61900a19831b4ec4b288a607e5f77ebc','a1bb654dfbde4a8d8d693211b70d0ae4','b05cf5529def48719b9cfe7a57bb5b80',2,12,8.00,96.00),('619f596499fc4ab7b815ce42e5ae9cf9','af8438cc60d748578510f82cc3f1788c','58edc8d15e5f4810a414c0941222b78a',1,8,7.50,60.00),('63756046bcbb4b9fab7e5b4defd534de','3c0bc3cd0f64469a9195ca62d8890aea','1ffb3e0518814cbb97388d8674aae90a',1,12,8.00,96.00),('655ad931dc2b4f1685ccd2a90f217263','0070a39826b749b5a29a5197b53041eb','b676da29b65e4f7d944794f731af9d18',1,10,8.00,80.00),('6562115287e9421491d0ebf77a394f73','373d726fa09a45b6b393a9caefb072cd','78e9127977ce41bca94809e78f373a89',1,12,7.50,90.00),('6592824ab54240cf9494ba93bfafd410','8750d5bbb4e34be4bd997566dfc732ca','cfdf35790cbf4ce5babfc77dfad113c8',0,6,7.50,45.00),('667db9bc8ef9474eb0a45962ec5c0334','f5dcf172601e49b29e5c0dd4b49d98e9','900e1480a9c4482b830eed25bdd37a91',1,8,8.00,64.00),('66812fc983e442a5961cfe84b8c3ee2a','3c0bc3cd0f64469a9195ca62d8890aea','243e994795ca489cb8aec60cf2bc1d97',1,10,8.00,80.00),('66cd65839ae14d4d84267de8f396e133','5b5da23289e7471e824b2e123a73b4d0','900e1480a9c4482b830eed25bdd37a91',0,2,8.00,16.00),('673401bae6b341db981da6cf77c3a47f','680efd3dd02a48759ea3d9d6bcd1e9d7','8e3a6f2f07dd421bad58749618c41409',1,15,8.00,120.00),('678a00cfb27041868e2b7923658a6c1d','bb3306d40d824ba5afb98a5ee54b77f3','1bbd4938f0414180b6b53bea106a3ca0',0,1,7.50,7.50),('67a10c0ab2bb4121ad1353cfbe3b1290','38916faf2e4a4b60842ac53920e1bc92','900e1480a9c4482b830eed25bdd37a91',3,24,8.00,192.00),('67bd9273b91e400a893cae88fabe0926','822ffd09bde64e73b7860e6733b8319b','cd2dea827fcf4895a774acd8eac4d671',1,8,8.00,64.00),('685944c1090848b2b2c8996073b4680c','eddbd485b77d471f9b54075d217576a8','8ae1231378cc4717987a6bb6b20dd383',0,50,3.50,175.00),('68c572e1f82a45f795a20f1ee3a66f47','f1e44f88444c4410aa63275cbc35ea8e','58edc8d15e5f4810a414c0941222b78a',1,8,7.50,60.00),('6937da98c429474ebf62a0f3a7f13dfa','7899271f4c5f4ecd87341809c7c27887','8ae1231378cc4717987a6bb6b20dd383',0,30,3.50,105.00),('6ac6b850320a4eebba2b8806f1a77602','0070a39826b749b5a29a5197b53041eb','132662dfb6f749089ab2be0d75a0e106',1,12,8.00,96.00),('6b32261e9d67448ab448b16a002e0284','acaa301833424d0f8b32c7595dd20b06','84f5a14353be44aab5d762bd086a9a2b',0,6,8.00,48.00),('6b9ee538d53b4ecdb727769aab893a05','66fe82bc170b4a4184a4918787f749a4','1ffb3e0518814cbb97388d8674aae90a',0,2,8.00,16.00),('6c0c61c0d125451eafb556a6bad265b1','373d726fa09a45b6b393a9caefb072cd','8c49f08a935a4e7d801f7baf224adfcb',1,12,8.00,96.00),('6c2d4011394c4a0e94a9cf2e6b45e6a5','680efd3dd02a48759ea3d9d6bcd1e9d7','0f9dd6bec55447c7b9f393af59c3c286',1,10,8.00,80.00),('6c6b40c51d64451ea86980ed9e83d12c','39474098ba0e46ac867c9fa3c3327a18','988f4f00e2384732845f18f22615b743',0,1,7.50,7.50),('6d9885ddc86b4c7b9264465cb765aebe','66fe82bc170b4a4184a4918787f749a4','900e1480a9c4482b830eed25bdd37a91',0,3,8.00,24.00),('6daf7e5cd0f046fabb1a2bb63cb4d587','f6a3ad80d5394950b65662b345da4d84','78e9127977ce41bca94809e78f373a89',0,6,7.50,45.00),('6dd83388e70d4bcba2a676849c0a89be','03a1f1c4212a49889cef24bd230c2110','2ee4a2a6df9d4caa8ce6b5e0c8a2d56d',0,1,7.50,7.50),('6e1ddc897f2f41ca95a22b7dc0c1cfc0','f5dcf172601e49b29e5c0dd4b49d98e9','b676da29b65e4f7d944794f731af9d18',1,10,8.00,80.00),('6fd8fc9ff93e42ebbd95161a16d96c63','b9c81b6b5c1d4859aaa7d879875e0ffa','3030165e94604fd48375b5402474e9b3',1,10,4.00,40.00),('7061a7f635434b2ebdcb05d0989ff9ca','f1e44f88444c4410aa63275cbc35ea8e','78e9127977ce41bca94809e78f373a89',1,12,7.50,90.00),('70c0bf6d2b554a1a834724ec5b3ae57c','8750d5bbb4e34be4bd997566dfc732ca','78e9127977ce41bca94809e78f373a89',0,6,7.50,45.00),('715a41dd18ff4c9dafcef3b0f3ab89a2','f1e44f88444c4410aa63275cbc35ea8e','b676da29b65e4f7d944794f731af9d18',1,10,8.00,80.00),('71741cb0521040f88c4877a9a510a9b3','bb3306d40d824ba5afb98a5ee54b77f3','988f4f00e2384732845f18f22615b743',0,1,7.50,7.50),('71eb96128aa24807a70dab2c10a0c1db','38916faf2e4a4b60842ac53920e1bc92','b676da29b65e4f7d944794f731af9d18',1,10,8.00,80.00),('733f708fb1ca490c88e9d2a506143bdb','37bab6191ae9406786003d457e5a334b','132662dfb6f749089ab2be0d75a0e106',1,12,8.00,96.00),('7365b1d5b91e408eb12a9be9c88c10bf','27f0885bee3240bb98ec5e0f962789f1','p1',0,1,45.00,45.00),('7379c188e44240beb5c3d2e1097a23cb','0ae127bfd31e4dd7b6d45e78fae65b54','053878a2ede34e459ddca41c38ac658d',0,1,7.50,7.50),('73849eee74974831a5cf4523aca48be0','8750d5bbb4e34be4bd997566dfc732ca','b05cf5529def48719b9cfe7a57bb5b80',1,6,8.00,48.00),('7392308c7002487d9705cf0bc3979b16','680efd3dd02a48759ea3d9d6bcd1e9d7','575f9a3958f84526a45a94f154f672ed',1,15,7.50,112.50),('747bfacc14e14a87aef5c56362385458','af8438cc60d748578510f82cc3f1788c','0752ebd7a81b40d883f1a82e531a5606',1,20,4.00,80.00),('74c672ab7b064fdaa65eabfc6a06faa4','c91bd1dde02e49499357dfa7dd18c32e','58edc8d15e5f4810a414c0941222b78a',1,8,7.50,60.00),('75282e31edfd48209ed95ebcfeae585c','aba3a0a62deb42689c5a4fc38163e8b3','0752ebd7a81b40d883f1a82e531a5606',1,20,4.00,80.00),('75af22253f304604a2003cc0127b6938','680efd3dd02a48759ea3d9d6bcd1e9d7','58edc8d15e5f4810a414c0941222b78a',1,8,7.50,60.00),('762d0addbfd74991b2b343b7ddb7b6cd','a4d46d70cb2042cfb0b566fb27f8710a','78e9127977ce41bca94809e78f373a89',0,6,7.50,45.00),('764a2770bdd34d57ad09f3feb5a18b0a','ff157037b4c44ca9abf4874d56eb4cbb','8c49f08a935a4e7d801f7baf224adfcb',1,12,8.00,96.00),('76619404b9d14fe387002d609706f402','b9d0e6ba215e49c0abc0a387e3589156','2ee4a2a6df9d4caa8ce6b5e0c8a2d56d',1,15,7.50,112.50),('770d2929cdfc48deb41f4517573a82a2','a4d46d70cb2042cfb0b566fb27f8710a','705cd0f20402438588cc6469a8f0cc94',0,8,8.00,64.00),('79064feaf87547359adf1ab1abe5c9c4','bb3306d40d824ba5afb98a5ee54b77f3','99e3f41e2a784934ad25a3c65a8c0f44',0,1,4.00,4.00),('7925513f19ea4defa2f09b3ebb0cbe25','f197fbf39c2c47288fcf8d1df2a02375','8c49f08a935a4e7d801f7baf224adfcb',0,6,8.00,48.00),('79d512b3db9e4015b6d64d91d8815f85','38916faf2e4a4b60842ac53920e1bc92','e691aa957798446eb7746f5a958833b7',1,12,7.50,90.00),('7ad047b6c53e43c49e0ce0cecd2211dd','822ffd09bde64e73b7860e6733b8319b','cfdf35790cbf4ce5babfc77dfad113c8',1,12,7.50,90.00),('7afa1e2c1c3c47789de33a086cd72589','5172cc64a9244d86986ec686fcbc96bc','900e1480a9c4482b830eed25bdd37a91',1,8,8.00,64.00),('7b5accfa33d84a2cbb27f0ebb3671b5a','af8438cc60d748578510f82cc3f1788c','b676da29b65e4f7d944794f731af9d18',1,10,8.00,80.00),('7b6917aa5b40472e97ad88244004ea9e','43a07209cb784de6b361005bad69857f','2ee4a2a6df9d4caa8ce6b5e0c8a2d56d',1,15,7.50,112.50),('7b8912b463f64c11bbec7be848d38350','39474098ba0e46ac867c9fa3c3327a18','c4876524e53f4418be0837a94642d81f',0,1,7.50,7.50),('7bfa0026940843ffa7c6a025eeba8755','f5dcf172601e49b29e5c0dd4b49d98e9','0f9dd6bec55447c7b9f393af59c3c286',1,10,8.00,80.00),('7c77f7e1057f4c39861d87525cf1e45e','3c0bc3cd0f64469a9195ca62d8890aea','900e1480a9c4482b830eed25bdd37a91',1,8,8.00,64.00),('7cb50acdfc134c8fbdbc8df852b4cce3','6de5a32e52804025af12273b719000ff','8c49f08a935a4e7d801f7baf224adfcb',1,12,8.00,96.00),('7cf5a67f2bcd410e83516ed1157db8e7','c7d227f20ad143fca1840e24af7695f8','b05cf5529def48719b9cfe7a57bb5b80',0,4,8.00,32.00),('7d97447d7ef142ab80105525fe1e4f88','bfe67fe996914ee88d3ce9bd2db5474d','c4876524e53f4418be0837a94642d81f',0,1,7.50,7.50),('7dce4cbd63284e78b8428ae9d39a6aa9','5ca0249cd17d4947b5c08dda151597b8','0f9dd6bec55447c7b9f393af59c3c286',0,5,8.00,40.00),('7df4732b416f47b5a75b2fd27419a251','f197fbf39c2c47288fcf8d1df2a02375','991d1b867e3d4c92b5723a55cb902475',1,10,3.50,35.00),('7e139afb78de436baa04c4c44b2482ab','ac16bbd5552246399e2e494b7e051bb2','cd2dea827fcf4895a774acd8eac4d671',1,8,8.00,64.00),('7f2126e23060425a9f7d5a8831eb3c26','ffaf10c2f6b740bf8881b38ec70ee920','p11',0,1,69.00,69.00),('7f731b6bea934432a37c60336bb90a90','d359462cb2774282b59ca17a559cdd69','243e994795ca489cb8aec60cf2bc1d97',1,10,8.00,80.00),('7f9758da8d58400082048be459cb3f57','af2d729b07c347fea0c23f2ff17a719e','bdd99bce7785474a9e6b56ffc6a5903e',2,12,7.50,90.00),('80836effa0e14317a8bac06fdb6e080e','97202826452a4bb5a086ccab7263cfb7','58edc8d15e5f4810a414c0941222b78a',1,8,7.50,60.00),('808cf51f9f88498b93a47080fad47ee0','1887cef0fbc74740bce136619ce3ea44','900e1480a9c4482b830eed25bdd37a91',1,8,8.00,64.00),('81b0374ace50433aa6adad1a35583c34','bfe67fe996914ee88d3ce9bd2db5474d','243e994795ca489cb8aec60cf2bc1d97',0,1,8.00,8.00),('8216d290622244c8978cc11c1788a58e','3c0bc3cd0f64469a9195ca62d8890aea','cd2dea827fcf4895a774acd8eac4d671',1,8,8.00,64.00),('823d6ebb8ecb487bb7d2685b726f948c','9f8cd2c29b3c45e8a0a8b07755b52b84','243e994795ca489cb8aec60cf2bc1d97',0,60,8.00,480.00),('83c16aeca7464972bf9426612a109cc7','a4d46d70cb2042cfb0b566fb27f8710a','cfdf35790cbf4ce5babfc77dfad113c8',0,6,7.50,45.00),('848ee86601e84e7989df5d255f90fbf5','1887cef0fbc74740bce136619ce3ea44','b05cf5529def48719b9cfe7a57bb5b80',1,6,8.00,48.00),('852c5eedc7a44157867c2a490e786115','71313dea9ea846f2adf3e82555e97667','0f9dd6bec55447c7b9f393af59c3c286',0,5,8.00,40.00),('853e8612f21240549d94c28b09770a83','f6a3ad80d5394950b65662b345da4d84','b05cf5529def48719b9cfe7a57bb5b80',0,4,8.00,32.00),('85ef03e9ccce445db0738f40c4642f02','373d726fa09a45b6b393a9caefb072cd','705cd0f20402438588cc6469a8f0cc94',0,6,8.00,48.00),('860ebd19a3e14d5b89f63032d32bc5b8','8750d5bbb4e34be4bd997566dfc732ca','243e994795ca489cb8aec60cf2bc1d97',1,10,8.00,80.00),('86d5373598b74ca2b68bd1e1f53f582b','37bab6191ae9406786003d457e5a334b','900e1480a9c4482b830eed25bdd37a91',2,16,8.00,128.00),('881ef796713946faafb963a278c5a649','ff157037b4c44ca9abf4874d56eb4cbb','cfdf35790cbf4ce5babfc77dfad113c8',1,12,7.50,90.00),('889d797689a24a24b7940d8fe445104e','37bab6191ae9406786003d457e5a334b','cd2dea827fcf4895a774acd8eac4d671',1,8,8.00,64.00),('88e6e0fed0734108a444b57c95251be0','c8a39798d35a4fd6bb4720ae54048f22','243e994795ca489cb8aec60cf2bc1d97',0,20,8.00,160.00),('8aa2991523c540c2a6334b6d74599815','f1e44f88444c4410aa63275cbc35ea8e','bdd99bce7785474a9e6b56ffc6a5903e',1,6,7.50,45.00),('8abdd8ef916c4e61b824d1e8799c2138','f1e44f88444c4410aa63275cbc35ea8e','705cd0f20402438588cc6469a8f0cc94',1,10,8.00,80.00),('8ace93e976504031a8c923c8338b4922','bb3306d40d824ba5afb98a5ee54b77f3','0752ebd7a81b40d883f1a82e531a5606',0,1,4.00,4.00),('8adb361088f6473ca371a6f249fc8405','b9d0e6ba215e49c0abc0a387e3589156','f116ee56a4804fe2bbfc8db4d3325cc0',1,8,7.50,60.00),('8ae74c6eaee947c8be7c0f9acdc60723','37bab6191ae9406786003d457e5a334b','58edc8d15e5f4810a414c0941222b78a',1,8,7.50,60.00),('8aea0dc2c6a445838e6cfb68de6b341f','f6a3ad80d5394950b65662b345da4d84','c75e167ff4a54177a7c9fd6bb10686b1',0,6,5.50,33.00),('8b7251f688b04c84b962891c7f254403','680efd3dd02a48759ea3d9d6bcd1e9d7','b05cf5529def48719b9cfe7a57bb5b80',1,6,8.00,48.00),('8c2c8368aa984910bdf8837ece91e74d','373d726fa09a45b6b393a9caefb072cd','cd2dea827fcf4895a774acd8eac4d671',1,8,8.00,64.00),('8c7eec4f7eac4111b77d65d2b8b31176','bfe67fe996914ee88d3ce9bd2db5474d','1ffb3e0518814cbb97388d8674aae90a',0,1,8.00,8.00),('8d193c58e0344b0c92c3deea94fcc018','8750d5bbb4e34be4bd997566dfc732ca','132662dfb6f749089ab2be0d75a0e106',0,6,8.00,48.00),('8d88d86d42fb4366977beb1e032d5d4e','bb3306d40d824ba5afb98a5ee54b77f3','e0213a7bf1c04790ac037e20fb20680c',0,1,4.00,4.00),('8dd911e05dd944ff81f3660ef44a528e','eb28e78953df4cab828c6e8bb4ca6cf0','900e1480a9c4482b830eed25bdd37a91',0,222,8.00,1776.00),('8e9e2ebdaba949dea27b936440f79e35','5172cc64a9244d86986ec686fcbc96bc','458bfa78512043db9bbe57871878e7fe',1,12,4.00,48.00),('8efcd2a81b2f46e28ee61de63a9c051f','0070a39826b749b5a29a5197b53041eb','78e9127977ce41bca94809e78f373a89',1,12,7.50,90.00),('8f36d2a3bb2f45a195b14be1a00442d2','3590a51051d24e038dfca0dae01931ba','900e1480a9c4482b830eed25bdd37a91',0,6,8.00,48.00),('8f721be009a74094895d17521191f959','3f0d33cf35a34167a6243a0b2cffa582','b676da29b65e4f7d944794f731af9d18',1,10,8.00,80.00),('8f986b3f9d2444da9e2eb0ce4f62438e','8750d5bbb4e34be4bd997566dfc732ca','84f5a14353be44aab5d762bd086a9a2b',0,6,8.00,48.00),('90166602cebb4a4aab37e3ba67345ab3','8750d5bbb4e34be4bd997566dfc732ca','b676da29b65e4f7d944794f731af9d18',0,6,8.00,48.00),('904b414a8dd94f18bcbe54d03e2757b6','fc899889792d484283e29ca1c4ec1606','p16',0,2,71.00,142.00),('9079904f93a24f96a9e58e07083b5d8a','ac16bbd5552246399e2e494b7e051bb2','58edc8d15e5f4810a414c0941222b78a',1,8,7.50,60.00),('9239924e2f24435192647877a5c418fd','822ffd09bde64e73b7860e6733b8319b','e317a13efa21456db1113bb2aeb8e5f9',1,12,8.00,96.00),('927568a4801a4ca8a226bf0ab595d61e','680efd3dd02a48759ea3d9d6bcd1e9d7','e317a13efa21456db1113bb2aeb8e5f9',1,12,8.00,96.00),('9294ec0ff322490285e37e08d2acc143','b9d0e6ba215e49c0abc0a387e3589156','0f9dd6bec55447c7b9f393af59c3c286',1,10,8.00,80.00),('930c29651535489ba7ede87acc379d39','a1bb654dfbde4a8d8d693211b70d0ae4','58edc8d15e5f4810a414c0941222b78a',1,8,7.50,60.00),('94f580dd6d4d47259a1d0fbbb1511faf','f197fbf39c2c47288fcf8d1df2a02375','fe184c1459aa4f85b98e62d42b58f6bd',1,10,3.50,35.00),('9523f6a1dd3e46de92ecdcefddcedde8','14a58c05e91f4d6a9e641689bb3e60e1','053878a2ede34e459ddca41c38ac658d',0,1,7.50,7.50),('96c61cd0591146f5901be9ea94636409','822ffd09bde64e73b7860e6733b8319b','58edc8d15e5f4810a414c0941222b78a',1,8,7.50,60.00),('97743ecb79074502bcd2aa1b5f500ad6','af8438cc60d748578510f82cc3f1788c','575f9a3958f84526a45a94f154f672ed',1,15,7.50,112.50),('97ea944a6ee64c94973a078f18b62452','39474098ba0e46ac867c9fa3c3327a18','1ffb3e0518814cbb97388d8674aae90a',0,1,8.00,8.00),('97fb66205aa242629e22270b55a42caa','f1e44f88444c4410aa63275cbc35ea8e','132662dfb6f749089ab2be0d75a0e106',0,6,8.00,48.00),('984c506396254fb9be52d889f8da6c09','38916faf2e4a4b60842ac53920e1bc92','1ffb3e0518814cbb97388d8674aae90a',1,12,8.00,96.00),('991a0766708a4cd29ced8af47e0c4997','38916faf2e4a4b60842ac53920e1bc92','705cd0f20402438588cc6469a8f0cc94',1,10,8.00,80.00),('9ad410f2c39843a8bd582d58265538b1','1360b23186044a7cb28fd9bf67831e28','p10',0,1,37.00,37.00),('9b7b7426aef14e9aa0e6f605807c8a18','308d127dff664f4ebbf8409dacae1bab','p11',0,30,69.00,2070.00),('9bda1b1d1d7e4db4bc2dae6a379a23de','71313dea9ea846f2adf3e82555e97667','b676da29b65e4f7d944794f731af9d18',0,5,8.00,40.00),('9be5de748d1a4d94867f9925f438f3dd','7f2dc8006efe4f03b9410b0c6c7b02a4','0752ebd7a81b40d883f1a82e531a5606',0,7,4.00,28.00),('9bf137616f7442f4b4a0e3777bfcb869','3c0bc3cd0f64469a9195ca62d8890aea','b05cf5529def48719b9cfe7a57bb5b80',2,12,8.00,96.00),('9c1b83ee8a9143e994e3360576b52781','bfe67fe996914ee88d3ce9bd2db5474d','8e3a6f2f07dd421bad58749618c41409',0,1,8.00,8.00),('9c5743092fdc4e7b97359edefea5364e','37bab6191ae9406786003d457e5a334b','bdd99bce7785474a9e6b56ffc6a5903e',1,6,7.50,45.00),('9c7da219f6f74a3d8a9aa8287085ee50','43a07209cb784de6b361005bad69857f','1ffb3e0518814cbb97388d8674aae90a',1,12,8.00,96.00),('9c844dbe342a4fcaad45977d3f4cade9','a4d46d70cb2042cfb0b566fb27f8710a','b676da29b65e4f7d944794f731af9d18',0,5,8.00,40.00),('9d2d16008a184934a538aba556f019dd','b9c81b6b5c1d4859aaa7d879875e0ffa','53da4c7539644b60970085acba6781a5',0,6,7.50,45.00),('9d90fc027aab4efbb151c78a09658e65','c91bd1dde02e49499357dfa7dd18c32e','cfdf35790cbf4ce5babfc77dfad113c8',1,12,7.50,90.00),('9e4f4d7bba7f42b6a32d42a88be4a033','5172cc64a9244d86986ec686fcbc96bc','132662dfb6f749089ab2be0d75a0e106',1,12,8.00,96.00),('9e6fad7c4cbf40e4843b2abd45409f77','b9c81b6b5c1d4859aaa7d879875e0ffa','900e1480a9c4482b830eed25bdd37a91',1,8,8.00,64.00),('9f2298c7323842ec8dfd59e980876325','7211a360fc844bee8aecf97c4828655f','900e1480a9c4482b830eed25bdd37a91',2,16,8.00,128.00),('9f3964706159424690acd44ce2435b80','5172cc64a9244d86986ec686fcbc96bc','2ee4a2a6df9d4caa8ce6b5e0c8a2d56d',1,15,7.50,112.50),('a09f3f3adf324b1ab115bd15fc69c8bd','f197fbf39c2c47288fcf8d1df2a02375','1ffb3e0518814cbb97388d8674aae90a',1,12,8.00,96.00),('a2f6fadadeb64ca38ca535f83ebdac01','daba9badcd2d49009ab5feea6d5f0eda','0f9dd6bec55447c7b9f393af59c3c286',1,10,8.00,80.00),('a2ff656b23174291a8d704a60e08804e','f1e44f88444c4410aa63275cbc35ea8e','b05cf5529def48719b9cfe7a57bb5b80',1,6,8.00,48.00),('a30e47dc76cc46c285edd1c42709ff0b','c7d227f20ad143fca1840e24af7695f8','c75e167ff4a54177a7c9fd6bb10686b1',0,6,5.50,33.00),('a36bd59c67d645e4a9cbd5ad46d0a154','373d726fa09a45b6b393a9caefb072cd','cfdf35790cbf4ce5babfc77dfad113c8',1,12,7.50,90.00),('a398f2955a35410fbddc7c0aaf23510b','3c0bc3cd0f64469a9195ca62d8890aea','e317a13efa21456db1113bb2aeb8e5f9',1,12,8.00,96.00),('a3fd8dae8f5e42a79acda7ed7d4ac272','03a1f1c4212a49889cef24bd230c2110','053878a2ede34e459ddca41c38ac658d',0,1,7.50,7.50),('a4f61211e3ba4d4ea36585b7600170d0','ac16bbd5552246399e2e494b7e051bb2','900e1480a9c4482b830eed25bdd37a91',1,8,8.00,64.00),('a59e18c4c07e47a281065fd5fc0bad8d','7211a360fc844bee8aecf97c4828655f','b676da29b65e4f7d944794f731af9d18',2,20,8.00,160.00),('a5f40ab4267047938e07b4435717e386','bfe67fe996914ee88d3ce9bd2db5474d','4b677dc8979a425293b41c77bbe14fa8',0,1,8.00,8.00),('a5f920e55ae14658afff228a6028bbb5','ff157037b4c44ca9abf4874d56eb4cbb','900e1480a9c4482b830eed25bdd37a91',1,8,8.00,64.00),('a60ef5574e9d4ca1b0f8bf50e1349bce','5b5da23289e7471e824b2e123a73b4d0','58edc8d15e5f4810a414c0941222b78a',0,2,7.50,15.00),('a62debff855c4d70a0245a7de17d905f','fb876bb5291e41a09632bfb069dcfffd','900e1480a9c4482b830eed25bdd37a91',0,1,8.00,8.00),('a63be6c457ea41e1b5c37bf06f9c99c9','680efd3dd02a48759ea3d9d6bcd1e9d7','f116ee56a4804fe2bbfc8db4d3325cc0',1,8,7.50,60.00),('a6e61c7d37d74e4a88da15b4ec61d97e','bb3306d40d824ba5afb98a5ee54b77f3','458bfa78512043db9bbe57871878e7fe',0,1,4.00,4.00),('a719596eed80493e982801b4556af17a','39474098ba0e46ac867c9fa3c3327a18','57e9c215273641e3a67f2151c07ab337',0,1,4.50,4.50),('a71c5f7569f748849b05d77922a88255','f197fbf39c2c47288fcf8d1df2a02375','84f5a14353be44aab5d762bd086a9a2b',1,18,8.00,144.00),('a76079af16fe4d5db1952cb02430cea1','373d726fa09a45b6b393a9caefb072cd','58edc8d15e5f4810a414c0941222b78a',1,8,7.50,60.00),('a8abd99ddf254b3aab67993c2b611ba5','ac16bbd5552246399e2e494b7e051bb2','aece7f5d92174de0b758d459810ffcb1',0,6,8.00,48.00),('a8f97a8229ed428087ed710c746acd91','97202826452a4bb5a086ccab7263cfb7','cfdf35790cbf4ce5babfc77dfad113c8',1,12,7.50,90.00),('a903ccc7c6354783ad622f4c3ae3d73d','e9fad5b69e824f8a95901acb52549530','e317a13efa21456db1113bb2aeb8e5f9',1,12,8.00,96.00),('a918996c301b46e19134984a9815d923','daba9badcd2d49009ab5feea6d5f0eda','b05cf5529def48719b9cfe7a57bb5b80',1,6,8.00,48.00),('a9915efe372f4896a14747937be7ca08','ff157037b4c44ca9abf4874d56eb4cbb','58edc8d15e5f4810a414c0941222b78a',1,8,7.50,60.00),('a992ffb23a184e0e9dd8598ee2575b1c','e9fad5b69e824f8a95901acb52549530','705cd0f20402438588cc6469a8f0cc94',0,5,8.00,40.00),('a9c1bc9285d24fa68a5a38eed42bb5d9','680efd3dd02a48759ea3d9d6bcd1e9d7','cd2dea827fcf4895a774acd8eac4d671',1,8,8.00,64.00),('a9d5a2afc9dc49678ca385cb6d44055d','af8438cc60d748578510f82cc3f1788c','243e994795ca489cb8aec60cf2bc1d97',1,10,8.00,80.00),('aa012fdc78d04834a19cb4e1d15d7121','14c28c40589c4beeb019037ef77fd65b','p16',0,1,71.00,71.00),('aa025b5742ae437bb3c4637b3087e85d','f977027a616545e6a8edededd8cd8bd5','b05cf5529def48719b9cfe7a57bb5b80',0,2,8.00,16.00),('aa25ac8abb414a4686749c0817696f30','38916faf2e4a4b60842ac53920e1bc92','132662dfb6f749089ab2be0d75a0e106',1,12,8.00,96.00),('aac533f61bfb4f27aa8de5f272347293','39474098ba0e46ac867c9fa3c3327a18','53da4c7539644b60970085acba6781a5',0,1,7.50,7.50),('ab9f85b2ff774ad8a8fad1e18340b36e','5172cc64a9244d86986ec686fcbc96bc','f116ee56a4804fe2bbfc8db4d3325cc0',1,8,7.50,60.00),('ac1cf083f73f4fa2b57ed6b130ff2f14','0070a39826b749b5a29a5197b53041eb','bdd99bce7785474a9e6b56ffc6a5903e',1,6,7.50,45.00),('ac5b9e03ec704d83af5aae639c9a42a1','ff157037b4c44ca9abf4874d56eb4cbb','bdd99bce7785474a9e6b56ffc6a5903e',2,12,7.50,90.00),('ac60e83d2b6f49d4aac7fd1bfe1de7aa','94872b34ba1549819cdec945396ce5f2','53da4c7539644b60970085acba6781a5',0,6,7.50,45.00),('acb40d8885eb48eea06cc3f6ff8779ce','2b4f22f65a3d4cc791a4a3e4a70f3f55','p10',0,1,37.00,37.00),('ad2f54f998fb49b98daeb0c783f8db63','5172cc64a9244d86986ec686fcbc96bc','0752ebd7a81b40d883f1a82e531a5606',1,20,4.00,80.00),('ae5a5aaf4df54769a727ef52743fab94','8750d5bbb4e34be4bd997566dfc732ca','58edc8d15e5f4810a414c0941222b78a',1,8,7.50,60.00),('aeea681b793140819505830d41b34d2d','a4d46d70cb2042cfb0b566fb27f8710a','dedb3818f0204a198eea338c1a74b48c',0,6,8.00,48.00),('af2d1384208445fbb8eb27c9f29222f9','8750d5bbb4e34be4bd997566dfc732ca','0f9dd6bec55447c7b9f393af59c3c286',1,10,8.00,80.00),('afb7a82c471b47ffa291ad388de5f508','3c0bc3cd0f64469a9195ca62d8890aea','cfdf35790cbf4ce5babfc77dfad113c8',1,12,7.50,90.00),('b0164747c2024a1dadaffe614127ad3d','142c4075fd6b4f4ba352bf95cbe92014','900e1480a9c4482b830eed25bdd37a91',0,3,8.00,24.00),('b0fd45b6f95b4b8f8acf4c2c2608ac8c','0ce6f29b4ea147f1a7bcf0cc79314c45','900e1480a9c4482b830eed25bdd37a91',0,2,8.00,16.00),('b173144cba1b4a1ea1c58eab4c43ed08','bfe67fe996914ee88d3ce9bd2db5474d','57e9c215273641e3a67f2151c07ab337',0,1,4.50,4.50),('b2056156a6ec4d8582d2c2e5989450ac','94872b34ba1549819cdec945396ce5f2','900e1480a9c4482b830eed25bdd37a91',1,8,8.00,64.00),('b3c6c6ce1a3b4904acd959e4cdeb2f79','b9d0e6ba215e49c0abc0a387e3589156','575f9a3958f84526a45a94f154f672ed',1,15,7.50,112.50),('b3c6e3bb42a24bf0a4f6c998e419d361','bfe67fe996914ee88d3ce9bd2db5474d','575f9a3958f84526a45a94f154f672ed',0,1,7.50,7.50),('b5b4ebd382c64d05a2906e76f9263d36','d53080e2d1844ca9a9940dd21148c5ea','900e1480a9c4482b830eed25bdd37a91',0,1,8.00,8.00),('b634c139a2784265a5ed19b8d6608b5c','43a07209cb784de6b361005bad69857f','132662dfb6f749089ab2be0d75a0e106',1,12,8.00,96.00),('b6b7151c12f84276b68fbf6df7f12500','1887cef0fbc74740bce136619ce3ea44','58edc8d15e5f4810a414c0941222b78a',1,8,7.50,60.00),('b6bcc0d382b340a4a3487c6e79cb8198','ea200b85af514ecab2fb6f024c956084','871ef55e9c0a4d678b4da46520d9892a',1,12,4.00,48.00),('b6fbd6e5f67144ca99248b834bacba06','680efd3dd02a48759ea3d9d6bcd1e9d7','2ee4a2a6df9d4caa8ce6b5e0c8a2d56d',1,15,7.50,112.50),('b73b020983904c218b627239e0fbd0d0','71313dea9ea846f2adf3e82555e97667','78e9127977ce41bca94809e78f373a89',0,6,7.50,45.00),('b833c4c227e542d49dad63452759d117','6de5a32e52804025af12273b719000ff','bdd99bce7785474a9e6b56ffc6a5903e',1,6,7.50,45.00),('b84399f63b1748ef84aeb8cfa0f90752','a1bb654dfbde4a8d8d693211b70d0ae4','243e994795ca489cb8aec60cf2bc1d97',1,10,8.00,80.00),('b86804a97a5e4ca78ad04dd8fee5ccde','a4d46d70cb2042cfb0b566fb27f8710a','b05cf5529def48719b9cfe7a57bb5b80',0,4,8.00,32.00),('b8d637ed076745bf8bfe0001139ffaa6','c91bd1dde02e49499357dfa7dd18c32e','e317a13efa21456db1113bb2aeb8e5f9',1,12,8.00,96.00),('b92bbb8a3a584a0b9b7fd913b637f948','bb3306d40d824ba5afb98a5ee54b77f3','1ffb3e0518814cbb97388d8674aae90a',0,1,8.00,8.00),('ba0a079d784b41d0aead0c8eb52bb7ca','a4d46d70cb2042cfb0b566fb27f8710a','0f9dd6bec55447c7b9f393af59c3c286',0,5,8.00,40.00),('ba283b419d154ac4ad82b43537cc9dc6','880dce7bdcb64cb4ba087eaf575e38f2','p1',0,1,45.00,45.00),('bab13c9d794f44e1b9ce88ff1b0c2634','822ffd09bde64e73b7860e6733b8319b','84f5a14353be44aab5d762bd086a9a2b',1,12,8.00,96.00),('bab19a12aede4243a78c7a980ff9afe9','a96c3603a42b44d2ab02b2fc88d95c50','c75e167ff4a54177a7c9fd6bb10686b1',0,6,5.50,33.00),('bad197c31dd34b4db0719fe20fdfe101','f45ba8ab0a084027b633cffa873df09d','3030165e94604fd48375b5402474e9b3',0,2,4.00,8.00),('badf7c70ad304cafaae7e86283bac24e','bfe67fe996914ee88d3ce9bd2db5474d','53da4c7539644b60970085acba6781a5',0,1,7.50,7.50),('bb4907f2563a486d89777f70f32e60f4','bb3306d40d824ba5afb98a5ee54b77f3','8e3a6f2f07dd421bad58749618c41409',0,1,8.00,8.00),('bb6c7a89215e47b5bdfc63e0c244f248','97202826452a4bb5a086ccab7263cfb7','b676da29b65e4f7d944794f731af9d18',1,10,8.00,80.00),('bcab9b309d4741eeb33ab27697e6565f','a96c3603a42b44d2ab02b2fc88d95c50','78e9127977ce41bca94809e78f373a89',0,6,7.50,45.00),('bcc4165b1d644fa88a7a14875f33d1b4','5172cc64a9244d86986ec686fcbc96bc','705cd0f20402438588cc6469a8f0cc94',1,10,8.00,80.00),('bd17f11bb0cf4d42bba8c93fb3ce52de','5172cc64a9244d86986ec686fcbc96bc','3030165e94604fd48375b5402474e9b3',1,10,4.00,40.00),('bd18ef9c1e5641469ece6a4bbb4bdfe4','bfe67fe996914ee88d3ce9bd2db5474d','1bbd4938f0414180b6b53bea106a3ca0',0,1,7.50,7.50),('bd2ed0eee59d4e17b10f1d43eb3334e8','37bab6191ae9406786003d457e5a334b','cfdf35790cbf4ce5babfc77dfad113c8',0,6,7.50,45.00),('bdc9094159644974a39748dd8887b3e7','8750d5bbb4e34be4bd997566dfc732ca','1ffb3e0518814cbb97388d8674aae90a',0,6,8.00,48.00),('be298952107a492889e93ac98e9176a1','c91bd1dde02e49499357dfa7dd18c32e','900e1480a9c4482b830eed25bdd37a91',1,8,8.00,64.00),('be4a8e46d44a4405a1b12bbace48e219','bfe67fe996914ee88d3ce9bd2db5474d','458bfa78512043db9bbe57871878e7fe',0,1,4.00,4.00),('be89c0e2acb24140925d83d8e52ca444','39474098ba0e46ac867c9fa3c3327a18','8e3a6f2f07dd421bad58749618c41409',0,1,8.00,8.00),('bf26e906ca2a47a18ec4501060b6f897','97202826452a4bb5a086ccab7263cfb7','cd2dea827fcf4895a774acd8eac4d671',1,8,8.00,64.00),('bf40351b77da47e0a85a2424ac16c4b7','1887cef0fbc74740bce136619ce3ea44','cd2dea827fcf4895a774acd8eac4d671',1,8,8.00,64.00),('bf7d100f1b3f433dac7a62f90b441bd3','af2d729b07c347fea0c23f2ff17a719e','78e9127977ce41bca94809e78f373a89',1,12,7.50,90.00),('c02fdee212da4563a906316715312664','5172cc64a9244d86986ec686fcbc96bc','e317a13efa21456db1113bb2aeb8e5f9',1,12,8.00,96.00),('c0dfd8537f1a47c08869401b6eb0a7a7','e9fad5b69e824f8a95901acb52549530','78e9127977ce41bca94809e78f373a89',1,12,7.50,90.00),('c13632e3e772448c92a4e260869d3c0a','f197fbf39c2c47288fcf8d1df2a02375','b05cf5529def48719b9cfe7a57bb5b80',2,12,8.00,96.00),('c14239c7e9fd489e9cbb2d4f5a9addb2','af8438cc60d748578510f82cc3f1788c','1ffb3e0518814cbb97388d8674aae90a',1,12,8.00,96.00),('c260c47c172a41d494e79fc400b42d80','af2d729b07c347fea0c23f2ff17a719e','aece7f5d92174de0b758d459810ffcb1',0,6,8.00,48.00),('c28f38982c924a2ebb45e36f1244e7c7','b9d0e6ba215e49c0abc0a387e3589156','b05cf5529def48719b9cfe7a57bb5b80',1,6,8.00,48.00),('c2f8d6bd572c44009d1f08d80ea434ed','71313dea9ea846f2adf3e82555e97667','cfdf35790cbf4ce5babfc77dfad113c8',0,6,7.50,45.00),('c4fb679a22294e7bb459668ae14e7432','bb3306d40d824ba5afb98a5ee54b77f3','2ee4a2a6df9d4caa8ce6b5e0c8a2d56d',0,1,7.50,7.50),('c57f58f9b619459bb7febff22759aed0','a1bb654dfbde4a8d8d693211b70d0ae4','e691aa957798446eb7746f5a958833b7',1,12,7.50,90.00),('c628adb96e064e2ebb775622bf9e385b','ec04174681c74f7cab84865d9020d9ad','p10',0,1,37.00,37.00),('c62f1739bb9645ab992917bd8defdc04','bfe67fe996914ee88d3ce9bd2db5474d','99e3f41e2a784934ad25a3c65a8c0f44',0,1,4.00,4.00),('c708bc7543e04e24aad064485b6df586','ca2e2547e1624a4da31411e33997adfc','p11',0,1,69.00,69.00),('c7c952343c74473786361943982a5404','d359462cb2774282b59ca17a559cdd69','132662dfb6f749089ab2be0d75a0e106',1,12,8.00,96.00),('c84bcc063e1c4f95a99ff0a4e45160b0','14a58c05e91f4d6a9e641689bb3e60e1','2ee4a2a6df9d4caa8ce6b5e0c8a2d56d',0,1,7.50,7.50),('ca1d8f15d6c644c2b85a4f89ba9d4cb6','9615ac4eaadc47baa2f4864ee14a6708','243e994795ca489cb8aec60cf2bc1d97',0,30,8.00,240.00),('ca217e3e38f04053be5a0c01afcf7a84','38916faf2e4a4b60842ac53920e1bc92','cfdf35790cbf4ce5babfc77dfad113c8',1,12,7.50,90.00),('ca268afb946849e68aca79557caa1a7c','ac16bbd5552246399e2e494b7e051bb2','8c49f08a935a4e7d801f7baf224adfcb',1,12,8.00,96.00),('cae2bb47b32c471b867bf38b0f45d11a','d359462cb2774282b59ca17a559cdd69','900e1480a9c4482b830eed25bdd37a91',1,8,8.00,64.00),('cb1b2abcd0424a7193312604912884e3','66fe82bc170b4a4184a4918787f749a4','132662dfb6f749089ab2be0d75a0e106',0,2,8.00,16.00),('cc0d092e83784b16ad93f5b80518b713','acaa301833424d0f8b32c7595dd20b06','b05cf5529def48719b9cfe7a57bb5b80',1,6,8.00,48.00),('cc6274e0dbbd4572a4f49c1d661a43e5','d359462cb2774282b59ca17a559cdd69','57e9c215273641e3a67f2151c07ab337',1,20,4.50,90.00),('cc7f40a67d20492cbb40b63b1f8a51f3','39474098ba0e46ac867c9fa3c3327a18','17b677c9d851427bb9ee33040e0ee92b',0,1,7.50,7.50),('cc9fa96edb1942a492116dc6222b193c','1887cef0fbc74740bce136619ce3ea44','b676da29b65e4f7d944794f731af9d18',1,10,8.00,80.00),('cd3d99477b1c42efb14bdc9e9a216276','f45ba8ab0a084027b633cffa873df09d','900e1480a9c4482b830eed25bdd37a91',0,3,8.00,24.00),('ce0347deac534329adc9c2b148404553','c91bd1dde02e49499357dfa7dd18c32e','84f5a14353be44aab5d762bd086a9a2b',1,12,8.00,96.00),('ce0ed5a1f0f04f48987ea3d1566e2d52','a7a2f5e222174f86857ed0317e820cdb','p10',0,1,37.00,37.00),('ce4c3c76e30e4156935f00e3013d7970','38916faf2e4a4b60842ac53920e1bc92','b05cf5529def48719b9cfe7a57bb5b80',2,12,8.00,96.00),('ce792b28b40f405da1a02bf3ff7ebb4e','ac16bbd5552246399e2e494b7e051bb2','705cd0f20402438588cc6469a8f0cc94',0,5,8.00,40.00),('ceb5157196fd48e0b710fdb0d28ea7c1','03a1f1c4212a49889cef24bd230c2110','57e9c215273641e3a67f2151c07ab337',0,1,4.50,4.50),('cf4e864e8aaf401bb3812ad8865bf428','7f2dc8006efe4f03b9410b0c6c7b02a4','1ffb3e0518814cbb97388d8674aae90a',0,6,8.00,48.00),('cfff4419e9f94c858d640ce5c116e3e6','f5dcf172601e49b29e5c0dd4b49d98e9','cfdf35790cbf4ce5babfc77dfad113c8',1,12,7.50,90.00),('d00f96834a3046a7a6de9aed0e7a5314','37bab6191ae9406786003d457e5a334b','b05cf5529def48719b9cfe7a57bb5b80',1,6,8.00,48.00),('d01468d4fe5940de98f8032a9c686285','822ffd09bde64e73b7860e6733b8319b','900e1480a9c4482b830eed25bdd37a91',1,8,8.00,64.00),('d058a93306e14da8ae38bf8d1d35dc8c','f5dcf172601e49b29e5c0dd4b49d98e9','dedb3818f0204a198eea338c1a74b48c',0,10,0.00,0.00),('d087107303ea4e749b89e01b6bac993d','43a07209cb784de6b361005bad69857f','cd2dea827fcf4895a774acd8eac4d671',1,8,8.00,64.00),('d0da0faa3cbf498c80aeb303ddfa7a89','b9d0e6ba215e49c0abc0a387e3589156','8e3a6f2f07dd421bad58749618c41409',1,15,8.00,120.00),('d293b24537014de8bb6974497c6790fe','f5dcf172601e49b29e5c0dd4b49d98e9','78e9127977ce41bca94809e78f373a89',1,12,7.50,90.00),('d327db0e1b3148f4877e6364a0ae348e','39474098ba0e46ac867c9fa3c3327a18','132662dfb6f749089ab2be0d75a0e106',0,1,8.00,8.00),('d37820198ffd4b0b98325822d529c3b5','2f046b8f0e0e401e9b15445c630d9201','900e1480a9c4482b830eed25bdd37a91',0,1,8.00,8.00),('d410215d2fef4da4ab51302469f2e7dc','b9d0e6ba215e49c0abc0a387e3589156','1ffb3e0518814cbb97388d8674aae90a',1,12,8.00,96.00),('d45a8803f1744f2abdf0583c6e7eb5e6','f1e44f88444c4410aa63275cbc35ea8e','cd2dea827fcf4895a774acd8eac4d671',1,8,8.00,64.00),('d482bcfd1ff04f96be5989c7ff97c38d','822ffd09bde64e73b7860e6733b8319b','78e9127977ce41bca94809e78f373a89',1,12,7.50,90.00),('d48c832bc5b74e6d9ee781e901329b37','b9d0e6ba215e49c0abc0a387e3589156','e317a13efa21456db1113bb2aeb8e5f9',1,12,8.00,96.00),('d657fef4cc7540cc8d281abb8341b116','142c4075fd6b4f4ba352bf95cbe92014','b05cf5529def48719b9cfe7a57bb5b80',0,2,8.00,16.00),('d69601371cbf4d14b7cee8fdf1f75630','daba9badcd2d49009ab5feea6d5f0eda','84f5a14353be44aab5d762bd086a9a2b',0,6,8.00,48.00),('d7e6ba8abeb14b90a9ee27d444e99fe1','b9d0e6ba215e49c0abc0a387e3589156','b676da29b65e4f7d944794f731af9d18',1,10,8.00,80.00),('d7ec55e054c045288e885cf46a6d19a1','71313dea9ea846f2adf3e82555e97667','53da4c7539644b60970085acba6781a5',0,6,7.50,45.00),('d898527ba259447fb5260aedac89e61c','ac16bbd5552246399e2e494b7e051bb2','84f5a14353be44aab5d762bd086a9a2b',1,12,8.00,96.00),('d8c3d63d49624f8dbf4483a6f77d01ca','bb3306d40d824ba5afb98a5ee54b77f3','c4876524e53f4418be0837a94642d81f',0,1,7.50,7.50),('d915c3e5d1a04cf39af8cc196980f3fd','39474098ba0e46ac867c9fa3c3327a18','243e994795ca489cb8aec60cf2bc1d97',0,1,8.00,8.00),('d969282c5b394f3999b95a642e63344d','14a58c05e91f4d6a9e641689bb3e60e1','57e9c215273641e3a67f2151c07ab337',0,1,4.50,4.50),('d9f96b3a517d4d158a7fe37b0e7b5efa','f1e44f88444c4410aa63275cbc35ea8e','cfdf35790cbf4ce5babfc77dfad113c8',1,12,7.50,90.00),('da239d23b9f4416e94279349f8b118e8','373d726fa09a45b6b393a9caefb072cd','900e1480a9c4482b830eed25bdd37a91',1,8,8.00,64.00),('da4a85eca15b49c4887b3ab6ef7be411','af8438cc60d748578510f82cc3f1788c','b05cf5529def48719b9cfe7a57bb5b80',1,6,8.00,48.00),('daec3b7d64784f2a88baa62ebea73520','af8438cc60d748578510f82cc3f1788c','458bfa78512043db9bbe57871878e7fe',1,12,4.00,48.00),('db1388e41b9b4dc9a06b126026086290','37bab6191ae9406786003d457e5a334b','78e9127977ce41bca94809e78f373a89',0,6,7.50,45.00),('db1bdba54a2442a5ad892ee0c331cd77','5172cc64a9244d86986ec686fcbc96bc','8e3a6f2f07dd421bad58749618c41409',1,15,8.00,120.00),('db7e423fb51c4e4abf9581395cb728a2','3c0bc3cd0f64469a9195ca62d8890aea','b676da29b65e4f7d944794f731af9d18',2,20,8.00,160.00),('dbdb1e56bc3041e08dcdbdea073b768f','23fd5656238d48d59e7dfbcdfae86959','8ae1231378cc4717987a6bb6b20dd383',0,50,3.50,175.00),('dd3ca84cacdd4bf7b393a3f32d8a6ef4','c91bd1dde02e49499357dfa7dd18c32e','aece7f5d92174de0b758d459810ffcb1',0,6,8.00,48.00),('dd854da886ab4a1eb16cfeeca3593976','c7d227f20ad143fca1840e24af7695f8','0752ebd7a81b40d883f1a82e531a5606',0,7,4.00,28.00),('de6b39a799cf43a394b1f5988aa86a1c','bfe67fe996914ee88d3ce9bd2db5474d','e0213a7bf1c04790ac037e20fb20680c',0,1,4.00,4.00),('dea08d59a5e645049076b2cf00ec7bf7','680efd3dd02a48759ea3d9d6bcd1e9d7','705cd0f20402438588cc6469a8f0cc94',1,10,8.00,80.00),('df4060940a5b4ce4bb9d3f480753af50','e9fad5b69e824f8a95901acb52549530','cfdf35790cbf4ce5babfc77dfad113c8',1,12,7.50,90.00),('df571d63d164487e99cca0c0020d6b81','bfe67fe996914ee88d3ce9bd2db5474d','8ae1231378cc4717987a6bb6b20dd383',0,1,3.50,3.50),('df6bba403c384efa94ab289256095383','e9fad5b69e824f8a95901acb52549530','cd2dea827fcf4895a774acd8eac4d671',1,8,8.00,64.00),('df6e93c83643493e98a856a1dd2090a0','acaa301833424d0f8b32c7595dd20b06','705cd0f20402438588cc6469a8f0cc94',1,10,8.00,80.00),('e2546eb7bcb949f294f1abfeb295969b','bfe67fe996914ee88d3ce9bd2db5474d','2ee4a2a6df9d4caa8ce6b5e0c8a2d56d',0,1,7.50,7.50),('e26bbe0d030a47ab8ddb5c106a8d45a5','97202826452a4bb5a086ccab7263cfb7','b05cf5529def48719b9cfe7a57bb5b80',2,12,8.00,96.00),('e3bf64691b8a4fef86d5d2f57e22a04b','bb3306d40d824ba5afb98a5ee54b77f3','4b677dc8979a425293b41c77bbe14fa8',0,1,8.00,8.00),('e4242e270fbe4089a1eb2b7b7b9fcbc2','c91bd1dde02e49499357dfa7dd18c32e','bdd99bce7785474a9e6b56ffc6a5903e',2,12,7.50,90.00),('e44c40c763c34821aee7d33c610fb20b','680efd3dd02a48759ea3d9d6bcd1e9d7','3030165e94604fd48375b5402474e9b3',1,10,4.00,40.00),('e490da70ddf642929b4b63ae910e6423','f1e44f88444c4410aa63275cbc35ea8e','900e1480a9c4482b830eed25bdd37a91',1,8,8.00,64.00),('e4c47d5d7642453c966b91b6ee4892d6','680efd3dd02a48759ea3d9d6bcd1e9d7','458bfa78512043db9bbe57871878e7fe',1,12,4.00,48.00),('e4da679d77df4d6f88148b883ec455e8','c94cab9255c14dd9bc9a40ac8b30dc2e','243e994795ca489cb8aec60cf2bc1d97',0,20,8.00,160.00),('e59e9c59d75841fd97ea3044c954ecb9','7211a360fc844bee8aecf97c4828655f','57e9c215273641e3a67f2151c07ab337',0,2,4.50,9.00),('e6472d77b177446084271ec0b82e6739','a4feccf0c058417d8d7e970df5c1f867','p1',0,1,45.00,45.00),('e691ac447ad74a27ad857288e5d1b183','a1bb654dfbde4a8d8d693211b70d0ae4','78e9127977ce41bca94809e78f373a89',1,12,7.50,90.00),('e703c7cdc1634f7b988e354749c719bd','39474098ba0e46ac867c9fa3c3327a18','575f9a3958f84526a45a94f154f672ed',0,1,7.50,7.50),('e711d915ee1748a6a9ba07b095f9d1da','3f0d33cf35a34167a6243a0b2cffa582','0f9dd6bec55447c7b9f393af59c3c286',1,10,8.00,80.00),('e7be2807e0e4427f98d518a55564f648','3f0d33cf35a34167a6243a0b2cffa582','bdd99bce7785474a9e6b56ffc6a5903e',1,6,7.50,45.00),('e9678fdd2c934974b7212866cfea505e','af2d729b07c347fea0c23f2ff17a719e','84f5a14353be44aab5d762bd086a9a2b',1,12,8.00,96.00),('ea073862606444fc8d3a0329ae85b4ad','71313dea9ea846f2adf3e82555e97667','b05cf5529def48719b9cfe7a57bb5b80',0,6,8.00,48.00),('ea164ae963b3408eb7337edb6d5cf980','af2d729b07c347fea0c23f2ff17a719e','58edc8d15e5f4810a414c0941222b78a',1,8,7.50,60.00),('ea66333fdc054009b6008d335d6382fb','af2d729b07c347fea0c23f2ff17a719e','cfdf35790cbf4ce5babfc77dfad113c8',1,12,7.50,90.00),('eadc3471a6ea4abbb49c3c6a19d8d3d6','43a07209cb784de6b361005bad69857f','dedb3818f0204a198eea338c1a74b48c',0,13,8.00,104.00),('ec06d0ca631b474ea6ffdc827c60d2f9','bb3306d40d824ba5afb98a5ee54b77f3','17b677c9d851427bb9ee33040e0ee92b',0,1,7.50,7.50),('ec3e669500e74b0cb59954c3757bb074','8750d5bbb4e34be4bd997566dfc732ca','aece7f5d92174de0b758d459810ffcb1',0,6,8.00,48.00),('ec9d2c9674dc4a0c86d82482ff58eb48','b9d0e6ba215e49c0abc0a387e3589156','243e994795ca489cb8aec60cf2bc1d97',1,10,8.00,80.00),('eca2a77523a34e189609ea593b7f677a','0070a39826b749b5a29a5197b53041eb','0f9dd6bec55447c7b9f393af59c3c286',1,10,8.00,80.00),('eca5af9ab6f849468b7dd474b6ccbb52','daba9badcd2d49009ab5feea6d5f0eda','8c49f08a935a4e7d801f7baf224adfcb',1,12,8.00,96.00),('ed0ef87f106444b9a0b213d017068ee9','e9fad5b69e824f8a95901acb52549530','84f5a14353be44aab5d762bd086a9a2b',1,12,8.00,96.00),('ed14f38a1dd642df9ad096d151166d99','43a07209cb784de6b361005bad69857f','b676da29b65e4f7d944794f731af9d18',1,10,8.00,80.00),('ee138ca7831a4a9bbad4184450156669','f5dcf172601e49b29e5c0dd4b49d98e9','bdd99bce7785474a9e6b56ffc6a5903e',1,6,7.50,45.00),('ef39b9af43c349069a5cbd8f0caeaa4d','af2d729b07c347fea0c23f2ff17a719e','705cd0f20402438588cc6469a8f0cc94',0,5,8.00,40.00),('ef57d6ef7e484d09abde3b6f587b5124','6b374ba54dc64a2e9e6cb304a37bbc80','p1',0,1,45.00,45.00),('ef8356e6b1a2430f8e10bdecba2fa1f5','bfe67fe996914ee88d3ce9bd2db5474d','0752ebd7a81b40d883f1a82e531a5606',0,1,4.00,4.00),('efa9e60d00cc4d518ee3b3ce9a2df0a5','0070a39826b749b5a29a5197b53041eb','84f5a14353be44aab5d762bd086a9a2b',1,12,8.00,96.00),('eff218ad251a47bca9f45d6606705262','a1bb654dfbde4a8d8d693211b70d0ae4','1ffb3e0518814cbb97388d8674aae90a',1,12,8.00,96.00),('f05b7d3664134842a61199637ff73daf','1887cef0fbc74740bce136619ce3ea44','1ffb3e0518814cbb97388d8674aae90a',1,12,8.00,96.00),('f0ea5bd036e84d2ca0eeed4828561623','39474098ba0e46ac867c9fa3c3327a18','4b677dc8979a425293b41c77bbe14fa8',0,1,8.00,8.00),('f11c3cf4ed8240dfa9f7bee27463063b','38916faf2e4a4b60842ac53920e1bc92','58edc8d15e5f4810a414c0941222b78a',1,8,7.50,60.00),('f2990fb40e6a4c8e97e238c2c5ecfc2b','c7d227f20ad143fca1840e24af7695f8','1ffb3e0518814cbb97388d8674aae90a',0,6,8.00,48.00),('f3184454d64048b8bfa7fa977675b5ee','e9fad5b69e824f8a95901acb52549530','8c49f08a935a4e7d801f7baf224adfcb',1,12,8.00,96.00),('f3b914c68cd24e15a84910b0b95b7bd8','39474098ba0e46ac867c9fa3c3327a18','0752ebd7a81b40d883f1a82e531a5606',0,1,4.00,4.00),('f42a82bf5c884a959e9120bb7737a907','38916faf2e4a4b60842ac53920e1bc92','dedb3818f0204a198eea338c1a74b48c',0,8,8.00,64.00),('f53a3fc16bb24e56908db523bccba44a','c91bd1dde02e49499357dfa7dd18c32e','8c49f08a935a4e7d801f7baf224adfcb',1,12,8.00,96.00),('f57dedeb6f024e16bb6833997b707d3b','bb3306d40d824ba5afb98a5ee54b77f3','57e9c215273641e3a67f2151c07ab337',0,1,4.50,4.50),('f5f96882ffb849c49cb7212ba2ebaa0e','3c0bc3cd0f64469a9195ca62d8890aea','991d1b867e3d4c92b5723a55cb902475',1,10,3.50,35.00),('f8334202f3504fa7b50a6d9bd2bd57ad','3c0bc3cd0f64469a9195ca62d8890aea','84f5a14353be44aab5d762bd086a9a2b',0,18,8.00,144.00),('f932d83c120d4ba2a48afababd86d7c6','a96c3603a42b44d2ab02b2fc88d95c50','1ffb3e0518814cbb97388d8674aae90a',0,6,8.00,48.00),('f9cecb1bf804420e80bdfc46414af170','f197fbf39c2c47288fcf8d1df2a02375','e317a13efa21456db1113bb2aeb8e5f9',1,12,8.00,96.00),('fc446b6b4b224879af0f9adad5c7db73','bb3306d40d824ba5afb98a5ee54b77f3','053878a2ede34e459ddca41c38ac658d',0,1,7.50,7.50),('fcfe58fb064741d9b3e4375b18809813','f977027a616545e6a8edededd8cd8bd5','900e1480a9c4482b830eed25bdd37a91',0,3,8.00,24.00),('fd6f60a93c2040fc89d056c07528ffaf','a4d46d70cb2042cfb0b566fb27f8710a','53da4c7539644b60970085acba6781a5',0,6,7.50,45.00),('fdb4130ad8064d3995d9964ea81113c5','3c0bc3cd0f64469a9195ca62d8890aea','2ee4a2a6df9d4caa8ce6b5e0c8a2d56d',1,15,7.50,112.50),('fdf8d390db194e41b4201d5852a7fd1e','b9d0e6ba215e49c0abc0a387e3589156','705cd0f20402438588cc6469a8f0cc94',1,10,8.00,80.00),('fe1b8f06630a4b5e9ae704cf513d2a07','f197fbf39c2c47288fcf8d1df2a02375','cd2dea827fcf4895a774acd8eac4d671',1,8,8.00,64.00),('fe2464fe48234288830f37274021f374','3c0bc3cd0f64469a9195ca62d8890aea','fe184c1459aa4f85b98e62d42b58f6bd',1,10,3.50,35.00),('fe389624efb04a27b7f4869b1dd231b7','f197fbf39c2c47288fcf8d1df2a02375','b676da29b65e4f7d944794f731af9d18',2,20,8.00,160.00),('fe5d01b1c0df42ffa75187ce35006208','680efd3dd02a48759ea3d9d6bcd1e9d7','900e1480a9c4482b830eed25bdd37a91',1,8,8.00,64.00),('fe9a9bb0b0364a4fb12735b579775882','af8438cc60d748578510f82cc3f1788c','0f9dd6bec55447c7b9f393af59c3c286',1,10,8.00,80.00),('feef8d9768a74764a19e334c74cc9557','8750d5bbb4e34be4bd997566dfc732ca','900e1480a9c4482b830eed25bdd37a91',2,16,8.00,128.00),('ffdac580b8f94e75a359167990be5312','39474098ba0e46ac867c9fa3c3327a18','84f5a14353be44aab5d762bd086a9a2b',0,1,8.00,8.00),('sal1','sa1','p1',0,24,45.00,1080.00),('sal10','sa6','p8',0,36,66.00,2376.00),('sal2','sa1','p3',0,48,52.00,2496.00),('sal3','sa2','p1',0,36,45.00,1620.00),('sal4','sa3','p3',0,24,52.00,1248.00),('sal5','sa3','p5',0,12,70.00,840.00),('sal6','sa4','p2',0,80,38.00,3040.00),('sal7','sa4','p4',0,20,52.00,1040.00),('sal8','sa5','p6',0,12,15.00,180.00),('sal9','sa6','p7',0,60,30.00,1800.00);
/*!40000 ALTER TABLE `wh_sale_line` ENABLE KEYS */;
UNLOCK TABLES;

--
-- Table structure for table `wh_static_json`
--

DROP TABLE IF EXISTS `wh_static_json`;
/*!40101 SET @saved_cs_client     = @@character_set_client */;
/*!50503 SET character_set_client = utf8mb4 */;
CREATE TABLE `wh_static_json` (
  `json_key` varchar(50) NOT NULL COMMENT '唯一key',
  `content` mediumtext NOT NULL COMMENT 'JSON内容',
  `updated_at` datetime NOT NULL DEFAULT CURRENT_TIMESTAMP ON UPDATE CURRENT_TIMESTAMP COMMENT '更新时间',
  PRIMARY KEY (`json_key`)
) ENGINE=InnoDB DEFAULT CHARSET=utf8mb4 COLLATE=utf8mb4_0900_ai_ci COMMENT='静态JSON缓存表';
/*!40101 SET character_set_client = @saved_cs_client */;

--
-- Dumping data for table `wh_static_json`
--

LOCK TABLES `wh_static_json` WRITE;
/*!40000 ALTER TABLE `wh_static_json` DISABLE KEYS */;
/*!40000 ALTER TABLE `wh_static_json` ENABLE KEYS */;
UNLOCK TABLES;

--
-- Table structure for table `wh_stock`
--

DROP TABLE IF EXISTS `wh_stock`;
/*!40101 SET @saved_cs_client     = @@character_set_client */;
/*!50503 SET character_set_client = utf8mb4 */;
CREATE TABLE `wh_stock` (
  `warehouse_id` varchar(32) NOT NULL COMMENT '仓库ID',
  `product_id` varchar(32) NOT NULL COMMENT '商品ID',
  `qty` int NOT NULL DEFAULT '0' COMMENT '库存袋数',
  `updated_at` datetime NOT NULL DEFAULT CURRENT_TIMESTAMP ON UPDATE CURRENT_TIMESTAMP COMMENT '更新时间',
  PRIMARY KEY (`warehouse_id`,`product_id`)
) ENGINE=InnoDB DEFAULT CHARSET=utf8mb4 COLLATE=utf8mb4_0900_ai_ci COMMENT='库存表';
/*!40101 SET character_set_client = @saved_cs_client */;

--
-- Dumping data for table `wh_stock`
--

LOCK TABLES `wh_stock` WRITE;
/*!40000 ALTER TABLE `wh_stock` DISABLE KEYS */;
INSERT INTO `wh_stock` VALUES ('main','',0,'2026-04-13 10:26:09'),('main','053878a2ede34e459ddca41c38ac658d',12000,'2026-04-12 13:38:49'),('main','0752ebd7a81b40d883f1a82e531a5606',16000,'2026-04-12 13:39:55'),('main','0f9dd6bec55447c7b9f393af59c3c286',8000,'2026-04-12 13:41:40'),('main','132662dfb6f749089ab2be0d75a0e106',9600,'2026-04-12 13:34:26'),('main','17b677c9d851427bb9ee33040e0ee92b',12000,'2026-04-12 13:38:49'),('main','1bbd4938f0414180b6b53bea106a3ca0',12000,'2026-04-12 13:38:49'),('main','1ffb3e0518814cbb97388d8674aae90a',9600,'2026-04-12 13:36:48'),('main','243e994795ca489cb8aec60cf2bc1d97',17500,'2026-04-11 23:23:39'),('main','26f4a7ebb4ae4587a5269bd32e69fa8c',8000,'2026-04-12 13:28:14'),('main','2ee4a2a6df9d4caa8ce6b5e0c8a2d56d',12000,'2026-04-12 13:33:30'),('main','3030165e94604fd48375b5402474e9b3',8000,'2026-04-12 13:43:48'),('main','32d4186fd29a4311aada5b21e466de91',8000,'2026-04-12 13:28:13'),('main','458bfa78512043db9bbe57871878e7fe',9600,'2026-04-12 13:32:47'),('main','4b677dc8979a425293b41c77bbe14fa8',9600,'2026-04-12 13:29:41'),('main','53da4c7539644b60970085acba6781a5',9600,'2026-04-12 13:34:10'),('main','575f9a3958f84526a45a94f154f672ed',12000,'2026-04-12 13:33:31'),('main','57e9c215273641e3a67f2151c07ab337',16000,'2026-04-12 13:39:55'),('main','58edc8d15e5f4810a414c0941222b78a',6400,'2026-04-12 13:29:21'),('main','6486accd8ec84ff79c7cdea3367b1ad8',6,'2026-04-12 13:50:48'),('main','705cd0f20402438588cc6469a8f0cc94',0,'2026-04-12 13:43:59'),('main','78e9127977ce41bca94809e78f373a89',0,'2026-04-13 07:32:41'),('main','84f5a14353be44aab5d762bd086a9a2b',9600,'2026-04-12 13:39:15'),('main','871ef55e9c0a4d678b4da46520d9892a',9600,'2026-04-12 13:28:43'),('main','8ae1231378cc4717987a6bb6b20dd383',3900,'2026-04-12 11:21:55'),('main','8c49f08a935a4e7d801f7baf224adfcb',9600,'2026-04-12 13:39:15'),('main','8e3a6f2f07dd421bad58749618c41409',10500,'2026-04-12 13:34:38'),('main','900e1480a9c4482b830eed25bdd37a91',6400,'2026-04-12 13:43:48'),('main','93962c4a47664039919691eb044c3f2c',0,'2026-04-13 16:53:10'),('main','94c3b4a6da884f9aac9604883866cd5b',0,'2026-04-16 21:42:55'),('main','988f4f00e2384732845f18f22615b743',12000,'2026-04-12 13:38:49'),('main','991d1b867e3d4c92b5723a55cb902475',9000,'2026-04-12 13:28:13'),('main','99e3f41e2a784934ad25a3c65a8c0f44',19200,'2026-04-12 13:28:43'),('main','9fe73b50b85743fb8885da5a0d208f20',8000,'2026-04-12 13:32:47'),('main','aece7f5d92174de0b758d459810ffcb1',9600,'2026-04-16 08:51:45'),('main','b05cf5529def48719b9cfe7a57bb5b80',4800,'2026-04-12 13:44:09'),('main','b36351f34f14494db993f641267f36a5',9600,'2026-04-12 13:32:47'),('main','b676da29b65e4f7d944794f731af9d18',8000,'2026-04-12 13:39:33'),('main','b87a6361b74641ffa5e413dc3ce35581',0,'2026-04-13 16:53:10'),('main','bdd99bce7785474a9e6b56ffc6a5903e',4800,'2026-04-12 13:29:21'),('main','c4876524e53f4418be0837a94642d81f',12000,'2026-04-12 13:38:49'),('main','c75e167ff4a54177a7c9fd6bb10686b1',0,'2026-04-16 10:23:20'),('main','cd2dea827fcf4895a774acd8eac4d671',6400,'2026-04-12 13:29:55'),('main','cfdf35790cbf4ce5babfc77dfad113c8',0,'2026-04-13 07:32:41'),('main','d75c5c564e2e4cd9be68ee4e68db643c',100,'2026-04-12 16:43:22'),('main','d83e34b786f04a3cbe7917fb4bf0ff15',1000,'2026-04-16 21:42:55'),('main','dedb3818f0204a198eea338c1a74b48c',12000,'2026-04-13 11:32:26'),('main','e0213a7bf1c04790ac037e20fb20680c',12800,'2026-04-12 13:35:33'),('main','e317a13efa21456db1113bb2aeb8e5f9',9600,'2026-04-12 13:39:33'),('main','e691aa957798446eb7746f5a958833b7',9600,'2026-04-12 13:34:10'),('main','f116ee56a4804fe2bbfc8db4d3325cc0',6400,'2026-04-12 13:35:03'),('main','fe184c1459aa4f85b98e62d42b58f6bd',8000,'2026-04-12 13:28:14'),('veh_sp_big','053878a2ede34e459ddca41c38ac658d',1499,'2026-04-16 21:48:51'),('veh_sp_big','0752ebd7a81b40d883f1a82e531a5606',2000,'2026-04-16 21:48:51'),('veh_sp_big','0f9dd6bec55447c7b9f393af59c3c286',1000,'2026-04-16 21:48:51'),('veh_sp_big','132662dfb6f749089ab2be0d75a0e106',1199,'2026-04-16 21:48:51'),('veh_sp_big','17b677c9d851427bb9ee33040e0ee92b',1500,'2026-04-16 21:48:52'),('veh_sp_big','1bbd4938f0414180b6b53bea106a3ca0',1500,'2026-04-16 21:48:51'),('veh_sp_big','1ffb3e0518814cbb97388d8674aae90a',1202,'2026-04-16 21:48:51'),('veh_sp_big','243e994795ca489cb8aec60cf2bc1d97',1000,'2026-04-16 21:48:51'),('veh_sp_big','26f4a7ebb4ae4587a5269bd32e69fa8c',1000,'2026-04-16 21:48:52'),('veh_sp_big','2ee4a2a6df9d4caa8ce6b5e0c8a2d56d',1499,'2026-04-16 21:48:51'),('veh_sp_big','3030165e94604fd48375b5402474e9b3',1001,'2026-04-16 21:48:51'),('veh_sp_big','32d4186fd29a4311aada5b21e466de91',1000,'2026-04-16 21:48:51'),('veh_sp_big','458bfa78512043db9bbe57871878e7fe',1200,'2026-04-16 21:48:51'),('veh_sp_big','4b677dc8979a425293b41c77bbe14fa8',1203,'2026-04-16 21:48:52'),('veh_sp_big','53da4c7539644b60970085acba6781a5',1200,'2026-04-16 21:48:51'),('veh_sp_big','575f9a3958f84526a45a94f154f672ed',1500,'2026-04-16 21:48:51'),('veh_sp_big','57e9c215273641e3a67f2151c07ab337',1999,'2026-04-16 21:48:51'),('veh_sp_big','58edc8d15e5f4810a414c0941222b78a',800,'2026-04-16 21:48:51'),('veh_sp_big','78e9127977ce41bca94809e78f373a89',600,'2026-04-16 21:51:17'),('veh_sp_big','84f5a14353be44aab5d762bd086a9a2b',1200,'2026-04-16 21:48:51'),('veh_sp_big','871ef55e9c0a4d678b4da46520d9892a',1200,'2026-04-16 21:48:51'),('veh_sp_big','8ae1231378cc4717987a6bb6b20dd383',1500,'2026-04-16 21:48:52'),('veh_sp_big','8c49f08a935a4e7d801f7baf224adfcb',1200,'2026-04-16 21:48:51'),('veh_sp_big','8e3a6f2f07dd421bad58749618c41409',1500,'2026-04-16 21:48:52'),('veh_sp_big','900e1480a9c4482b830eed25bdd37a91',800,'2026-04-16 21:48:52'),('veh_sp_big','94c3b4a6da884f9aac9604883866cd5b',1500,'2026-04-16 21:48:51'),('veh_sp_big','988f4f00e2384732845f18f22615b743',1500,'2026-04-16 21:48:51'),('veh_sp_big','991d1b867e3d4c92b5723a55cb902475',1000,'2026-04-16 21:48:51'),('veh_sp_big','99e3f41e2a784934ad25a3c65a8c0f44',2400,'2026-04-16 21:48:52'),('veh_sp_big','9fe73b50b85743fb8885da5a0d208f20',1000,'2026-04-16 21:48:52'),('veh_sp_big','aece7f5d92174de0b758d459810ffcb1',1200,'2026-04-16 21:48:51'),('veh_sp_big','b05cf5529def48719b9cfe7a57bb5b80',600,'2026-04-16 21:48:51'),('veh_sp_big','b36351f34f14494db993f641267f36a5',1200,'2026-04-16 21:48:51'),('veh_sp_big','b676da29b65e4f7d944794f731af9d18',1000,'2026-04-16 21:48:51'),('veh_sp_big','b87a6361b74641ffa5e413dc3ce35581',1200,'2026-04-16 21:51:17'),('veh_sp_big','bdd99bce7785474a9e6b56ffc6a5903e',600,'2026-04-16 21:48:52'),('veh_sp_big','c4876524e53f4418be0837a94642d81f',1500,'2026-04-16 21:48:51'),('veh_sp_big','c75e167ff4a54177a7c9fd6bb10686b1',3600,'2026-04-16 21:48:51'),('veh_sp_big','cd2dea827fcf4895a774acd8eac4d671',800,'2026-04-16 21:48:51'),('veh_sp_big','cfdf35790cbf4ce5babfc77dfad113c8',600,'2026-04-16 21:51:17'),('veh_sp_big','dedb3818f0204a198eea338c1a74b48c',1500,'2026-04-16 21:48:51'),('veh_sp_big','e0213a7bf1c04790ac037e20fb20680c',1600,'2026-04-16 21:48:51'),('veh_sp_big','e317a13efa21456db1113bb2aeb8e5f9',1200,'2026-04-16 21:48:51'),('veh_sp_big','e691aa957798446eb7746f5a958833b7',1200,'2026-04-16 21:48:51'),('veh_sp_big','f116ee56a4804fe2bbfc8db4d3325cc0',800,'2026-04-16 21:48:52'),('veh_sp_big','fe184c1459aa4f85b98e62d42b58f6bd',1000,'2026-04-16 21:48:52'),('veh_sp_small','',0,'2026-04-13 10:26:09'),('veh_sp_small','053878a2ede34e459ddca41c38ac658d',1497,'2026-04-12 13:50:48'),('veh_sp_small','0752ebd7a81b40d883f1a82e531a5606',1850,'2026-04-12 13:50:48'),('veh_sp_small','0f9dd6bec55447c7b9f393af59c3c286',900,'2026-04-12 13:50:48'),('veh_sp_small','132662dfb6f749089ab2be0d75a0e106',1073,'2026-04-12 13:50:48'),('veh_sp_small','17b677c9d851427bb9ee33040e0ee92b',1501,'2026-04-12 13:50:48'),('veh_sp_small','1bbd4938f0414180b6b53bea106a3ca0',1501,'2026-04-12 13:50:48'),('veh_sp_small','1ffb3e0518814cbb97388d8674aae90a',1123,'2026-04-12 13:50:48'),('veh_sp_small','243e994795ca489cb8aec60cf2bc1d97',1244,'2026-04-11 23:23:59'),('veh_sp_small','26f4a7ebb4ae4587a5269bd32e69fa8c',1000,'2026-04-12 13:50:48'),('veh_sp_small','2ee4a2a6df9d4caa8ce6b5e0c8a2d56d',1440,'2026-04-12 13:50:48'),('veh_sp_small','3030165e94604fd48375b5402474e9b3',975,'2026-04-12 13:50:48'),('veh_sp_small','32d4186fd29a4311aada5b21e466de91',1000,'2026-04-12 13:50:48'),('veh_sp_small','458bfa78512043db9bbe57871878e7fe',1155,'2026-04-12 13:50:48'),('veh_sp_small','4b677dc8979a425293b41c77bbe14fa8',1173,'2026-04-12 13:50:48'),('veh_sp_small','53da4c7539644b60970085acba6781a5',1185,'2026-04-12 13:50:48'),('veh_sp_small','575f9a3958f84526a45a94f154f672ed',1434,'2026-04-12 13:50:48'),('veh_sp_small','57e9c215273641e3a67f2151c07ab337',1982,'2026-04-12 13:50:48'),('veh_sp_small','58edc8d15e5f4810a414c0941222b78a',715,'2026-04-12 13:50:48'),('veh_sp_small','6486accd8ec84ff79c7cdea3367b1ad8',0,'2026-04-12 13:50:48'),('veh_sp_small','705cd0f20402438588cc6469a8f0cc94',9937,'2026-04-13 10:15:16'),('veh_sp_small','78e9127977ce41bca94809e78f373a89',504,'2026-04-13 07:33:14'),('veh_sp_small','84f5a14353be44aab5d762bd086a9a2b',1125,'2026-04-12 13:50:48'),('veh_sp_small','871ef55e9c0a4d678b4da46520d9892a',1194,'2026-04-12 13:50:48'),('veh_sp_small','8ae1231378cc4717987a6bb6b20dd383',1967,'2026-04-12 11:22:19'),('veh_sp_small','8c49f08a935a4e7d801f7baf224adfcb',1140,'2026-04-12 13:50:48'),('veh_sp_small','8e3a6f2f07dd421bad58749618c41409',2967,'2026-04-12 13:50:48'),('veh_sp_small','900e1480a9c4482b830eed25bdd37a91',426,'2026-04-12 13:50:48'),('veh_sp_small','93962c4a47664039919691eb044c3f2c',1188,'2026-04-13 16:53:45'),('veh_sp_small','94c3b4a6da884f9aac9604883866cd5b',3,'2026-04-16 15:17:39'),('veh_sp_small','988f4f00e2384732845f18f22615b743',1497,'2026-04-12 13:50:48'),('veh_sp_small','991d1b867e3d4c92b5723a55cb902475',10,'2026-04-14 17:18:56'),('veh_sp_small','99e3f41e2a784934ad25a3c65a8c0f44',2406,'2026-04-12 13:50:48'),('veh_sp_small','9fe73b50b85743fb8885da5a0d208f20',1000,'2026-04-12 13:50:48'),('veh_sp_small','aece7f5d92174de0b758d459810ffcb1',1188,'2026-04-16 08:52:06'),('veh_sp_small','b05cf5529def48719b9cfe7a57bb5b80',483,'2026-04-12 13:50:48'),('veh_sp_small','b36351f34f14494db993f641267f36a5',1200,'2026-04-12 13:50:48'),('veh_sp_small','b676da29b65e4f7d944794f731af9d18',838,'2026-04-12 13:50:48'),('veh_sp_small','b87a6361b74641ffa5e413dc3ce35581',1200,'2026-04-13 16:53:45'),('veh_sp_small','bdd99bce7785474a9e6b56ffc6a5903e',534,'2026-04-12 13:50:48'),('veh_sp_small','c4876524e53f4418be0837a94642d81f',1497,'2026-04-12 13:50:48'),('veh_sp_small','c75e167ff4a54177a7c9fd6bb10686b1',3594,'2026-04-16 13:53:44'),('veh_sp_small','cd2dea827fcf4895a774acd8eac4d671',721,'2026-04-12 13:50:48'),('veh_sp_small','cfdf35790cbf4ce5babfc77dfad113c8',498,'2026-04-13 07:33:14'),('veh_sp_small','d83e34b786f04a3cbe7917fb4bf0ff15',21,'2026-04-16 10:49:13'),('veh_sp_small','dedb3818f0204a198eea338c1a74b48c',1459,'2026-04-13 11:32:47'),('veh_sp_small','e0213a7bf1c04790ac037e20fb20680c',1609,'2026-04-12 13:50:48'),('veh_sp_small','e317a13efa21456db1113bb2aeb8e5f9',1152,'2026-04-12 13:50:48'),('veh_sp_small','e691aa957798446eb7746f5a958833b7',1188,'2026-04-12 13:50:48'),('veh_sp_small','f116ee56a4804fe2bbfc8db4d3325cc0',784,'2026-04-12 13:50:48'),('veh_sp_small','fe184c1459aa4f85b98e62d42b58f6bd',990,'2026-04-12 13:50:48');
/*!40000 ALTER TABLE `wh_stock` ENABLE KEYS */;
UNLOCK TABLES;

--
-- Table structure for table `wh_store`
--

DROP TABLE IF EXISTS `wh_store`;
/*!40101 SET @saved_cs_client     = @@character_set_client */;
/*!50503 SET character_set_client = utf8mb4 */;
CREATE TABLE `wh_store` (
  `id` varchar(32) NOT NULL COMMENT '主键ID',
  `code` varchar(50) DEFAULT NULL COMMENT '门店编码',
  `name` varchar(200) NOT NULL COMMENT '门店名称',
  `address` varchar(500) DEFAULT NULL COMMENT '地址',
  `salesperson_id` varchar(32) DEFAULT NULL COMMENT '默认业务员账户ID',
  `lat` decimal(10,6) DEFAULT NULL COMMENT '纬度',
  `lng` decimal(10,6) DEFAULT NULL COMMENT '经度',
  `scale` tinyint DEFAULT '1' COMMENT '规模: 1小 2中 3大 4超大',
  `status` varchar(10) NOT NULL DEFAULT 'active' COMMENT '状态: active/inactive',
  `created_at` datetime NOT NULL DEFAULT CURRENT_TIMESTAMP COMMENT '创建时间',
  `updated_at` datetime NOT NULL DEFAULT CURRENT_TIMESTAMP ON UPDATE CURRENT_TIMESTAMP COMMENT '更新时间',
  PRIMARY KEY (`id`),
  KEY `idx_salesperson_id` (`salesperson_id`)
) ENGINE=InnoDB DEFAULT CHARSET=utf8mb4 COLLATE=utf8mb4_0900_ai_ci COMMENT='门店表';
/*!40101 SET character_set_client = @saved_cs_client */;

--
-- Dumping data for table `wh_store`
--

LOCK TABLES `wh_store` WRITE;
/*!40000 ALTER TABLE `wh_store` DISABLE KEYS */;
INSERT INTO `wh_store` VALUES ('0c0aea9b372c4c87b37ae2e7db10fd96','阻光超市','阻光超市','河南省南阳市卧龙区蒲山镇电厂路河南海宏科技有限公司','sp_big',33.094148,112.556398,1,'active','2026-04-16 08:57:57','2026-04-16 08:57:57'),('4294acdb95fa48338410aa7380a81d36','金河中心鲜果超市(郑湾店)','金河中心鲜果超市(郑湾店)','郑湾房管局旁','sp_small',33.145335,111.490326,1,'active','2026-04-13 11:17:24','2026-04-13 11:17:24'),('4ba2876d636c45fc9a3c5d47dd176e91','小亮超市歪子','小亮超市歪子','河南省南阳市新野县歪子镇南阳路','sp_small',32.734239,112.386016,1,'active','2026-04-16 13:43:06','2026-04-16 13:43:06'),('4f929fcf8d9c48fa9acbe240b1d714b9','金河中心鲜果店','金河中心鲜果店','长安路与南阳西路交叉口西南40米','sp_small',33.127214,111.469066,1,'active','2026-04-13 10:04:11','2026-04-13 10:04:11'),('513af953bccb4540bdc3f7e7d9ea7aba','鲜多多生鲜超市','鲜多多生鲜超市','西坪头村大队部东50米3号','sp_small',33.106995,111.545091,1,'active','2026-04-13 16:18:22','2026-04-13 16:18:22'),('5451607fb03c437a826f26e9e0d6539a','怡心购物广场','怡心购物广场','河南省南阳市卧龙区青华镇008乡道','sp_small',32.841916,112.381388,1,'active','2026-04-16 14:53:01','2026-04-16 14:53:01'),('5a3767c69c1d4b1ebd0f0c06df6cb23b','三德超市','三德超市','南阳路1号','sp_small',33.131325,111.497225,1,'active','2026-04-13 12:44:55','2026-04-13 12:44:55'),('5c2c150066054763940e4eb34f4f038a','喜来福超市','喜来福超市','河南省南阳市卧龙区蒲山镇倪家洼村','sp_big',33.152776,112.546460,1,'active','2026-04-16 10:09:01','2026-04-16 10:09:01'),('6021175843224a70874ccb18b21f85e5','佳彩鲜蔬(东风路店)','佳彩鲜蔬(东风路店)','龙城街道东风路春风社区第8网格073A附1号','sp_small',33.142562,111.489370,1,'active','2026-04-13 12:01:21','2026-04-13 12:01:21'),('64f303a298fb41e58b6b875aeebf693b','金河中心鲜果超市(罗池贯店)','金河中心鲜果超市(罗池贯店)','灌河路与学府路交叉口西北180米','sp_small',33.113933,111.497036,1,'active','2026-04-13 14:09:21','2026-04-13 14:09:21'),('6b4ca0a14bcc4aaaa4c312efa752e095','鑫宜嘉','鑫宜嘉','河南省南阳市卧龙区七一街道红庙路旺盛一家酒店(南阳府衙火车站店)','sp_small',32.983298,112.526982,1,'active','2026-04-16 08:26:53','2026-04-16 08:26:53'),('7671e0aa0e5c4cacb7b08cdf10654353','家家乐','家家乐','团结大道与桃源路交叉口西北60米','sp_small',33.037468,111.636020,1,'active','2026-04-13 17:00:42','2026-04-13 17:00:42'),('7c0d695b47ba4e1c9ed42bdd6317ebfa','大润家生活超市','大润家生活超市','灌河路402号','sp_small',33.113036,111.499214,1,'active','2026-04-13 15:07:28','2026-04-13 15:07:28'),('842a07be409c4077bd58efe8a7910d3f','福德民','福德民','河南省南阳市宛城区姜营街道九龙路和谐家园(九龙路)','sp_small',32.978935,112.573367,1,'active','2026-04-16 09:33:55','2026-04-16 09:33:55'),('94837a015ca248a7933cfdb10a77c940','新惠超市','新惠超市','河南省南阳市卧龙区蒲山镇龙祥路','sp_big',33.081310,112.537252,1,'active','2026-04-16 08:46:16','2026-04-16 08:46:16'),('b4650eed52c340cab737c545f06185f0','宜家美（歪子店）','宜家美（歪子店）','河南省南阳市新野县歪子镇解放路新野县歪子镇人民政府','sp_small',32.729930,112.385312,1,'active','2026-04-16 12:46:43','2026-04-16 12:46:43'),('bb385a5ac4e245799d15ded1cc2548f9','萧本','萧本','河南省南阳市宛城区黄台岗镇003乡道','sp_small',32.810825,112.554255,1,'active','2026-04-16 10:39:07','2026-04-16 10:39:07'),('bf5b4776550749d3a14aaf7e5f72cf63','一诺','一诺','河南省南阳市卧龙区百里奚街道军农路舒心园','sp_small',33.001283,112.495641,1,'active','2026-04-16 17:28:03','2026-04-16 17:28:03'),('bf601b29031e4096bc49d7c0ab37860b','家家福购物','家家福购物','332省道','sp_small',33.019904,111.675542,1,'active','2026-04-13 18:01:46','2026-04-13 18:01:46'),('d2600ba548fc4e5c893ba1e286a5a2af','金叶便利','金叶便利','河南省南阳市卧龙区青华镇008乡道','sp_small',32.901240,112.397475,1,'active','2026-04-16 16:04:00','2026-04-16 16:04:00'),('e39639a615b14c07926d61a617b92248','喜万家超市','喜万家超市','河南省南阳市卧龙区蒲山镇电厂路','sp_big',33.095671,112.535720,1,'active','2026-04-16 09:23:52','2026-04-16 09:23:52'),('ed5fc24832904fda8cdc5fda5c7d7536','老邻居果蔬超市配送中心','老邻居果蔬超市配送中心','人民西路与富强路交叉口东北280米','sp_small',33.137499,111.468661,1,'active','2026-04-13 10:11:45','2026-04-13 10:11:45');
/*!40000 ALTER TABLE `wh_store` ENABLE KEYS */;
UNLOCK TABLES;

--
-- Table structure for table `wh_supplier`
--

DROP TABLE IF EXISTS `wh_supplier`;
/*!40101 SET @saved_cs_client     = @@character_set_client */;
/*!50503 SET character_set_client = utf8mb4 */;
CREATE TABLE `wh_supplier` (
  `id` varchar(32) NOT NULL COMMENT '主键ID',
  `code` varchar(50) NOT NULL COMMENT '供应商编码',
  `name` varchar(200) NOT NULL COMMENT '供应商名称',
  `contact` varchar(50) DEFAULT NULL COMMENT '联系人',
  `phone` varchar(20) DEFAULT NULL COMMENT '联系电话',
  `address` varchar(500) DEFAULT NULL COMMENT '地址',
  `status` varchar(10) NOT NULL DEFAULT 'active' COMMENT '状态: active/inactive',
  `created_at` datetime NOT NULL DEFAULT CURRENT_TIMESTAMP COMMENT '创建时间',
  `updated_at` datetime NOT NULL DEFAULT CURRENT_TIMESTAMP ON UPDATE CURRENT_TIMESTAMP COMMENT '更新时间',
  PRIMARY KEY (`id`),
  UNIQUE KEY `uk_code` (`code`)
) ENGINE=InnoDB DEFAULT CHARSET=utf8mb4 COLLATE=utf8mb4_0900_ai_ci COMMENT='供应商表';
/*!40101 SET character_set_client = @saved_cs_client */;

--
-- Dumping data for table `wh_supplier`
--

LOCK TABLES `wh_supplier` WRITE;
/*!40000 ALTER TABLE `wh_supplier` DISABLE KEYS */;
INSERT INTO `wh_supplier` VALUES ('0bd3ffe963d043ab8dcd23b5c4a94bb8','yinliaochang','多情果','多情果','18739648785','河南焦作','active','2026-04-10 13:21:24','2026-04-10 13:21:24'),('0eaebd148164479ba3599cb2b2d88cbf','jiangmitiaokeyingmen','江米条客盈门','江米条萨其马','13939514665','漯河临颍县杜曲镇','active','2026-04-10 14:04:14','2026-04-10 14:04:14'),('11657ed09ad64624ba23fcb3ca81fbfc','mahua','麻花开封','麻花','vx','河南开封','active','2026-04-10 13:31:58','2026-04-10 13:31:58'),('29cfb6efd20045c5ba4813b5c46f7b14','fengmidangaofuzeshipin','蜂蜜蛋糕福泽食品','蜂蜜牛奶蛋糕','15075966513','河北邢台','active','2026-04-10 13:52:18','2026-04-10 13:52:18'),('3ef7ecc47289472e95bd602ac84dcc98','niuditou','牛抵头','牛抵头饮料','15836631135','河南省驻马店','active','2026-04-10 13:22:47','2026-04-10 13:22:47'),('44f2579fd1d047afb43abc1474d2ad93','meilinxiaozhen(fenghaoshipin)','小米面包美林小镇','小米面包','18539035822','许昌市襄城县麦岭镇麦西村','active','2026-04-10 13:12:50','2026-04-10 13:12:50'),('46c94ae8ed3e46058af9eeb2047874fe','mayepingfanrensheng','麻叶平凡人生','麻叶','13783950648','漯河临颍杜曲镇','active','2026-04-10 14:06:43','2026-04-10 14:06:43'),('49e26943eb934caea60a8647f38d7678','xiuxianshipinxiangfan','休闲食品襄樊','休闲果子','15271064551','湖北襄阳','active','2026-04-10 13:55:55','2026-04-10 13:55:55'),('4ae1681683704bdcae01201af511992e','haimiandangaozhaozhouhesheng','海绵蛋糕赵州和盛','海绵红枣蛋糕','13673180516','河北石家庄','active','2026-04-10 13:57:35','2026-04-10 13:57:35'),('4f8618d91c3142b09db86e87e76cb637','xinkuolvdousu','绿豆酥新阔','绿豆酥','13733667698','河南许昌','active','2026-04-10 13:29:42','2026-04-10 13:29:42'),('63ad1e1acd544ac189d92b92810f4419','heibaizhimayufucheng','黑白芝麻玉福成',NULL,'13211070628','河北邢台','active','2026-04-10 13:55:02','2026-04-10 13:55:02'),('78e8110121744f1c9d30c74a2db08527','wutangmaiteyuan','无糖麦特园','无糖蛋糕','16631919222','河北邢台','active','2026-04-10 13:53:59','2026-04-10 13:53:59'),('82015d2060114bb59c8e4b70bd0dfc90','sanzi','馓子','馓子','15136980209','平顶山舞钢市黄张路枣林乡客运西北侧250米','active','2026-04-10 13:19:48','2026-04-10 13:19:48'),('8aa10abdff954120b435b6ba55156314','danjuanxinlekang','蛋卷鑫乐康平壤','蛋卷','15836753778','驻马店','active','2026-04-10 13:51:41','2026-04-10 13:51:41'),('8caa85d23bc84410a86c5ee1b09e7f68','laopobingyingzi','老婆饼英仔','老婆饼','18639998049','临颍县杜曲镇','active','2026-04-10 14:05:45','2026-04-10 14:05:45'),('93bc2cec18524c3797b0da764b094b61','shundashipin','袋桃酥顺达舞钢','袋桃酥','13193928482','漯河市舞阳县沟李村','active','2026-04-10 13:16:53','2026-04-10 13:16:53'),('956104a78be64a6287306ea687dfbffe','doushamianbaoasi','豆沙面包聊城','豆沙','VX','山东聊城','active','2026-04-10 13:37:13','2026-04-10 13:37:13'),('9c1f60cd6546479ca6112759dc4a6e59','weiduomei','爆米花荞麦酥微多美','爆米花荞麦酥米花糖','18256830666','安徽阜阳','active','2026-04-10 13:08:52','2026-04-10 13:08:52'),('9fc4460ccf2246fc9c694bb65d63fbbc','sanhaoshipin','叶县桃酥三浩食品','桃酥','18639737000','平顶山市叶县洪庄杨镇张集村河南省三浩食品有限责任公司','active','2026-04-10 13:14:18','2026-04-10 13:14:18'),('a1af724950a54684ba64a630dfbc73b6','minidanpifuyangtusi','迷你蛋皮阜阳吐司','迷你蛋皮','vx','安徽阜阳','active','2026-04-10 14:20:29','2026-04-10 14:20:29'),('b320727132e543f7940d8c3704aa5df6','henanxiujinshipin','糟子糕绣锦食品','糟子糕月饼','15038885281','郏县广阔天地博物馆X016西','active','2026-04-10 13:08:02','2026-04-10 13:08:02'),('bf7dabd448b747028fdf133a353d5173','yuanzhirunshipin','缘之润食品','钙奶饼干','15725780278','山东临沂','active','2026-04-10 13:05:14','2026-04-10 13:05:14'),('ca6d0b836b4b41edbb182ce1d6632bb8','jianguobeibei','坚果贝贝','芋泥味奶贝蛋糕','18865152287','山东聊城','active','2026-04-13 07:30:01','2026-04-13 07:30:01'),('cb2833c7279949da92d3ade6a01747fc','yutousu','芋头酥襄城','芋头酥','13783632025','许昌襄城县王洛镇','active','2026-04-10 13:33:54','2026-04-10 13:33:54'),('cd47670970554cd1901dd78bc6c47255','maifuwangshaobing','烧饼，香酥饼济宁','香酥饼','18369829855','山东济宁','active','2026-04-10 13:24:19','2026-04-10 13:24:19'),('da3aa220c9c44f408f41fc1a6a4a146c','madeheshipinmianbaoqiepian','马德合大小老面包','大小老面包','15903967797','河南省泌阳县付庄街文化路75号','active','2026-04-10 13:03:12','2026-04-10 13:03:12'),('deb210891e434f9f9aceb7846a7434f2','yuxiangxiaotiane','大切片豫襄小天鹅','大切片','13938780671','许昌市襄城县岗刘238省道','active','2026-04-10 13:10:57','2026-04-10 13:10:57'),('ed4e16d937e345a5b47dd0b4bd9bf92c','sijiaqi','鲜面包聊城','鲜面包','19861933528','山东聊城','active','2026-04-10 13:20:49','2026-04-10 13:20:49');
/*!40000 ALTER TABLE `wh_supplier` ENABLE KEYS */;
UNLOCK TABLES;

--
-- Table structure for table `wh_transfer_doc`
--

DROP TABLE IF EXISTS `wh_transfer_doc`;
/*!40101 SET @saved_cs_client     = @@character_set_client */;
/*!50503 SET character_set_client = utf8mb4 */;
CREATE TABLE `wh_transfer_doc` (
  `id` varchar(32) NOT NULL COMMENT '主键ID',
  `code` varchar(50) NOT NULL COMMENT '单据编号',
  `from_warehouse_id` varchar(32) NOT NULL COMMENT '源仓库ID',
  `to_warehouse_id` varchar(32) NOT NULL COMMENT '目标仓库ID',
  `doc_date` date NOT NULL COMMENT '单据日期',
  `remark` varchar(500) DEFAULT NULL COMMENT '备注',
  `status` varchar(10) NOT NULL DEFAULT 'draft' COMMENT '状态: draft/posted/voided',
  `created_at` datetime NOT NULL DEFAULT CURRENT_TIMESTAMP COMMENT '创建时间',
  `updated_at` datetime NOT NULL DEFAULT CURRENT_TIMESTAMP ON UPDATE CURRENT_TIMESTAMP COMMENT '更新时间',
  PRIMARY KEY (`id`),
  UNIQUE KEY `uk_code` (`code`),
  KEY `idx_doc_date` (`doc_date`)
) ENGINE=InnoDB DEFAULT CHARSET=utf8mb4 COLLATE=utf8mb4_0900_ai_ci COMMENT='调拨单主表';
/*!40101 SET character_set_client = @saved_cs_client */;

--
-- Dumping data for table `wh_transfer_doc`
--

LOCK TABLES `wh_transfer_doc` WRITE;
/*!40000 ALTER TABLE `wh_transfer_doc` DISABLE KEYS */;
INSERT INTO `wh_transfer_doc` VALUES ('2d68eaa946d84e9588ba191a66f5918c','TR1776347327716','main','veh_sp_big','2026-04-15',NULL,'posted','2026-04-16 21:48:47','2026-04-16 21:48:47'),('38ac08372c8646cfb0b829b32ac1ddc2','TR1776347475279','main','veh_sp_big','2026-04-15',NULL,'posted','2026-04-16 21:51:15','2026-04-16 21:51:15'),('5ce74f14981f4a2ca5981be4dc45f72d','TR1776036791951','main','veh_sp_small','2026-04-12',NULL,'posted','2026-04-13 07:33:11','2026-04-13 07:33:11'),('9ab24de9cdf1439481653afca6ca6036','TR1776306222300','main','veh_sp_small','2026-04-15',NULL,'draft','2026-04-16 10:23:42','2026-04-16 10:23:42'),('9dd190a221f04a2f9f0b213c3f6aaa68','TR1776046482737','main','veh_sp_small','2026-04-12',NULL,'posted','2026-04-13 10:14:42','2026-04-13 10:14:42'),('9ec74a8c3dc3403fa94349b686abb5d0','TR1776051164088','main','veh_sp_small','2026-04-12',NULL,'posted','2026-04-13 11:32:44','2026-04-13 11:32:44'),('d2bbb69fafe74f139ab0a47b5d381af1','TR1775916518786','main','veh_sp_small','2026-04-10',NULL,'posted','2026-04-11 22:08:38','2026-04-11 22:08:38'),('d7ee32c154e045bbb2356c24766ec65d','TR1775921036510','main','veh_sp_small','2026-04-10',NULL,'posted','2026-04-11 23:23:56','2026-04-11 23:23:56'),('d8fbdcaf12384d7bbf84dcd0a377d530','TR1776318821856','main','veh_sp_small','2026-04-15',NULL,'posted','2026-04-16 13:53:41','2026-04-16 13:53:41'),('e2466cbaf52d429d86063476502cf9d7','TR1776300724272','main','veh_sp_small','2026-04-15',NULL,'posted','2026-04-16 08:52:04','2026-04-16 08:52:04'),('e5ea10e7007143c8b2e1b69aeb4ed650','TR1775964136532','main','veh_sp_small','2026-04-11',NULL,'posted','2026-04-12 11:22:16','2026-04-12 11:22:16'),('ea0723dcb180434998b2ad13ae24438a','TR1775972861436','main','veh_sp_small','2026-04-10',NULL,'posted','2026-04-12 13:47:41','2026-04-12 13:47:41'),('ee9d85b7035042ec8cbc72fa9c9efd10','TR1776070423037','main','veh_sp_small','2026-04-12',NULL,'posted','2026-04-13 16:53:43','2026-04-13 16:53:43'),('f05cb161ce9f49d2878f2eebe10f71f2','TR1776047164843','main','veh_sp_small','2026-04-12',NULL,'posted','2026-04-13 10:26:04','2026-04-13 10:26:04'),('f54dbc4b41834d8a846f3575c2fa282c','TR1775815721402','main','veh_sp_big','2026-04-09','大车4.10装车','posted','2026-04-10 18:08:41','2026-04-10 18:08:41');
/*!40000 ALTER TABLE `wh_transfer_doc` ENABLE KEYS */;
UNLOCK TABLES;

--
-- Table structure for table `wh_transfer_line`
--

DROP TABLE IF EXISTS `wh_transfer_line`;
/*!40101 SET @saved_cs_client     = @@character_set_client */;
/*!50503 SET character_set_client = utf8mb4 */;
CREATE TABLE `wh_transfer_line` (
  `id` varchar(32) NOT NULL COMMENT '主键ID',
  `doc_id` varchar(32) NOT NULL COMMENT '调拨单ID',
  `product_id` varchar(32) NOT NULL COMMENT '商品ID',
  `box_qty` int DEFAULT '0' COMMENT '箱数',
  `qty` int NOT NULL DEFAULT '0' COMMENT '袋数',
  PRIMARY KEY (`id`),
  KEY `idx_doc_id` (`doc_id`)
) ENGINE=InnoDB DEFAULT CHARSET=utf8mb4 COLLATE=utf8mb4_0900_ai_ci COMMENT='调拨单明细表';
/*!40101 SET character_set_client = @saved_cs_client */;

--
-- Dumping data for table `wh_transfer_line`
--

LOCK TABLES `wh_transfer_line` WRITE;
/*!40000 ALTER TABLE `wh_transfer_line` DISABLE KEYS */;
INSERT INTO `wh_transfer_line` VALUES ('001e37ece5514a49995cb545f94e1188','ea0723dcb180434998b2ad13ae24438a','8e3a6f2f07dd421bad58749618c41409',100,1500),('027cfc665d9a4971b2c042745b19ab61','ea0723dcb180434998b2ad13ae24438a','b05cf5529def48719b9cfe7a57bb5b80',100,600),('035bb174525448e1a91b6e0603826733','2d68eaa946d84e9588ba191a66f5918c','e0213a7bf1c04790ac037e20fb20680c',100,1600),('0384dbbe834c4dc8bb389d114acd45c4','e2466cbaf52d429d86063476502cf9d7','aece7f5d92174de0b758d459810ffcb1',100,1200),('03bc85f6ad444c008214bbca15cc6799','9ab24de9cdf1439481653afca6ca6036','c75e167ff4a54177a7c9fd6bb10686b1',100,3600),('09b4a6d77e694e83b22f57a3a8c5fad5','f05cb161ce9f49d2878f2eebe10f71f2','8e3a6f2f07dd421bad58749618c41409',100,1500),('0b48830e2173417cbbddc291174b6722','2d68eaa946d84e9588ba191a66f5918c','84f5a14353be44aab5d762bd086a9a2b',100,1200),('0bf5cec569bc4dd681ff8a52f9abc5b5','f05cb161ce9f49d2878f2eebe10f71f2','',0,0),('0ed68833541549d4af8a77f3946c1d7d','2d68eaa946d84e9588ba191a66f5918c','0752ebd7a81b40d883f1a82e531a5606',100,2000),('13aa7d7f06df4f4da1e20ef83ea16bb2','ea0723dcb180434998b2ad13ae24438a','b676da29b65e4f7d944794f731af9d18',100,1000),('1522e1919e724ed2bdb87a455d2617e1','ea0723dcb180434998b2ad13ae24438a','e691aa957798446eb7746f5a958833b7',100,1200),('1bda4f1363e14575ac29fbdcff2fa292','ea0723dcb180434998b2ad13ae24438a','53da4c7539644b60970085acba6781a5',100,1200),('1c88c8ce4f5b46dc9f8f09b1c948f967','2d68eaa946d84e9588ba191a66f5918c','b36351f34f14494db993f641267f36a5',100,1200),('23d3726165f04a5ca84ccc5ab48d3754','2d68eaa946d84e9588ba191a66f5918c','575f9a3958f84526a45a94f154f672ed',100,1500),('24e4bdf80cd242e1a6cb14fed6deb705','2d68eaa946d84e9588ba191a66f5918c','c75e167ff4a54177a7c9fd6bb10686b1',100,3600),('272b405e89c943f7b32a93cc1672b68c','2d68eaa946d84e9588ba191a66f5918c','243e994795ca489cb8aec60cf2bc1d97',100,1000),('27c44a3cab7f4ce791cd3bb09daed2ea','ea0723dcb180434998b2ad13ae24438a','871ef55e9c0a4d678b4da46520d9892a',100,1200),('286bbdbcd666450ebe8d88bf7a24f70d','2d68eaa946d84e9588ba191a66f5918c','aece7f5d92174de0b758d459810ffcb1',100,1200),('2a2ad69b1e8c48239a05112e3d1e2de8','2d68eaa946d84e9588ba191a66f5918c','132662dfb6f749089ab2be0d75a0e106',100,1200),('2adc02cb67c94d8a93a5de84e9f81c27','2d68eaa946d84e9588ba191a66f5918c','458bfa78512043db9bbe57871878e7fe',100,1200),('2afd6578f04e4db4b9a9d4948ff65979','38ac08372c8646cfb0b829b32ac1ddc2','cfdf35790cbf4ce5babfc77dfad113c8',50,600),('2b07b2101cbe4523a0b055534bdb8a1f','ea0723dcb180434998b2ad13ae24438a','57e9c215273641e3a67f2151c07ab337',100,2000),('2ce978f535da4e4ab9113c56812749f9','e5ea10e7007143c8b2e1b69aeb4ed650','8ae1231378cc4717987a6bb6b20dd383',0,600),('3121618581ce4ec3af73c03d68d76064','2d68eaa946d84e9588ba191a66f5918c','991d1b867e3d4c92b5723a55cb902475',100,1000),('3411b06fc4c64ab0b29d59b18925e54c','2d68eaa946d84e9588ba191a66f5918c','1ffb3e0518814cbb97388d8674aae90a',100,1200),('3453dfe6b48f4999b528e2c27fa8577f','2d68eaa946d84e9588ba191a66f5918c','e691aa957798446eb7746f5a958833b7',100,1200),('3625225035214c549ed132870628c4f9','ea0723dcb180434998b2ad13ae24438a','b36351f34f14494db993f641267f36a5',100,1200),('39182bac9ae0468a9b72269e3dbca42f','2d68eaa946d84e9588ba191a66f5918c','988f4f00e2384732845f18f22615b743',100,1500),('3984d259c92043319b644104fe919894','5ce74f14981f4a2ca5981be4dc45f72d','78e9127977ce41bca94809e78f373a89',50,600),('3a165b832eb940ad91b9d3977a23a8a4','2d68eaa946d84e9588ba191a66f5918c','3030165e94604fd48375b5402474e9b3',100,1000),('3a5673d924174cca99e78b8383dee772','9ec74a8c3dc3403fa94349b686abb5d0','dedb3818f0204a198eea338c1a74b48c',100,1500),('3ea4ffac45eb4f38a2ba794884b0c3e1','2d68eaa946d84e9588ba191a66f5918c','c4876524e53f4418be0837a94642d81f',100,1500),('3fac08af29d042f59bbd48012e591492','ea0723dcb180434998b2ad13ae24438a','8ae1231378cc4717987a6bb6b20dd383',100,1500),('4008de0123434fc5a71a6ace2bd6f3d6','ea0723dcb180434998b2ad13ae24438a','e317a13efa21456db1113bb2aeb8e5f9',100,1200),('4051ea404f05484cb74cff362e059a4a','2d68eaa946d84e9588ba191a66f5918c','94c3b4a6da884f9aac9604883866cd5b',100,1500),('478161bf330e42fa8bd6f5012f3f3841','2d68eaa946d84e9588ba191a66f5918c','2ee4a2a6df9d4caa8ce6b5e0c8a2d56d',100,1500),('48d6aa2cbdc14a6496b5bcb4354d017a','2d68eaa946d84e9588ba191a66f5918c','b05cf5529def48719b9cfe7a57bb5b80',100,600),('4c842ed3cb8141e5b8df3f15c6637211','ea0723dcb180434998b2ad13ae24438a','bdd99bce7785474a9e6b56ffc6a5903e',100,600),('4c905e822399482d8a1d77d7f2cb0055','ea0723dcb180434998b2ad13ae24438a','132662dfb6f749089ab2be0d75a0e106',100,1200),('50164cd5acfe4102b3f1c50ab81fbb53','ea0723dcb180434998b2ad13ae24438a','458bfa78512043db9bbe57871878e7fe',100,1200),('50d4a5f0c4604458925805989ba06399','2d68eaa946d84e9588ba191a66f5918c','1bbd4938f0414180b6b53bea106a3ca0',100,1500),('52e78169b6cf4626a623d54a1a927920','2d68eaa946d84e9588ba191a66f5918c','cd2dea827fcf4895a774acd8eac4d671',100,800),('55a3c1ad9204441983ce07ce72eaf3bf','ea0723dcb180434998b2ad13ae24438a','988f4f00e2384732845f18f22615b743',100,1500),('56aa9d48d23646b2bf0f42c53f5055d7','ea0723dcb180434998b2ad13ae24438a','f116ee56a4804fe2bbfc8db4d3325cc0',100,800),('5b9475c358c34c58b43b2aec1573ae4f','ea0723dcb180434998b2ad13ae24438a','2ee4a2a6df9d4caa8ce6b5e0c8a2d56d',100,1500),('5d0ebcda81d840ea80b1da9e117312bb','38ac08372c8646cfb0b829b32ac1ddc2','b87a6361b74641ffa5e413dc3ce35581',100,1200),('60f9e72d8b144463b02da1177b64b44d','2d68eaa946d84e9588ba191a66f5918c','57e9c215273641e3a67f2151c07ab337',100,2000),('661f75aa470347b1acf68dcdd56a739a','ea0723dcb180434998b2ad13ae24438a','6486accd8ec84ff79c7cdea3367b1ad8',0,0),('67ce99c92ae7426fabed489cfc9f59e1','2d68eaa946d84e9588ba191a66f5918c','053878a2ede34e459ddca41c38ac658d',100,1500),('68d276b4f0274abfa0586a3fe6ec5e75','2d68eaa946d84e9588ba191a66f5918c','0f9dd6bec55447c7b9f393af59c3c286',100,1000),('6b266df483864a768d588a4fb6fb93b8','2d68eaa946d84e9588ba191a66f5918c','53da4c7539644b60970085acba6781a5',100,1200),('715b171e1c834c26b1c15ccf31e19ebd','f54dbc4b41834d8a846f3575c2fa282c','243e994795ca489cb8aec60cf2bc1d97',0,200),('75a7ab304d72437f928af895662bafe6','2d68eaa946d84e9588ba191a66f5918c','8c49f08a935a4e7d801f7baf224adfcb',100,1200),('77e124e6541c42cfad06f66ea0c70a46','2d68eaa946d84e9588ba191a66f5918c','b676da29b65e4f7d944794f731af9d18',100,1000),('7c8cd3aea45b4be18c91ea6c35d810f0','ea0723dcb180434998b2ad13ae24438a','84f5a14353be44aab5d762bd086a9a2b',100,1200),('7f69872557ee4ecc9bb51b6a5ec85f89','ea0723dcb180434998b2ad13ae24438a','0f9dd6bec55447c7b9f393af59c3c286',100,1000),('81717a6379d44d15a5e01cb590a00443','ee9d85b7035042ec8cbc72fa9c9efd10','93962c4a47664039919691eb044c3f2c',100,1200),('8222a7c3255f43fdb93330642d284113','ea0723dcb180434998b2ad13ae24438a','fe184c1459aa4f85b98e62d42b58f6bd',100,1000),('847c1fdf64ac416e8d14558c1df2240e','d7ee32c154e045bbb2356c24766ec65d','243e994795ca489cb8aec60cf2bc1d97',50,500),('86da8462adde46ed9205da9e7db92c09','2d68eaa946d84e9588ba191a66f5918c','dedb3818f0204a198eea338c1a74b48c',100,1500),('89e2a09cb45a43acbab491dded7aa7ad','2d68eaa946d84e9588ba191a66f5918c','871ef55e9c0a4d678b4da46520d9892a',100,1200),('8b314d705a5b4a109e78571901a9a096','9dd190a221f04a2f9f0b213c3f6aaa68','705cd0f20402438588cc6469a8f0cc94',1000,10000),('8f01b0b880cd48398f798b33df04d5bd','ea0723dcb180434998b2ad13ae24438a','243e994795ca489cb8aec60cf2bc1d97',100,1000),('9290af696df843199e57088e0ba3bb8f','ea0723dcb180434998b2ad13ae24438a','575f9a3958f84526a45a94f154f672ed',100,1500),('984ea28570ac443f82f67dda4fb2a8ac','ea0723dcb180434998b2ad13ae24438a','c4876524e53f4418be0837a94642d81f',100,1500),('a1aaef2687f14a13a5af80ef0ce625a4','ea0723dcb180434998b2ad13ae24438a','900e1480a9c4482b830eed25bdd37a91',100,800),('a2e783f6f7ec4c37b57a5c932f716da3','2d68eaa946d84e9588ba191a66f5918c','58edc8d15e5f4810a414c0941222b78a',100,800),('a58426e327f64a0c8d3f8b681157173d','ea0723dcb180434998b2ad13ae24438a','1ffb3e0518814cbb97388d8674aae90a',100,1200),('a923f56b3fea4ee4b83acfe49c43b3e7','ea0723dcb180434998b2ad13ae24438a','17b677c9d851427bb9ee33040e0ee92b',100,1500),('aa116741b0e044cf835720a1cbdf34be','2d68eaa946d84e9588ba191a66f5918c','e317a13efa21456db1113bb2aeb8e5f9',100,1200),('ae0656da71c04650adfb3bb77046a0a2','2d68eaa946d84e9588ba191a66f5918c','32d4186fd29a4311aada5b21e466de91',100,1000),('b25941ecd3b7486e92ab75b6e59d780b','ee9d85b7035042ec8cbc72fa9c9efd10','b87a6361b74641ffa5e413dc3ce35581',100,1200),('b51445601cba47418f60fc49b921db21','ea0723dcb180434998b2ad13ae24438a','8c49f08a935a4e7d801f7baf224adfcb',100,1200),('b9a0ef293a5e49b8959d7463ac59aab4','2d68eaa946d84e9588ba191a66f5918c','8ae1231378cc4717987a6bb6b20dd383',100,1500),('baa7e56ce8d445bca831f6c8efe560ab','ea0723dcb180434998b2ad13ae24438a','32d4186fd29a4311aada5b21e466de91',100,1000),('bb471b00796242208b2db7d362f97f33','ea0723dcb180434998b2ad13ae24438a','4b677dc8979a425293b41c77bbe14fa8',100,1200),('bb90fe682c2543b398093a92c1bb7e49','2d68eaa946d84e9588ba191a66f5918c','fe184c1459aa4f85b98e62d42b58f6bd',100,1000),('c09d79a6d55d4db387984be0d8acd6be','ea0723dcb180434998b2ad13ae24438a','1bbd4938f0414180b6b53bea106a3ca0',100,1500),('c2cd4d1b01784a41812dda5f031a82cf','2d68eaa946d84e9588ba191a66f5918c','26f4a7ebb4ae4587a5269bd32e69fa8c',100,1000),('c2ea437a18c84ab4a6218828e65ac54f','2d68eaa946d84e9588ba191a66f5918c','900e1480a9c4482b830eed25bdd37a91',100,800),('c7ec83ede11b4c94b2680b2dfde8ba26','d2bbb69fafe74f139ab0a47b5d381af1','243e994795ca489cb8aec60cf2bc1d97',5,50),('cd93b71ae4bf4606b5c41b4ff9c3e402','2d68eaa946d84e9588ba191a66f5918c','9fe73b50b85743fb8885da5a0d208f20',100,1000),('cdda0ab571284694a9d005d5e67d4081','2d68eaa946d84e9588ba191a66f5918c','f116ee56a4804fe2bbfc8db4d3325cc0',100,800),('ce87d1fd2d4443b7a02c93043a312078','ea0723dcb180434998b2ad13ae24438a','e0213a7bf1c04790ac037e20fb20680c',100,1600),('ceeee2a2ca094531bffe9253caee8963','2d68eaa946d84e9588ba191a66f5918c','bdd99bce7785474a9e6b56ffc6a5903e',100,600),('d1497374764e48738d3095ba804f2b91','5ce74f14981f4a2ca5981be4dc45f72d','cfdf35790cbf4ce5babfc77dfad113c8',50,600),('d340edb7f47d4b0eb94efd2d2ddb7613','2d68eaa946d84e9588ba191a66f5918c','99e3f41e2a784934ad25a3c65a8c0f44',100,2400),('d43ba48ceffe4fc699b0920077cd2671','2d68eaa946d84e9588ba191a66f5918c','4b677dc8979a425293b41c77bbe14fa8',100,1200),('d5af88ee21a04819a825d93b11e086fc','ea0723dcb180434998b2ad13ae24438a','26f4a7ebb4ae4587a5269bd32e69fa8c',100,1000),('d5c56247408d426a808c9662c5b4e6b2','ea0723dcb180434998b2ad13ae24438a','99e3f41e2a784934ad25a3c65a8c0f44',100,2400),('dbc2a0687ffd4cd3b68041ed752a89e8','38ac08372c8646cfb0b829b32ac1ddc2','78e9127977ce41bca94809e78f373a89',50,600),('e0647822a8894a68bcb746e5fff72755','2d68eaa946d84e9588ba191a66f5918c','8e3a6f2f07dd421bad58749618c41409',100,1500),('e0dd46d877cf4b6699ed198ccfa013fe','ea0723dcb180434998b2ad13ae24438a','cd2dea827fcf4895a774acd8eac4d671',100,800),('edfed4d62b6345c5a808cf086683384d','ea0723dcb180434998b2ad13ae24438a','0752ebd7a81b40d883f1a82e531a5606',100,2000),('f0980330673747cebb7ceee5d0e5c06f','ea0723dcb180434998b2ad13ae24438a','053878a2ede34e459ddca41c38ac658d',100,1500),('f0e57182642649d99cf7aa493d169e1b','ea0723dcb180434998b2ad13ae24438a','3030165e94604fd48375b5402474e9b3',100,1000),('f22834a05200408c833be11ef587d272','ea0723dcb180434998b2ad13ae24438a','9fe73b50b85743fb8885da5a0d208f20',100,1000),('f438c59c7a4b438eaa68dcb13fa07ef4','d8fbdcaf12384d7bbf84dcd0a377d530','c75e167ff4a54177a7c9fd6bb10686b1',100,3600),('f7b8625464be4b5fb86c8a3ad8d11d02','2d68eaa946d84e9588ba191a66f5918c','17b677c9d851427bb9ee33040e0ee92b',100,1500),('fdf158dd064c44beb2c94d014a95f01a','ea0723dcb180434998b2ad13ae24438a','58edc8d15e5f4810a414c0941222b78a',100,800);
/*!40000 ALTER TABLE `wh_transfer_line` ENABLE KEYS */;
UNLOCK TABLES;

--
-- Table structure for table `wh_warehouse`
--

DROP TABLE IF EXISTS `wh_warehouse`;
/*!40101 SET @saved_cs_client     = @@character_set_client */;
/*!50503 SET character_set_client = utf8mb4 */;
CREATE TABLE `wh_warehouse` (
  `id` varchar(32) NOT NULL COMMENT '主键ID',
  `name` varchar(100) NOT NULL COMMENT '仓库名称',
  `type` varchar(20) NOT NULL DEFAULT 'main' COMMENT '类型: main主仓 vehicle车载',
  `salesperson_id` varchar(32) DEFAULT NULL COMMENT '业务员账户ID(车载仓)',
  `created_at` datetime NOT NULL DEFAULT CURRENT_TIMESTAMP COMMENT '创建时间',
  PRIMARY KEY (`id`),
  KEY `idx_salesperson_id` (`salesperson_id`)
) ENGINE=InnoDB DEFAULT CHARSET=utf8mb4 COLLATE=utf8mb4_0900_ai_ci COMMENT='仓库表';
/*!40101 SET character_set_client = @saved_cs_client */;

--
-- Dumping data for table `wh_warehouse`
--

LOCK TABLES `wh_warehouse` WRITE;
/*!40000 ALTER TABLE `wh_warehouse` DISABLE KEYS */;
INSERT INTO `wh_warehouse` VALUES ('main','主仓库','main',NULL,'2026-04-03 19:17:34'),('return','退货仓库','return',NULL,'2026-04-03 19:17:34'),('veh_sp_big','大车(车库)','vehicle','sp_big','2026-04-03 19:17:34'),('veh_sp_small','小车(车库)','vehicle','sp_small','2026-04-03 19:17:34'),('veh_sp_third','三车(车库)','vehicle','sp_third','2026-04-03 19:17:34');
/*!40000 ALTER TABLE `wh_warehouse` ENABLE KEYS */;
UNLOCK TABLES;
/*!40103 SET TIME_ZONE=@OLD_TIME_ZONE */;

/*!40101 SET SQL_MODE=@OLD_SQL_MODE */;
/*!40014 SET FOREIGN_KEY_CHECKS=@OLD_FOREIGN_KEY_CHECKS */;
/*!40014 SET UNIQUE_CHECKS=@OLD_UNIQUE_CHECKS */;
/*!40101 SET CHARACTER_SET_CLIENT=@OLD_CHARACTER_SET_CLIENT */;
/*!40101 SET CHARACTER_SET_RESULTS=@OLD_CHARACTER_SET_RESULTS */;
/*!40101 SET COLLATION_CONNECTION=@OLD_COLLATION_CONNECTION */;
/*!40111 SET SQL_NOTES=@OLD_SQL_NOTES */;

-- Dump completed on 2026-04-17  6:47:18
