-- Auto-generated seed from apps/admin-web/src/mock/seed.ts
-- NOTE: This script truncates tables before insert.

SET NAMES utf8mb4;
SET FOREIGN_KEY_CHECKS=0;

TRUNCATE TABLE wh_sale_line;
TRUNCATE TABLE wh_sale_doc;
TRUNCATE TABLE wh_stock;
TRUNCATE TABLE wh_warehouse;
TRUNCATE TABLE wh_store;
TRUNCATE TABLE wh_employee;
TRUNCATE TABLE wh_product;
TRUNCATE TABLE wh_supplier;
TRUNCATE TABLE wh_account;

SET FOREIGN_KEY_CHECKS=1;

-- suppliers
INSERT INTO wh_supplier (id, code, name, contact, phone, status, created_at, updated_at) VALUES
('s1','GY001','旺旺食品厂','张经理','13800001111','active',NOW(),NOW()),
('s2','GY002','统一食品厂','李经理','13800002222','active',NOW(),NOW()),
('s3','GY003','康师傅饮料厂','王总','13800003333','active',NOW(),NOW());

-- products (base + extra)
INSERT INTO wh_product (id, code, name, barcode, supplier_id, unit, box_qty, shelf_days, purchase_price, sale_price, status, created_at, updated_at) VALUES
('p1','SP001','旺旺雪饼(大)',NULL,'s1','件',12,180,35,45,'active',NOW(),NOW()),
('p2','SP002','旺旺碎冰冰',NULL,'s1','件',20,365,28,38,'active',NOW(),NOW()),
('p3','SP003','统一冰红茶(500ml)',NULL,'s2','件',24,180,40,52,'active',NOW(),NOW()),
('p4','SP004','统一绿茶(500ml)',NULL,'s2','件',24,180,40,52,'active',NOW(),NOW()),
('p5','SP005','康师傅红烧牛肉面',NULL,'s3','件',12,270,55,70,'active',NOW(),NOW()),
('p6','SP006','康师傅矿泉水',NULL,'s3','件',12,720,10,15,'active',NOW(),NOW()),
('p7','SP007','旺旺仙贝(小)',NULL,'s1','件',30,180,22,30,'active',NOW(),NOW()),
('p8','SP008','统一老坛酸菜面',NULL,'s2','件',12,270,52,66,'active',NOW(),NOW()),
('p9','SP009','旺旺茉莉花茶(500ml)',NULL,'s3','件',12,90,55,70,'active',NOW(),NOW()),
('p10','SP010','统一柠檬茶(500ml)',NULL,'s1','件',20,180,19,37,'active',NOW(),NOW()),
('p11','SP011','康师傅无糖绿茶(500ml)',NULL,'s2','件',30,365,51,69,'active',NOW(),NOW()),
('p12','SP012','旺旺可乐(500ml)',NULL,'s3','件',12,540,20,30,'active',NOW(),NOW()),
('p13','SP013','统一橙汁(1L)',NULL,'s1','件',24,720,26,37,'active',NOW(),NOW()),
('p14','SP014','康师傅苹果汁(1L)',NULL,'s2','件',30,90,55,73,'active',NOW(),NOW()),
('p15','SP015','旺旺薯片(原味)',NULL,'s3','件',12,180,21,41,'active',NOW(),NOW()),
('p16','SP016','统一薯片(烧烤)',NULL,'s1','件',20,365,53,71,'active',NOW(),NOW()),
('p17','SP017','康师傅曲奇饼干',NULL,'s2','件',24,540,17,27,'active',NOW(),NOW()),
('p18','SP018','旺旺牛奶(250ml)',NULL,'s3','件',30,720,23,36,'active',NOW(),NOW()),
('p19','SP019','统一酸奶(200ml)',NULL,'s1','件',12,90,36,48,'active',NOW(),NOW()),
('p20','SP020','康师傅能量饮料(250ml)',NULL,'s2','件',20,180,27,40,'active',NOW(),NOW()),
('p21','SP021','旺旺苏打水(500ml)',NULL,'s3','件',24,365,43,56,'active',NOW(),NOW()),
('p22','SP022','统一气泡水(500ml)',NULL,'s1','件',30,540,32,46,'active',NOW(),NOW()),
('p23','SP023','康师傅咖啡饮料(300ml)',NULL,'s2','件',12,720,42,52,'active',NOW(),NOW()),
('p24','SP024','旺旺茉莉花茶(500ml)',NULL,'s3','件',20,90,31,45,'active',NOW(),NOW()),
('p25','SP025','统一柠檬茶(500ml)',NULL,'s1','件',24,180,40,51,'active',NOW(),NOW()),
('p26','SP026','康师傅无糖绿茶(500ml)',NULL,'s2','件',30,365,47,60,'active',NOW(),NOW()),
('p27','SP027','旺旺可乐(500ml)',NULL,'s3','件',12,540,24,39,'active',NOW(),NOW()),
('p28','SP028','统一橙汁(1L)',NULL,'s1','件',20,720,18,34,'active',NOW(),NOW()),
('p29','SP029','康师傅苹果汁(1L)',NULL,'s2','件',24,90,58,70,'active',NOW(),NOW()),
('p30','SP030','旺旺薯片(原味)',NULL,'s3','件',30,180,15,34,'active',NOW(),NOW()),
('p31','SP031','统一薯片(烧烤)',NULL,'s1','件',12,365,16,33,'active',NOW(),NOW());

-- employees
INSERT INTO wh_employee (id, code, name, phone, status, created_at, updated_at) VALUES
('e1','YG001','赵明','13911110001','active',NOW(),NOW()),
('e2','YG002','钱磊','13911110002','active',NOW(),NOW()),
('e3','YG003','孙丽','13911110003','active',NOW(),NOW());

-- stores (sample of 100 stores)
INSERT INTO wh_store (id, code, name, address, default_employee_id, lat, lng, scale, status, created_at, updated_at) VALUES
('st1','MD001','幸福路商超','南阳市幸福路17号','e2',32.996792,112.524421,1,'active',NOW(),NOW()),
('st2','MD002','建设路便利店','南阳市建设路91号','e3',32.993087,112.567536,1,'active',NOW(),NOW()),
('st3','MD003','人民路小卖部','南阳市人民路83号','e1',32.999425,112.546925,1,'active',NOW(),NOW()),
('st4','MD004','光明街生活馆','南阳市光明街179号','e2',33.019535,112.558179,1,'active',NOW(),NOW()),
('st5','MD005','东关大道便利店','南阳市东关大道199号','e3',33.005928,112.560706,1,'active',NOW(),NOW()),
('st6','MD006','解放路超市','南阳市解放路16号','e1',32.981168,112.503853,1,'active',NOW(),NOW()),
('st7','MD007','中州路商超','南阳市中州路112号','e2',32.999873,112.505582,1,'active',NOW(),NOW()),
('st8','MD008','滨河路便利店','南阳市滨河路137号','e3',32.993098,112.50838,1,'active',NOW(),NOW()),
('st9','MD009','工业路小卖部','南阳市工业路164号','e1',33.011924,112.50437,1,'active',NOW(),NOW()),
('st10','MD010','新华路生活馆','南阳市新华路146号','e2',33.016144,112.548555,1,'active',NOW(),NOW()),
('st11','MD011','幸福路便利店','南阳市幸福路27号','e3',33.014748,112.551902,1,'active',NOW(),NOW()),
('st12','MD012','建设路小卖部','南阳市建设路66号','e1',33.009933,112.49389,1,'active',NOW(),NOW()),
('st13','MD013','人民路生活馆','南阳市人民路124号','e2',32.975102,112.561818,1,'active',NOW(),NOW()),
('st14','MD014','光明街便利店','南阳市光明街145号','e3',33.012815,112.514723,1,'active',NOW(),NOW()),
('st15','MD015','东关大道小卖部','南阳市东关大道77号','e1',32.988528,112.518941,1,'active',NOW(),NOW()),
('st16','MD016','解放路生活馆','南阳市解放路107号','e2',32.983578,112.52694,1,'active',NOW(),NOW()),
('st17','MD017','中州路便利店','南阳市中州路152号','e3',33.017645,112.521374,1,'active',NOW(),NOW()),
('st18','MD018','滨河路小卖部','南阳市滨河路18号','e1',32.978746,112.513948,1,'active',NOW(),NOW()),
('st19','MD019','工业路生活馆','南阳市工业路147号','e2',33.012836,112.534402,1,'active',NOW(),NOW()),
('st20','MD020','新华路便利店','南阳市新华路67号','e3',33.019681,112.519542,1,'active',NOW(),NOW()),
('st21','MD021','幸福路小卖部','南阳市幸福路20号','e1',33.019208,112.547022,1,'active',NOW(),NOW()),
('st22','MD022','建设路生活馆','南阳市建设路200号','e2',33.001577,112.545541,1,'active',NOW(),NOW()),
('st23','MD023','人民路便利店','南阳市人民路4号','e3',32.981811,112.538539,1,'active',NOW(),NOW()),
('st24','MD024','光明街小卖部','南阳市光明街114号','e1',32.990591,112.528602,1,'active',NOW(),NOW()),
('st25','MD025','东关大道生活馆','南阳市东关大道196号','e2',33.018979,112.517836,1,'active',NOW(),NOW()),
('st26','MD026','解放路便利店','南阳市解放路111号','e3',32.978867,112.514413,1,'active',NOW(),NOW()),
('st27','MD027','中州路小卖部','南阳市中州路75号','e1',33.012955,112.567631,1,'active',NOW(),NOW()),
('st28','MD028','滨河路生活馆','南阳市滨河路88号','e2',33.002578,112.544853,1,'active',NOW(),NOW()),
('st29','MD029','工业路便利店','南阳市工业路69号','e3',33.01887,112.503349,1,'active',NOW(),NOW()),
('st30','MD030','新华路小卖部','南阳市新华路48号','e1',33.00757,112.514102,1,'active',NOW(),NOW()),
('st31','MD031','幸福路生活馆','南阳市幸福路39号','e2',32.976469,112.502829,1,'active',NOW(),NOW()),
('st32','MD032','建设路便利店','南阳市建设路175号','e3',32.989537,112.541403,1,'active',NOW(),NOW()),
('st33','MD033','人民路小卖部','南阳市人民路140号','e1',33.024862,112.549983,1,'active',NOW(),NOW()),
('st34','MD034','光明街生活馆','南阳市光明街161号','e2',33.026905,112.537956,1,'active',NOW(),NOW()),
('st35','MD035','东关大道便利店','南阳市东关大道91号','e3',33.023254,112.56429,1,'active',NOW(),NOW()),
('st36','MD036','解放路小卖部','南阳市解放路83号','e1',32.984227,112.542454,1,'active',NOW(),NOW()),
('st37','MD037','中州路生活馆','南阳市中州路128号','e2',33.007523,112.526115,1,'active',NOW(),NOW()),
('st38','MD038','滨河路便利店','南阳市滨河路84号','e3',32.998086,112.506416,1,'active',NOW(),NOW()),
('st39','MD039','工业路小卖部','南阳市工业路149号','e1',33.01353,112.567462,1,'active',NOW(),NOW()),
('st40','MD040','新华路生活馆','南阳市新华路185号','e2',32.995227,112.544448,1,'active',NOW(),NOW()),
('st41','MD041','幸福路便利店','南阳市幸福路59号','e3',33.017777,112.530492,1,'active',NOW(),NOW()),
('st42','MD042','建设路小卖部','南阳市建设路52号','e1',33.019126,112.539496,1,'active',NOW(),NOW()),
('st43','MD043','人民路生活馆','南阳市人民路200号','e2',32.976786,112.521777,1,'active',NOW(),NOW()),
('st44','MD044','光明街便利店','南阳市光明街60号','e3',32.974164,112.509821,1,'active',NOW(),NOW()),
('st45','MD045','东关大道小卖部','南阳市东关大道88号','e1',33.016896,112.556997,1,'active',NOW(),NOW()),
('st46','MD046','解放路生活馆','南阳市解放路186号','e2',32.985756,112.544902,1,'active',NOW(),NOW()),
('st47','MD047','中州路便利店','南阳市中州路49号','e3',33.001285,112.510838,1,'active',NOW(),NOW()),
('st48','MD048','滨河路小卖部','南阳市滨河路22号','e1',32.973959,112.515277,1,'active',NOW(),NOW()),
('st49','MD049','工业路生活馆','南阳市工业路189号','e2',32.974575,112.546116,1,'active',NOW(),NOW()),
('st50','MD050','新华路便利店','南阳市新华路110号','e3',32.999783,112.535114,1,'active',NOW(),NOW()),
('st51','MD051','幸福路小卖部','南阳市幸福路100号','e1',32.992204,112.543424,1,'active',NOW(),NOW()),
('st52','MD052','建设路生活馆','南阳市建设路71号','e2',33.022472,112.548363,1,'active',NOW(),NOW()),
('st53','MD053','人民路便利店','南阳市人民路128号','e3',33.008383,112.520366,1,'active',NOW(),NOW()),
('st54','MD054','光明街小卖部','南阳市光明街50号','e1',33.019741,112.517055,1,'active',NOW(),NOW()),
('st55','MD055','东关大道生活馆','南阳市东关大道112号','e2',33.018339,112.517622,1,'active',NOW(),NOW()),
('st56','MD056','解放路便利店','南阳市解放路164号','e3',33.020519,112.546162,1,'active',NOW(),NOW()),
('st57','MD057','中州路小卖部','南阳市中州路45号','e1',32.98214,112.53417,1,'active',NOW(),NOW()),
('st58','MD058','滨河路生活馆','南阳市滨河路27号','e2',33.006315,112.503091,1,'active',NOW(),NOW()),
('st59','MD059','工业路便利店','南阳市工业路30号','e3',33.024677,112.532077,1,'active',NOW(),NOW()),
('st60','MD060','新华路小卖部','南阳市新华路61号','e1',32.97656,112.506687,1,'active',NOW(),NOW()),
('st61','MD061','幸福路生活馆','南阳市幸福路195号','e2',32.974135,112.556504,1,'active',NOW(),NOW()),
('st62','MD062','建设路便利店','南阳市建设路172号','e3',33.012224,112.536722,1,'active',NOW(),NOW()),
('st63','MD063','人民路小卖部','南阳市人民路68号','e1',33.023047,112.547222,1,'active',NOW(),NOW()),
('st64','MD064','光明街生活馆','南阳市光明街29号','e2',32.978714,112.537178,1,'active',NOW(),NOW()),
('st65','MD065','东关大道便利店','南阳市东关大道90号','e3',33.02566,112.533583,1,'active',NOW(),NOW()),
('st66','MD066','解放路小卖部','南阳市解放路72号','e1',32.973555,112.520498,1,'active',NOW(),NOW()),
('st67','MD067','中州路生活馆','南阳市中州路108号','e2',32.983616,112.546466,1,'active',NOW(),NOW()),
('st68','MD068','滨河路便利店','南阳市滨河路93号','e3',32.984149,112.527058,1,'active',NOW(),NOW()),
('st69','MD069','工业路小卖部','南阳市工业路89号','e1',33.019055,112.55544,1,'active',NOW(),NOW()),
('st70','MD070','新华路生活馆','南阳市新华路32号','e2',33.014694,112.511562,1,'active',NOW(),NOW()),
('st71','MD071','幸福路便利店','南阳市幸福路68号','e3',33.004417,112.510567,1,'active',NOW(),NOW()),
('st72','MD072','建设路小卖部','南阳市建设路185号','e1',33.022684,112.548312,1,'active',NOW(),NOW()),
('st73','MD073','人民路生活馆','南阳市人民路154号','e2',33.002441,112.552583,1,'active',NOW(),NOW()),
('st74','MD074','光明街便利店','南阳市光明街195号','e3',33.001296,112.557918,1,'active',NOW(),NOW()),
('st75','MD075','东关大道小卖部','南阳市东关大道45号','e1',33.0106,112.567104,1,'active',NOW(),NOW()),
('st76','MD076','解放路生活馆','南阳市解放路96号','e2',32.982171,112.556777,1,'active',NOW(),NOW()),
('st77','MD077','中州路便利店','南阳市中州路58号','e3',33.012047,112.516535,1,'active',NOW(),NOW()),
('st78','MD078','滨河路小卖部','南阳市滨河路89号','e1',33.011659,112.547798,1,'active',NOW(),NOW()),
('st79','MD079','工业路生活馆','南阳市工业路136号','e2',32.994921,112.501395,1,'active',NOW(),NOW()),
('st80','MD080','新华路便利店','南阳市新华路129号','e3',33.010826,112.537338,1,'active',NOW(),NOW()),
('st81','MD081','幸福路小卖部','南阳市幸福路192号','e1',32.984456,112.515464,1,'active',NOW(),NOW()),
('st82','MD082','建设路生活馆','南阳市建设路128号','e2',33.012614,112.556239,1,'active',NOW(),NOW()),
('st83','MD083','人民路便利店','南阳市人民路43号','e3',32.987728,112.519832,1,'active',NOW(),NOW()),
('st84','MD084','光明街小卖部','南阳市光明街48号','e1',33.015747,112.554351,1,'active',NOW(),NOW()),
('st85','MD085','东关大道生活馆','南阳市东关大道101号','e2',33.015396,112.566436,1,'active',NOW(),NOW()),
('st86','MD086','解放路便利店','南阳市解放路55号','e3',32.981446,112.520665,1,'active',NOW(),NOW()),
('st87','MD087','中州路小卖部','南阳市中州路58号','e1',32.987593,112.520668,1,'active',NOW(),NOW()),
('st88','MD088','滨河路生活馆','南阳市滨河路193号','e2',33.02465,112.513082,1,'active',NOW(),NOW()),
('st89','MD089','工业路便利店','南阳市工业路177号','e3',32.999913,112.538045,1,'active',NOW(),NOW()),
('st90','MD090','新华路小卖部','南阳市新华路187号','e1',32.99373,112.524093,1,'active',NOW(),NOW()),
('st91','MD091','幸福路生活馆','南阳市幸福路106号','e2',33.023178,112.503898,1,'active',NOW(),NOW()),
('st92','MD092','建设路便利店','南阳市建设路119号','e3',32.983239,112.548875,1,'active',NOW(),NOW()),
('st93','MD093','人民路小卖部','南阳市人民路5号','e1',33.005371,112.54562,1,'active',NOW(),NOW()),
('st94','MD094','光明街生活馆','南阳市光明街151号','e2',33.015028,112.548782,1,'active',NOW(),NOW()),
('st95','MD095','东关大道便利店','南阳市东关大道169号','e3',32.980428,112.542063,1,'active',NOW(),NOW()),
('st96','MD096','解放路小卖部','南阳市解放路139号','e1',33.021255,112.54214,1,'active',NOW(),NOW()),
('st97','MD097','中州路生活馆','南阳市中州路114号','e2',33.016438,112.507851,1,'active',NOW(),NOW()),
('st98','MD098','滨河路便利店','南阳市滨河路24号','e3',33.012894,112.534186,1,'active',NOW(),NOW()),
('st99','MD099','工业路小卖部','南阳市工业路80号','e1',32.981267,112.53142,1,'active',NOW(),NOW()),
('st100','MD100','新华路生活馆','南阳市新华路35号','e2',32.989939,112.521857,1,'active',NOW(),NOW());

-- warehouses
INSERT INTO wh_warehouse (id, name, type, employee_id, created_at) VALUES
('main','主仓库','main',NULL,NOW()),
('return','退货仓库','return',NULL,NOW()),
('veh_e1','赵明(车库)','vehicle','e1',NOW()),
('veh_e2','钱磊(车库)','vehicle','e2',NOW()),
('veh_e3','孙丽(车库)','vehicle','e3',NOW());

-- stock (main + vehicles)
INSERT INTO wh_stock (warehouse_id, product_id, qty, updated_at) VALUES
('main','p1',153,NOW()),('main','p2',91,NOW()),('main','p3',175,NOW()),('main','p4',6,NOW()),('main','p5',89,NOW()),
('main','p6',184,NOW()),('main','p7',10,NOW()),('main','p8',16,NOW()),('main','p9',210,NOW()),('main','p10',21,NOW()),
('main','p11',84,NOW()),('main','p12',186,NOW()),('main','p13',111,NOW()),('main','p14',0,NOW()),('main','p15',187,NOW()),
('main','p16',113,NOW()),('main','p17',194,NOW()),('main','p18',130,NOW()),('main','p19',93,NOW()),('main','p20',6,NOW()),
('main','p21',4,NOW()),('main','p22',170,NOW()),('main','p23',128,NOW()),('main','p24',77,NOW()),('main','p25',201,NOW()),
('main','p26',1,NOW()),('main','p27',159,NOW()),('main','p28',22,NOW()),('main','p29',191,NOW()),('main','p30',81,NOW()),
('main','p31',26,NOW()),
('veh_e1','p8',30,NOW()),('veh_e1','p10',35,NOW()),('veh_e1','p1',13,NOW()),('veh_e1','p30',41,NOW()),('veh_e1','p22',43,NOW()),
('veh_e1','p11',41,NOW()),('veh_e1','p25',16,NOW()),('veh_e1','p27',40,NOW()),('veh_e1','p16',48,NOW()),('veh_e1','p18',45,NOW()),
('veh_e2','p6',54,NOW()),('veh_e2','p26',50,NOW()),('veh_e2','p2',51,NOW()),('veh_e2','p3',9,NOW()),('veh_e2','p30',36,NOW()),
('veh_e2','p27',34,NOW()),('veh_e2','p31',33,NOW()),('veh_e2','p28',31,NOW()),('veh_e2','p4',2,NOW()),('veh_e2','p9',41,NOW()),
('veh_e3','p14',45,NOW()),('veh_e3','p9',19,NOW()),('veh_e3','p7',22,NOW()),('veh_e3','p6',52,NOW()),('veh_e3','p26',50,NOW()),
('veh_e3','p25',33,NOW()),('veh_e3','p10',12,NOW()),('veh_e3','p5',16,NOW()),('veh_e3','p13',58,NOW()),('veh_e3','p12',9,NOW());

-- accounts
INSERT INTO wh_account (id, username, display_name, role, employee_id, password_hash, gesture_hash, status, created_at, updated_at) VALUES
('a_admin','admin','管理员','admin',NULL,'7045830c','43be43aa','active',NOW(),NOW()),
('a_e1','zhaoming','大车','salesperson','e1','9995b6aa','b0fab432','active',NOW(),NOW()),
('a_e2','qianlei','小车','salesperson','e2','9995b6aa','a11067e3','active',NOW(),NOW()),
('a_e3','sunli','三车','salesperson','e3','9995b6aa','534bab36','active',NOW(),NOW());

-- sale docs
INSERT INTO wh_sale_doc (id, code, employee_id, store_id, doc_date, remark, status, total_qty, total_amount, created_at, updated_at) VALUES
('sa1','SA00000001','e1','st1',DATE_SUB(CURDATE(), INTERVAL 2 DAY),'','posted',72, (24*45 + 48*52), NOW(), NOW()),
('sa2','SA00000002','e1','st1',DATE_SUB(CURDATE(), INTERVAL 5 DAY),'','posted',36, (36*45), NOW(), NOW()),
('sa3','SA00000003','e1','st2',DATE_SUB(CURDATE(), INTERVAL 3 DAY),'','posted',36, (24*52 + 12*70), NOW(), NOW()),
('sa4','SA00000004','e2','st3',DATE_SUB(CURDATE(), INTERVAL 1 DAY),'','posted',100,(80*38 + 20*52), NOW(), NOW()),
('sa5','SA00000005','e2','st4',DATE_SUB(CURDATE(), INTERVAL 7 DAY),'','posted',12, (12*15), NOW(), NOW()),
('sa6','SA00000006','e3','st5',DATE_SUB(CURDATE(), INTERVAL 4 DAY),'','posted',96, (60*30 + 36*66), NOW(), NOW());

INSERT INTO wh_sale_line (id, doc_id, product_id, qty, price, amount) VALUES
('sal1','sa1','p1',24,45,24*45),('sal2','sa1','p3',48,52,48*52),
('sal3','sa2','p1',36,45,36*45),
('sal4','sa3','p3',24,52,24*52),('sal5','sa3','p5',12,70,12*70),
('sal6','sa4','p2',80,38,80*38),('sal7','sa4','p4',20,52,20*52),
('sal8','sa5','p6',12,15,12*15),
('sal9','sa6','p7',60,30,60*30),('sal10','sa6','p8',36,66,36*66);
